content,date,doc_type,relevance,title,url
"公司简称：新华医疗
公司代码：600587
山东新华医疗器械股份有限公司2026年半年度报告
二〇二六年八月二十九日

---
## 目录

<table id='4c9547660832edfa6a4615293bb9f4b0' titleId='e25019c4-24ee-4677-b8ae-1b2d239b6a16'>
  <tr>
    <td rowspan=""3"">备查文件目录</td>
    <td>载有董事长签名的2026年半年度报告文本；</td>
  </tr>
  <tr>
    <td>载有法定代表人、主管会计工作负责人、会计机构负责人签名并盖章的会计报表；</td>
  </tr>
  <tr>
    <td>报告期内在中国证监会指定网站上公开披露的所有公司文件的正本及公告原稿。</td>
  </tr>
</table>

> Note: merged cells detected, rendered as HTML table.

---
## 下列词语具有如下含义

<table id='60d81201ce5a027c8120361a9996323a' titleId='715c6caf-0247-4567-94db-5a5b375944b3'>
  <tr>
    <td colspan=""3"">常用词语释义</td>
  </tr>
  <tr>
    <td>中国证监会</td>
    <td>指</td>
    <td>中国证券监督管理委员会</td>
  </tr>
  <tr>
    <td>公司、新华医疗</td>
    <td>指</td>
    <td>山东新华医疗器械股份有限公司</td>
  </tr>
  <tr>
    <td>山东健康</td>
    <td>指</td>
    <td>山东健康集团有限公司</td>
  </tr>
  <tr>
    <td>《公司法》</td>
    <td>指</td>
    <td>《中华人民共和国公司法》</td>
  </tr>
  <tr>
    <td>《证券法》</td>
    <td>指</td>
    <td>《中华人民共和国证券法》</td>
  </tr>
  <tr>
    <td>《公司章程》</td>
    <td>指</td>
    <td>《山东新华医疗器械股份有限公司章程》</td>
  </tr>
  <tr>
    <td>元、万元</td>
    <td>指</td>
    <td>人民币元、人民币万元</td>
  </tr>
  <tr>
    <td>众生医药</td>
    <td>指</td>
    <td>淄博众生医药有限公司</td>
  </tr>
  <tr>
    <td>长春博迅</td>
    <td>指</td>
    <td>长春博迅生物技术有限责任公司</td>
  </tr>
  <tr>
    <td>成都英德</td>
    <td>指</td>
    <td>成都英德生物医药装备技术有限公司</td>
  </tr>
  <tr>
    <td>手术器械</td>
    <td>指</td>
    <td>新华手术器械有限公司</td>
  </tr>
  <tr>
    <td>ETHK Labs Inc.</td>
    <td>指</td>
    <td>华检医疗控股有限公司</td>
  </tr>
</table>

> Note: merged cells detected, rendered as HTML table.

---
## 公司信息

| 公司的中文名称 | 山东新华医疗器械股份有限公司 |
| :-- | :-- |
| 公司的中文简称 | 新华医疗 |
| 公司的外文名称 | Shinva Medical Instrument Co.,Ltd. |
| 公司的外文名称缩写 | SHINVA |
| 公司的法定代表人 | 王玉全 |

---
## 联系人和联系方式

|  | 董事会秘书 | 证券事务代表 |
| :-- | :--: | :--: |
| 姓名 | 李财祥 | 李静 |
| 联系地址 | 山东省淄博市高新技术产业开发区新华医疗科技园 | 山东省淄博市高新技术产业开发区新华医疗科技园 |
| 电话 | 0533-3587766 | 0533-3587766 |
| 传真 | 0533-3587768 | 0533-3587768 |
| 电子信箱 | shinva@163.com | shinva@163.com |

---
## 基本情况变更简介

| 公司注册地址 | 山东省淄博市高新技术产业开发区新华医疗科技园 |
| :-- | :-- |
| 公司注册地址的历史变更情况 | 无。 |
| 公司办公地址 | 山东省淄博市高新技术产业开发区新华医疗科技园 |
| 公司办公地址的邮政编码 | 255086 |
| 公司网址 | http：//www.shinva.net |
| 电子信箱 | shinva@163.com |
| 报告期内变更情况查询索引 | 无。 |

---
## 信息披露及备置地点变更情况简介

| 公司选定的信息披露报纸名称 | 《中国证券报》、《上海证券报》 |
| :-- | :-- |
| 登载半年度报告的网站地址 | www.sse.com.cn |
| 公司半年度报告备置地点 | 公司证券部 |
| 报告期内变更情况查询索引 | 无。 |

---
六、其他有关资料
□适用√不适用
七、公司主要会计数据和财务指标
(一)主要会计数据
单位：元币种：人民币
(二)主要财务指标
公司主要会计数据和财务指标的说明
□适用√不适用
八、境内外会计准则下会计数据差异
□适用√不适用
九、非经常性损益项目和金额
√适用□不适用
单位：元币种：人民币
对公司将《公开发行证券的公司信息披露解释性公告第1号——非经常性损益》未列举的项目认定为非经常性损益项目且金额重大的，以及将《公开发行证券的公司信息披露解释性公告第1号——非经常性损益》中列举的非经常性损益项目界定为经常性损益的项目，应说明原因。
□适用√不适用
十、存在股权激励、员工持股计划的公司可选择披露扣除股份支付影响后的净利润
√适用□不适用
单位：元币种：人民币
十一、其他
□适用√不适用

---
## 主要会计数据

单位：元币种：人民币

| 主要会计数据 | 本报告期（1－6月） | 上年同期 | 本报告期比上年同期增减(%) |
| :--: | :--: | :--: | :--: |
| 营业收入 | 5,160,672,255.84 | 4,790,414,888.01 | 7.73 |
| 利润总额 | 359,461,057.56 | 454,476,869.54 | -20.91 |
| 归属于上市公司股东的净利润 | 285,277,175.78 | 385,717,607.04 | -26.04 |
| 归属于上市公司股东的扣除非经常性损益的净利润 | 263,144,555.60 | 332,742,127.52 | -20.92 |
| 经营活动产生的现金流量净额 | 264,731,632.72 | 242,751,249.85 | 9.05 |
|  | 本报告期末 | 上年度末 | 本报告期末比上年度末增减(%) |
| 归属于上市公司股东的净资产 | 7,865,019,288.24 | 7,634,042,504.40 | 3.03 |
| 总资产 | 14,944,194,630.26 | 14,819,570,255.17 | 0.84 |

---
## 主要财务指标

| 主要财务指标 | 本报告期（1－6月） | 上年同期 | 本报告期比上年同期增减(%) |
| :--: | --: | :--: | :--: |
| 基本每股收益（元／股） | 0.47 | 0.64 | -26.56 |
| 稀释每股收益（元／股） | 0.47 | 0.64 | -26.56 |
| 扣除非经常性损益后的基本每股收益（元／股） | 0.43 | 0.55 | -21.82 |
| 加权平均净资产收益率（%） | 3.68 | 4.99 | 减少1.31个百分点 |
| 扣除非经常性损益后的加权平均净资产收益率（%） | 3.39 | 4.30 | 减少0.91个百分点 |

---
## 存在股权激励、员工持股计划的公司可选择披露扣除股份支付影响后的净利润

单位：元币种：人民币

| 主要会计数据 | 本报告期（1－6月） | 上年同期 | 本期比上年同期增减(%) |
| :--: | :--: | :--: | --: |
| 扣除股份支付影响后的净利润 | 285,430,762.36 | 389,345,216.33 | -26.69 |

---
据弗若斯特沙利文数据分析，2020年至2024年，中国医疗器械总体市场规模已从7,298亿元增至9,417亿元，年复合增长率为6.6%。据沙利文数据分析，预计到2030年，中国医疗器械总体市场规模将达到16,275亿元。
据众成数科-医械云标讯MDBIDS统计，2026年上半年，我国医疗器械招投标整体市场规模同比下降12.78%，但月度走势逐月改善，5月降幅显著收窄至4%，6月同比增速转正至8%，市场回暖信号逐步显现。设备更新政策驱动下，设备更新市场规模同比增长22.12%，二季度环比增长超50%、同比增长近80%。放射治疗设备逆势高增39.83%，正电子发射断层成像设备占比提升2.23个百分点至4.67%。据众成数科统计，2026年一季度我国医疗器械出口额为148.10亿美元，同比增长7.58%，其中医用耗材出口74.82亿美元，同比增长5.97%，IVD试剂同比增速达20.13%。
2026年医疗器械行业政策体系以“高质量发展”与“全链条合规”为双主线，多维度政策密集出台，推动行业向高质量、智能化方向转型。在创新支持方面，国家药监局发布上半年医疗器械注册统计数据，2026年上半年，全国共有42款创新医疗器械通过审评正式获批上市，同期全国三类医疗器械注册总量为1,595张。2026年3月，国家药监局综合司印发《关于开展医疗器械临床创新成果转化“春雨行动”的通知》，北京、上海、广东、江西、四川等省份均已出台实施方案，形成全国性政策供给浪潮，集中资源支持医疗器械临床创新成果转化。
集采政策深化方面，2026年1月，第六批国家组织高值医用耗材集中带量采购在天津开标，共有227家企业的496个产品参与投标，最终202家企业的440个产品中选，中选率近89%，涉及市场规模约110亿元。

---
医保监管方面，2026年3月，国家药监局、国家卫健委、国家医保局三部门联合发布《关于做好后续品种实施医疗器械唯一标识工作的公告》，明确2027年6月1日起生产的全部第二类医疗器械及第一类体外诊断试剂需全面赋码，2029年6月1日起覆盖全部第一类医疗器械，届时UDI将实现对所有品类医疗器械的全覆盖。
产业生态优化方面，国家药监局发布新版《医疗器械生产质量管理规范》，将于2026年11月1日起施行，从81条扩充至132条，新增质量保证、验证与确认、委托生产与外协加工三个核心章节，强化基于风险的全过程控制理念。
国际合作层面，2026年一季度我国医疗器械出口呈现回暖势头，高端医疗器械出口占比达42%，出海结构持续向高附加值升级。国家药监局推动国内标准与国际标准同步立项，缩短转化周期；欧盟于2026年5月28日起强制实施UDI数据库填报要求，全球UDI工作持续推进，为我国医疗器械企业国际化布局提供了制度对接基础。这些政策通过加速创新、优化集采、强化智能监管、完善产业生态，为医疗器械行业高质量发展提供了系统性支撑。

---
新华医疗创建于1943年，是我党我军创建的第一家医疗器械生产企业，是中国医疗器械行业协会副会长单位，感染与控制技术专业委员会理事长单位，中国放射治疗产业技术创新战略联盟理事长单位，中国制药装备行业协会理事单位，中国医药设备工程协会理事单位。
近年来，新华医疗自觉践行创新发展理念，强力推进新旧动能转换，研制开发了全球第一台过氧乙酸低温灭菌器、国内首台高能医用电子直线加速器等高精尖产品，建成了国内首个智慧化消毒供应中心等行业创新工程，荣获了中国灭菌设备领域第一张FDA认证证书。依托山东、北京、上海三大核心基地，11大营销中心，产品辐射全国34个省（直辖市），远销150多个国家和地区，在德国、印度尼西亚等国家设立了五大海外销售中心。
公司是国家重点高新技术企业，拥有行业内第一家国家认定企业技术中心，设有“博士后科研工作站”、“先进医疗设备及器械山东省工程研究中心”等多个省级技术研发平台，每年新增重点技术创新项目百余项，荣获国家级制造业单项冠军企业，入选国务院国资委“科改标杆企业”、中国制造业企业500强、中国企业专利500强、全国质量标杆企业、省“十强”产业集群领军企业。
公司开展了包括环形加速器、智慧化消毒供应中心、内镜中心整体解决方案、智能化预灌封设备等在内的多款全新产品开发，规划布局了康复设备、智慧医院等多个新领域新赛道，同时持续深化产学研合作，在输血免疫、生物安全蒸汽灭菌器、血栓弹力图等方面积极与各大科研院所协同创新。

---
新华医疗深耕“医疗器械、制药装备”两大制造主业，适度延伸与主业协同的“医疗服务、医疗商贸”链式发展，以制造业带动发展服务业，服务业促进保障制造业。双主业布局打造核心业务抢占市场地位。

---
医疗器械板块，已形成九大配置精良、技术完备的先进产品线，涵盖感染控制、放疗及影像、手术器械及耗材、手术室整体解决方案、口腔设备及耗材、体外诊断试剂及仪器、实验室仪器及设备、透析设备及耗材、医用环保及其他领域。报告期内，医疗器械板块主要业务发展情况如下：

---
报告期内，感染控制设备及耗材产品经营规模稳步扩容，盈利质量持续优化，营业收入同比实现全面增长。
内外市场布局持续深化，增量成果落地见效。打造多个行业标杆样板项目，品牌专业形象与行业公信力大幅提升，TOP100医院对国产高端医疗设备认可度持续提升，开拓多家区域重点医疗机构新客户，落地多项百万级订单，核心产品市场渗透率持续提升。海外市场保持快速增长，稳步推进安哥拉、贝宁、俄罗斯、乌兹别克斯坦等海外智慧化整体项目落地，国际贸易产品发货额同比大幅增长，持续推动国际贸易规模高速稳健增长。
技术迭代与产品落地实现双向突破，新兴赛道培育成效显现。依托公司平台规模与成熟产品体系，康复产品、静配中心、工业环氧乙烷灭菌、全院物流机器人等产品市场认可度持续提升。多款康复类产品已在北京、浙江等多家康复领域头部医院投入试用；公司联合多家重点医疗机构开展高端导航经颅磁产品临床试用，稳步推进临床试验与数据积累，核心技术实现阶段性突破。

---
3、医疗服务板块，持续优化资源布局，凭借专业的运营管理体系及高效集约的采购服务平台，持续提升品牌竞争力和美誉度，助力公司高质量发展。
4、医疗商贸板块，新华医疗积极应对市场新格局、新变化，保持公司持续竞争力和健康发展活力，不断进行商业模式探索和创新，旨在打造国内营销、国际贸易、电子商务、商贸物流为一体的营销新格局，释放营销创效潜力，积极向新模式、新业态转变。

---
新华医疗坚定践行“国内国际双循环”新发展理念，构建起以国内大循环为主体、国内国际双循环相互促进的高质量发展格局。
为应对激烈的市场竞争，公司持续创新销售管理模式，将北京、上海等十一个区域销售中心升级为协同枢纽，建立“销售中心+经营单位”高效联动体系，形成“区域搭台、单位唱戏、协同共赢”的良性生态。国际市场布局持续优化，通过“海外建点深耕+新兴市场突破”双轮驱动革新业务模式，秉持“走出去，请进来”的国际市场开拓思路，在德国、埃及、印尼等国家设立五大海外销售中心，在白俄罗斯、埃塞俄比亚、巴西、摩洛哥等新兴市场实现重大业务突破，全球市场渗透率稳步提升。
针对不同区域特性、产品类型及行业需求，公司采用差异化销售策略：国内市场依托覆盖全国的自有销售网络与优质经销商资源，全方位拓宽产品覆盖维度，下沉至基层医疗与工业制药场景；国际市场通过打造标杆合作项目、深化与国际品牌的技术协同及“抱团出海”模式，显著提升新华医疗的全球品牌影响力与市场话语权。

---
新华医疗坚定不移地走技术创新之路，坚持科技是第一生产力、人才是第一资源、创新是第一动力，始终以技术创新驱动企业创新发展，持续塑造新动能、构建新优势。
持续优化研发组织架构，构建“技术中心+创新中心”双中心运行模式。各产品线研发组织紧跟市场需求，对形成销售的产品进行快速升级换代、工艺改进和延伸产品开发。依托研究院建设，打造以技术平台为目标的公研，以核心技术突破为宗旨的预研体系，负责CBB建设、预研以及新领域、新赛道拓展。依托人工智能技术公研平台建设，探索“AI+全场景解决方案”的创新模式，融合领域应用场景，赋能产品智慧化升级。依托创新中心探索开放式协同研发模式，通过多元化合作引进外部技术或核心团队，聚焦关键核心技术的自主创新，联合医院、高校及科研院所，打造医工交叉产研合作范式。
持续优化产品开发体系，构建“市场需求+技术创新”双轮驱动的产品开发管理模式。基于 IPD集成产品开发模式,组建跨部门的产品开发团队，通过产品开发和技术开发适当分离实现并行开发，提升研发效率。通过增量绩效管理模式激发团队创新活力，确保产品开发的市场成功和财务成功。
报告期内，公司经营模式未发生重大变化。
报告期内公司新增重要非主营业务的说明
□适用√不适用

---
公司始终把科技创新摆在发展全局的核心地位，充分发挥研发主体的创新作用，推进现有产品的技术迭代和新产品的创新研发，增强对高质量发展的引领支撑。
加大科技创新力度，推动新产品上市。一是紧扣市场需求，进一步丰富产品矩阵，拓宽应用场景，年内组织实施重点技术创新项目百余项。报告期内，医疗器械板块，推出无线一体式C 形臂X射线机、CLEAR系列血液透析器、IVC装卸载机器人、负压IVC气密检测仪、“齐乐々”系列口腔综合治疗机、超洁净药用灭菌袋、动物医疗器械清洗耗材、一次性使用结扎夹及带夹连发施夹器以及一次性使用腹腔内窥镜高频手术器械等新产品；制药装备板块，推出移动式电离过氧化氢灭菌器、药用纯蒸汽发生器、国贸型水浴灭菌器、一次性冻干盒、无菌取样瓶等新产品。二是不断培育新质生产力，打造增长新引擎，集中优势资源实现康复医疗、实验室自动化等新赛道项目落地。报告期内，成功上市四肢联动康复训练仪、上下肢主被动康复训练系统、经颅磁刺激仪、动物麻醉机、全自动微生物样本处理工作站、节律综合实验舱等多款创新产品。

---
加速人工智能创新，推动业务智慧化转型。报告期内，公司围绕“AI+设备”到“AI+场景”的赋能路径，持续推进人工智能与优势业务深度融合，提升产品竞争力和业务服务能力。一是加快“AI+设备”融合，推动产品及业务流程智慧化升级。完成融合智能摆位、影像质控、辅助诊断等功能的DR产品研发，打通“智能摆位—影像采集—质量控制—辅助诊断”检查全流程，实现10项影像质控指标自动分析、6类疾病辅助诊断以及26个人体关键点自动摆位检测，推动DR由单一设备使用向检查全流程智慧化升级；完成动物行为智能分析产品研发，推出节律综合实验舱、触屏奖赏设备等创新产品，打通“动物行为采集—行为识别—运动分析—结果评价”实验全流程，实现动物运动轨迹跟踪、行为识别与分析，推动动物实验由人工观察记录向实验流程智慧化升级。二是加快“AI+场景”融合，构建业务场景智慧“大脑”。持续加强大模型、智能体等前沿技术研发，推动人工智能向智慧医院、智慧药厂等专业业务场景延伸，加快培育AI业务增长点。面向口腔诊疗场景推出口腔AI智能体，实现口腔问题智能问答、智能病历生成等功能，并在北京大学口腔医院开展临床验证，提升口腔诊疗效率和智能化服务水平；面向医院患者服务场景，基于医学大模型导诊机器人实现智能问答、就医导诊等功能，并在多家医院开展实景测试，提升医院患者服务效率和就医体验；面向智慧药厂场景推出制药智能问数智能体，融合专业知识库与大模型技术实现自然语言智能问数、客户文档及技术手册智能问答等功能，提升药厂数据查询、知识获取和业务分析效率。

---
国家科技攻关项目进展突破。公司累计承担、参与政府科技攻关项目57项，其中国家级项目29项、省市级项目28项，在“十二五”“十三五”“十四五”期间连续三次申报承担国家重点研发计划并成功获批。报告期内，牵头承担的科技部国家重点研发计划《多模式图像引导球面放疗系统》项目已取得型式检验报告，目前已进入临床试验阶段。
“产学研医”协同创新融合。报告期内，公司瞄准医疗器械产业前沿方向，与中科院香港创新研究院、中科院上海高等研究院、清华大学、北京大学、山东大学、西安交通大学等科研院校深入合作，在机器人运动控制、电离过氧化氢灭菌等前沿技术领域取得突破进展，加速科研成果向生产力转化。

---
2、科创成果屡获荣誉，知识产权再上台阶
科技创新成果屡获荣誉奖励。报告期内，“真空衰减检漏机”入选2026年度山东省首台(套)技术装备推广应用指导目录；“智能环形加速器系统”获得山东省健康科学技术奖一等奖。截至报告期末，公司累计获得省级及以上创新奖项36项。
知识产权与注册认证取得新突破。报告期内，公司新增授权专利105项，其中发明专利16项，累计授权专利达4223项，其中发明专利370项；软件著作权登记达440项。参与发布标准181项，审定标准2项。
3、海外业务深耕提质，国际化发展迈入新阶段
公司国际化战略向“深耕区”纵深转型，医疗器械与制药装备板块协同发力，在重点市场突破、本土化网络构建及业务模式升级方面取得显著成效。医疗器械板块坚持“区域标杆+重点突破”双轮引领，集中资源突破高端医院及连锁集团，通过“一地一策”加速重点产品准入，推进海外办事处实体化运营，构建“前端营销+后端服务”本土化支持网络，以专业化代理培训赋能渠道，推动业务从单纯贸易向“产品+服务”转型，增强客户粘性。制药装备板块聚焦东南亚、中东及独联体等重点区域，以定制化项目化解决方案替代单一设备出口，推动核心产品线海外 EPC及交钥匙工程项目落地，多个战略市场实现0到1中标突破，项目交付能力得到实战验证，为后续规模化复制及国际业务从单点突破向规模发展迈进奠定坚实基础。

---
4、深化政企协同与品牌建设，市场开拓与管理提质并进
政企协同与品牌建设双轮驱动，行业影响力与荣誉资质同步提升。公司深化政企、行业平台协同联动，联合淄博市卫健委、市医养健康产业协会开展“我为企业找订单”交流活动，携手中国医疗器械行业协会组织会长工作座谈会，进一步密切与地方政府、行业机构的沟通协作。企业品牌建设成果丰硕，先后荣获“第十四届中国医院建设十佳专项工程供应商”“第十六届中国医疗行业数据调研排行榜民族品牌金榜”“山东老字号”等多项重磅荣誉；同步积极参与“山东制造鲁链优品”“山东省出口品牌企业”等重点评选。公司借力中国国际医疗器械博览会，举办全周球面智能立体定向放疗系统全球首发发布会，行业品牌影响力得到显著提升。
5、深化数字化转型与安全防护，信创布局与智能应用并进
数字化转型与信创建设协同推进，智能应用与国产化替代同步落地。报告期内，统一CRM项目在部分事业部成功落地，核心功能模块在已实施单位追加上线；AI智能体平台搭建完成，创建“新娃智多星”、“华华医械通”、“公文好帮手”三个智能体，分别应用于规章制度查询、医疗器械知识介绍及公文撰写辅助。信创方面，完成国产化网络安全设备测试验证，与ARM、 C86架构服务器厂商开展技术交流，推进服务器替代方案研究，并与算力服务器厂商沟通，储备 AI应用及智能制造场景算力支撑方案。

---
## 财务报表相关科目变动分析表

单位：元 币种：人民币

| 科目 | 本期数 | 上年同期数 | 变动比例（%） |
| :--: | :--: | :--: | :--: |
| 营业收入 | 5,160,672,255.84 | 4,790,414,888.01 | 7.73 |
| 营业成本 | 3,874,258,692.14 | 3,582,676,003.81 | 8.14 |
| 销售费用 | 411,186,980.77 | 387,744,638.85 | 6.05 |
| 管理费用 | 199,904,055.07 | 178,062,225.44 | 12.27 |
| 财务费用 | 20,886,566.36 | 14,183,904.31 | 47.26 |
| 研发费用 | 178,188,158.15 | 201,713,769.93 | -11.66 |
| 经营活动产生的现金流量净额 | 264,731,632.72 | 242,751,249.85 | 9.05 |
| 投资活动产生的现金流量净额 | -743,664,157.50 | -153,463,343.26 | 不适用 |
| 筹资活动产生的现金流量净额 | -212,701,609.71 | 33,029,521.30 | -743.97 |

---
## 重大的股权投资

单位：万元币种：人民币

| 被投资公司名称 | 主要业务 | 标的是否主营投资业务 | 投资方式 | 投资金额 | 持股比例 | 是否并表 | 报表科目（如适用） | 资金来源 | 合作方（如适用） | 投资期限（如有） | 截至资产负债表日的进展情况 | 预计收益（如有） | 本期损益影响 | 是否涉诉 | 披露日期（如有） | 披露索引（如有） |
| :--: | :--: | :--: | :--: | --: | :--: | :--: | :--: | :--: | :--: | :--: | :--: | :--: | :--: | :--: | :--: | :--: |
| 新华医疗康复产业（西安）有限公司 | 医疗器械生产、销售和租赁；智能康复机器人、康复护理设备、理疗设备等康复产品研发、制造和销售。 | 否 | 增资 | 6,000 | 100% | 是 |  | 自有资金 |  |  | 分期到位，第一期出资2,500万元已于2026年7月完成。 |  |  | 否 | 2026 年1月5日 | 详见新华医疗临2026-001、003号公告 |
| 新华医疗机器人（深圳）有限公司 | 医疗器械生产、销售和租赁；手术机器人医疗器械的研发、销售及对外合作。 | 否 | 新设 | 9,360 | 78% | 是 |  | 自有资金 |  |  | 已经完成工商登记。 |  |  | 否 | 2026 年4月30日 | 详见新华医疗临2026-015号公告 |
| 合计 | / | / | / | 15,360 | / | / | / | / | / | / | / |  |  | / | / | / |

---
## 主要控股参股公司分析

单位：万元币种：人民币

| 公司名称 | 公司类型 | 主要业务 | 注册资本 | 总资产 | 净资产 | 营业收入 | 营业利润 | 净利润 |
| :--: | :--: | :--: | :--: | :--: | :--: | :--: | --: | :--: |
| 众生医药 | 子公 司 | 一般项目：食品、医疗器械销售；食用农产品批发、零售；日用品销售；化妆品批发、零售；消毒剂销售；计算机软硬件及辅助设备批发、零售；人工智能硬件、宠物食品及用品、母婴用品等产品的批发、销售；许可项目：药品批发、零售；第三类医疗器械经营；医疗服务；中药饮片代煎服务；兽药经营；计算机信息系统安全专用产品销售；道路货物运输（不含危险货物）；食品销售。 | 2,718.00 | 48,422.57 | 5,569.83 | 51,428.67 | 187.32 | 194.54 |
| 成都英德 | 子公 司 | 生物制药发酵、反应、分离、纯化技术的研发与安装，生物制药设备、管道、电气设备、网络设备、洁净厂房的安装及自动化控制与软件的集成；工程设计、工程施工，装饰装修；机电设备安装；货物、技术、设备的进出口业务；机电工程施工总承包，电子与建筑智能化工程设计与施工。 | 10,000.00 | 91,026.12 | 10,490.04 | 36,872.75 | 82.96 | 208.35 |
| ETHK Labs Inc. | 参股 公司 | 从事临床医疗器械及诊断试剂的销售、售后服务、技术支持、维修、培训以及软件开发。 | 150万美元 | 1,478,018.08 | 1,031,313.04 | 136,041.73 |  | -18,261.13 |

---
## 主要控股参股公司分析

| 公司名称 | 报告期内取得和处置子公司方式 | 对整体生产经营和业绩的影响 |
| :--: | :--: | :--: |
| 新华医疗机器人（深圳）有限公司 | 新设 |  |

---
(一)可能面对的风险
√适用□不适用
1、并购标的企业原股东业绩补偿款兑现风险
2023年2月，公司收到最高人民法院签发的《民事判决书》［（2019）最高法民终2017号］，判决隋涌等9名自然人向公司支付成都英德业绩补偿款，公司已执行隋涌等9名自然人持有的成都英德12.16%的股权，并向法院申请冻结了隋涌等9名自然人持有的新华医疗股票，但由于被告还款能力具有较大不确定性，存在执行困难或执行时间过长等风险，公司将严格按照国家相关法律法规，采取多种措施，以保护公司合法权益。
2、市场竞争加剧风险
医疗器械行业正面临日益激烈的市场竞争风险，主要源于技术迭代加速、政策环境变化、资本驱动及医院支付端压力凸显。一方面，人工智能、手术机器人等创新技术推动行业升级，但对研发投入的要求加剧了企业分化；另一方面，集采扩围和国产替代政策已持续压缩利润空间，而医院医保控费趋严、付款周期拉长、结算流程繁琐等支付问题，进一步加剧企业现金流压力，倒逼企业优化成本管控，与此同时外资品牌通过本土化策略持续争夺下沉市场。同时，资本涌入催生大量初创企业，使得细分赛道拥挤，价格战、专利纠纷和渠道争夺频发。企业需通过技术创新、商业模式转型和全球化布局破局。
(二)其他披露事项
□适用√不适用

---
一、公司董事、高级管理人员变动情况
√适用□不适用
公司董事、高级管理人员变动的情况说明
□适用√不适用
二、利润分配或资本公积金转增预案
半年度拟定的利润分配预案、公积金转增股本预案
三、公司股权激励计划、员工持股计划或其他员工激励措施的情况及其影响
(一)相关股权激励事项已在临时公告披露且后续实施无进展或变化的
√适用□不适用
(二)临时公告未披露或有后续进展的激励情况
股权激励情况
□适用√不适用
其他说明
□适用√不适用
员工持股计划情况
□适用√不适用
其他激励措施
□适用√不适用
四、纳入环境信息依法披露企业名单的上市公司及其主要子公司的环境信息情况
√适用□不适用
其他说明
□适用√不适用
五、巩固拓展脱贫攻坚成果、乡村振兴等工作具体情况
□适用√不适用

---
## 相关股权激励事项已在临时公告披露且后续实施无进展或变化的

| 事项概述 | 查询索引 |
| :--: | :--: |
| 新华医疗第十一届董事会第二十五次会议，审议通过了《关于2021年限制性股票激励计划第三个解除限售期解除限售条件成就的议案》 | 详见新华医疗临2026-004、006号公告 |

---
## 纳入环境信息依法披露企业名单的上市公司及其主要子公司的环境信息情况

<table id='5922a624aa98154982b32a18ebe0836b' titleId='199b6cf2-8b51-407c-9175-6f7f6758ca24'>
  <tr>
    <td colspan=""2"">纳入环境信息依法披露企业名单中的企业数量（个）</td>
    <td>2</td>
  </tr>
  <tr>
    <td>序号</td>
    <td>企业名称</td>
    <td>环境信息依法披露报告的查询索引</td>
  </tr>
  <tr>
    <td>1</td>
    <td>山东新华医疗器械股份有限公司</td>
    <td>http://221.214.62.226:8090/EnvironmentDisclosure/</td>
  </tr>
  <tr>
    <td>2</td>
    <td>平阴县中医医院</td>
    <td>http://221.214.62.226:8090/EnvironmentDisclosure/</td>
  </tr>
</table>

> Note: merged cells detected, rendered as HTML table.

---
## 公司实际控制人、股东、关联方、收购人以及公司等承诺相关方在报告期内或持续到报告期内的承诺事项

<table id='098b4e4ea5105758b25bd519795aa778' titleId='91a7ec0f-1d0f-49b9-8d92-140dbafd098e'>
  <tr>
    <td>承诺背景</td>
    <td>承诺类型</td>
    <td>承诺方</td>
    <td>承诺内容</td>
    <td>承诺时间</td>
    <td>是否有履行期限</td>
    <td>承诺期限</td>
    <td>是否及时严格履行</td>
    <td>如未能及时履行应说明未完成履行的具体原因</td>
    <td>如未能及时履行应说明下一步计划</td>
  </tr>
  <tr>
    <td rowspan=""2"">收购 报告书或 权益变动报告书中所作承诺</td>
    <td>解决同业竞争</td>
    <td>山东健康</td>
    <td>除新华医疗外，山东健康在作为新华医疗直接或间接控股股东期间，目前不存在将来亦不会采取自营、控股方式直接或间接经营与新华医疗专科医疗服务相同业务，也不会协助、促使或代表第三方以任何方式直接或间接从事与新华医疗专科医疗服务业务构成同业竞争的业务；并将促使本公司控制的其他企业比照前述承诺履行不竞争的义务。</td>
    <td>2020年9月</td>
    <td>是</td>
    <td>山东健康作为新华医疗股东或关联方的整个期间</td>
    <td>是</td>
    <td></td>
    <td></td>
  </tr>
  <tr>
    <td>解决关 联交易</td>
    <td>山东健康</td>
    <td>1、不利用自身对新华医疗的控制性影响谋求与新华医疗在业务合作等方面给予优于市场第三方的权利；2、不利用自身对新华医疗控制性影响谋求与新华医疗达成交易的优先权利；3、不以低于市场价格的条件与新华医疗进行交易，亦不利用该类交易从事任何损害新华医疗利益的行为；4、杜绝一切非法占用新华医疗资金、资产的行为在任何情况下，不要求新华医疗向本公司及其关联方提供违规担保。</td>
    <td>2020年9月</td>
    <td>是</td>
    <td>山东健康作为新华医疗股东或关联方的整个期间</td>
    <td>是</td>
    <td></td>
    <td></td>
  </tr>
  <tr>
    <td>与再融资相关 的承 诺</td>
    <td>解决同业竞争</td>
    <td>山东健康</td>
    <td>一、就山东国欣颐养集团药业有限公司、山东万通药业有限公司与新华医疗存在的部分业务重合情况，根据现行法律法规和相关政策的要求，本公司将自本函生效之日起5年内，并力争用更短的时间，按照相关监管部门的要求，在符合届时适用的法律法规及相关监管规则的前提下，本着有利于上市公司发展和维护股东利益尤其是中小股东利益的原则，综合运用资产重组、业务调整等多种方式，稳妥推进相关业务整合以解决同业竞争问题。前述解决方式包括但不限于：（一）资产重组：采取现金对价或者发行股份对价等相关法律法规允许的不同方式购买资产、资产置换、资产转让（包括相关资产转让予无关联第三方）或其他可行的重组方式，对存在业务重合部分的资产进行梳理和重 组，消除部分业务重合的情形；（二）业务调整：对业务边界进行梳理，通过资产交易（包括相关资产转让予无关联第三方）等不同方式实现业务区分，包括但不限于在业务构成、产品档次、应用领域与客户群体等方面进行区分，尽最大努力实现业务差异化经营；（三）在法律法规和相关政策允许的范围内其他可行的解决措施。上述解决措施的实施以根据相关法律法规履行必要的上市公司审议程序、证券监管部门及相关主管部门的审批程序为前提，并按相关法律法规要求履行信息披露义务。二、除新华医疗外，本公司在作为新华医疗直接或间接控股股东期间，目前不存在将来亦不会采取自营、控股方式直接或间接经营与新华医疗专科医疗服务相同业务，也不会协助、促使或代表第三方以任何方式直接或间接从事与新华医疗专科医疗服务业务构成同业竞争的业务；并将促使本公司控制的其他企业比照前述承诺履行不竞争的义务。三、除上述情形外，本公司及本公司下属企业目前不存在从事对新华医疗主营业务构成实质性竞争的业务活动；本公司及本公司下属企业未来将不采取任何行为或措施从事对新华医疗主营业务构成实质性竞争的业务活动。如本公司或本公司下属企业未来可能与新华医疗在主营业务方面发生实质性同业竞争或与新华医疗发生实质利益冲突，本公司将放弃或将促使本公司下属企业放弃可能发生实质性同业竞争或实质利益冲突的业务机会，或采取其他适当措施以逐渐消除可能发生的实质性同业竞争。</td>
    <td>2021年12月</td>
    <td>是</td>
    <td>山东健康作为新华医疗股东或关联方的整个期间</td>
    <td>是</td>
    <td></td>
    <td></td>
  </tr>
  <tr>
    <td></td>
    <td>解决关联交易</td>
    <td>山东健康</td>
    <td>一、不利用自身对新华医疗的控制性影响谋求与新华医疗在业务合作等方面给予优于市场第三方的权利；二、不利用自身对新华医疗控制性影响谋求与新华医疗达成交易的优先权利；三、不以低于市场价格的条件与新华医疗进行交易，亦不利用该类交易从事任何损害新华医疗利益的行为；四、杜绝一切非法占用新华医疗资金、资产的行为，在任何情况下，不要求新华医疗向本公司及其关联方提供违规担保。</td>
    <td>2021年12月</td>
    <td>是</td>
    <td>山东健康作为新华医疗股东或关联方的整个期间</td>
    <td>是</td>
    <td></td>
    <td></td>
  </tr>
</table>

> Note: merged cells detected, rendered as HTML table.

---
二、报告期内控股股东及其他关联方非经营性占用资金情况
□适用√不适用
三、违规担保情况
□适用√不适用
四、半年报审计情况
□适用√不适用
五、上年年度报告非标准审计意见涉及事项的变化及处理情况
□适用√不适用
六、破产重整相关事项
□适用√不适用
七、重大诉讼、仲裁事项
□本报告期公司有重大诉讼、仲裁事项√本报告期公司无重大诉讼、仲裁事项
八、上市公司及其董事、高级管理人员、控股股东、实际控制人涉嫌违法违规、受到处罚及整改情况
□适用√不适用
九、报告期内公司及其控股股东、实际控制人诚信状况的说明
√适用□不适用
报告期内，公司及控股股东、实际控制人诚信状况良好。

---
## 已在临时公告披露且后续实施无进展或变化的事项

| 事项概述 | 查询索引 |
| --: | :--: |
| 新华医疗日常关联交易公告 | 详见新华医疗临2026-019号公告 |

---
## 临时公告未披露的事项

单位：元币种：人民币

<table id='9bfaead0af2acd1a4e97a7a1f039fb77' titleId='22b04945-1be1-4b69-ba02-bb3403fc9ef1' headId='9bfaead0af2acd1a4e97a7a1f039fb77'>
  <tr>
    <td>关联交易方</td>
    <td>关联关系</td>
    <td>关联交易类型</td>
    <td>关联交易内容</td>
    <td>关联交易定价原则</td>
    <td>关联交易价格</td>
    <td>关联交易金额</td>
    <td>占同类交易金额的比例(%)</td>
    <td>关联交易结算方式</td>
    <td>市场价格</td>
    <td>交易价格与市场参考价格差异较大的原因</td>
  </tr>
  <tr>
    <td>联贸医疗用品技术（上海）有限公司</td>
    <td>其他关 联人</td>
    <td>购买商品</td>
    <td>采购商品</td>
    <td>参照市场 价格确定</td>
    <td></td>
    <td>550,276.42</td>
    <td></td>
    <td>货币资 金</td>
    <td></td>
    <td></td>
  </tr>
  <tr>
    <td>深圳高创新润医疗科技有限公司</td>
    <td>其他关 联人</td>
    <td>购买商品</td>
    <td>采购商品</td>
    <td>参照市场 价格确定</td>
    <td></td>
    <td>93,362.83</td>
    <td></td>
    <td>货币资 金</td>
    <td></td>
    <td></td>
  </tr>
  <tr>
    <td>山东新华普阳生物技术有限公司</td>
    <td>其他关 联人</td>
    <td>购买商品</td>
    <td>采购商品</td>
    <td>参照市场 价格确定</td>
    <td></td>
    <td>2,256.64</td>
    <td></td>
    <td>货币资 金</td>
    <td></td>
    <td></td>
  </tr>
  <tr>
    <td>陕西瑞生诊断试剂有限公司</td>
    <td>其他关 联人</td>
    <td>购买商品</td>
    <td>采购设备</td>
    <td>参照市场 价格确定</td>
    <td></td>
    <td>45,177.88</td>
    <td></td>
    <td>货币资 金</td>
    <td></td>
    <td></td>
  </tr>
  <tr>
    <td>山东华卫健康产业研究院有限公司</td>
    <td>其他关 联人</td>
    <td>购买商品</td>
    <td>采购设备</td>
    <td>参照市场 价格确定</td>
    <td></td>
    <td>2,912.62</td>
    <td></td>
    <td>货币资 金</td>
    <td></td>
    <td></td>
  </tr>
  <tr>
    <td>山东华卫健康产业研究院有限公司</td>
    <td>其他关 联人</td>
    <td>其他流入</td>
    <td>其他</td>
    <td>参照市场 价格确定</td>
    <td></td>
    <td>45,716.81</td>
    <td></td>
    <td>货币资 金</td>
    <td></td>
    <td></td>
  </tr>
  <tr>
    <td>北京同仁堂淄博药店连锁有限责任公司</td>
    <td>联营公 司</td>
    <td>销售商品</td>
    <td>销售药品</td>
    <td>参照市场 价格确定</td>
    <td></td>
    <td>436,327.39</td>
    <td></td>
    <td>货币资 金</td>
    <td></td>
    <td></td>
  </tr>
  <tr>
    <td>威海新华医疗器械有限公司</td>
    <td>其他关 联人</td>
    <td>销售商品</td>
    <td>销售器 械、耗材</td>
    <td>参照市场 价格确定</td>
    <td></td>
    <td>120,502.65</td>
    <td></td>
    <td>货币资 金</td>
    <td></td>
    <td></td>
  </tr>
  <tr>
    <td>山东新华健康产业有限公司</td>
    <td>合营公 司</td>
    <td>销售商品</td>
    <td>销售器 械、耗材</td>
    <td>参照市场 价格确定</td>
    <td></td>
    <td>85,648.70</td>
    <td></td>
    <td>货币资 金</td>
    <td></td>
    <td></td>
  </tr>
  <tr>
    <td>山东健宝医疗服务有限公司</td>
    <td>其他关 联人</td>
    <td>销售商品</td>
    <td>销售器 械、耗材</td>
    <td>参照市场 价格确定</td>
    <td></td>
    <td>83,683.18</td>
    <td></td>
    <td>货币资 金</td>
    <td></td>
    <td></td>
  </tr>
  <tr>
    <td>上海聚力康灭菌技术有限公司</td>
    <td>参股子 公司</td>
    <td>销售商品</td>
    <td>销售器 械、耗材</td>
    <td>参照市场 价格确定</td>
    <td></td>
    <td>72,823.03</td>
    <td></td>
    <td>货币资 金</td>
    <td></td>
    <td></td>
  </tr>
  <tr>
    <td>佛山禅成聚力康医疗消毒供应有限公司</td>
    <td>其他关 联人</td>
    <td>销售商品</td>
    <td>销售器 械、耗材</td>
    <td>参照市场 价格确定</td>
    <td></td>
    <td>36,983.92</td>
    <td></td>
    <td>货币资 金</td>
    <td></td>
    <td></td>
  </tr>
  <tr>
    <td>云南华玲医疗科技有限公司</td>
    <td>其他关 联人</td>
    <td>销售商品</td>
    <td>销售器 械、耗材</td>
    <td>参照市场 价格确定</td>
    <td></td>
    <td>21,345.14</td>
    <td></td>
    <td>货币资 金</td>
    <td></td>
    <td></td>
  </tr>
  <tr>
    <td>驻马店聚力康医疗灭菌服务有限公司</td>
    <td>其他关 联人</td>
    <td>销售商品</td>
    <td>销售器 械、耗材</td>
    <td>参照市场 价格确定</td>
    <td></td>
    <td>19,921.69</td>
    <td></td>
    <td>货币资 金</td>
    <td></td>
    <td></td>
  </tr>
  <tr>
    <td>威士达医疗设备（上海）有限公司</td>
    <td>其他关 联人</td>
    <td>销售商品</td>
    <td>销售器 械、耗材</td>
    <td>参照市场 价格确定</td>
    <td></td>
    <td>14,230.07</td>
    <td></td>
    <td>货币资 金</td>
    <td></td>
    <td></td>
  </tr>
  <tr>
    <td>厦门市聚力康灭菌技术有限公司</td>
    <td>其他关 联人</td>
    <td>销售商品</td>
    <td>销售器 械、耗材</td>
    <td>参照市场 价格确定</td>
    <td></td>
    <td>11,923.09</td>
    <td></td>
    <td>货币资 金</td>
    <td></td>
    <td></td>
  </tr>
  <tr>
    <td>南阳聚力康灭菌技术有限公司</td>
    <td>其他关 联人</td>
    <td>销售商品</td>
    <td>销售器 械、耗材</td>
    <td>参照市场 价格确定</td>
    <td></td>
    <td>9,823.01</td>
    <td></td>
    <td>货币资 金</td>
    <td></td>
    <td></td>
  </tr>
  <tr>
    <td>合肥市聚力康灭菌技术有限公司</td>
    <td>其他关 联人</td>
    <td>销售商品</td>
    <td>销售器 械、耗材</td>
    <td>参照市场 价格确定</td>
    <td></td>
    <td>8,844.55</td>
    <td></td>
    <td>货币资 金</td>
    <td></td>
    <td></td>
  </tr>
  <tr>
    <td>山东华卫健康产业研究院有限公司</td>
    <td>其他关 联人</td>
    <td>销售商品</td>
    <td>销售设 备、耗材</td>
    <td>参照市场 价格确定</td>
    <td></td>
    <td>1,170.80</td>
    <td></td>
    <td>货币资 金</td>
    <td></td>
    <td></td>
  </tr>
  <tr>
    <td>山东高新医疗器械创新中心有限公司</td>
    <td>联营公 司</td>
    <td>销售商品</td>
    <td>销售设 备、耗材</td>
    <td>参照市场 价格确定</td>
    <td></td>
    <td>884.96</td>
    <td></td>
    <td>货币资 金</td>
    <td></td>
    <td></td>
  </tr>
  <tr>
    <td>深圳高创新润医疗科技有限公司</td>
    <td>其他关 联人</td>
    <td>销售商品</td>
    <td>销售设 备、耗材</td>
    <td>参照市场 价格确定</td>
    <td></td>
    <td>5,333,628.32</td>
    <td></td>
    <td>货币资 金</td>
    <td></td>
    <td></td>
  </tr>
  <tr>
    <td>上海聚力康灭菌技术有限公司</td>
    <td>其他关 联人</td>
    <td>销售商品</td>
    <td>销售设 备、耗材</td>
    <td>参照市场 价格确定</td>
    <td></td>
    <td>637,779.30</td>
    <td></td>
    <td>货币资 金</td>
    <td></td>
    <td></td>
  </tr>
  <tr>
    <td>山东新华健康产业有限公司</td>
    <td>合营公 司</td>
    <td>销售商品</td>
    <td>销售设 备、耗材</td>
    <td>参照市场 价格确定</td>
    <td></td>
    <td>325,448.67</td>
    <td></td>
    <td>货币资 金</td>
    <td></td>
    <td></td>
  </tr>
  <tr>
    <td>云南华玲医疗科技有限公司</td>
    <td>其他关 联人</td>
    <td>销售商品</td>
    <td>销售设 备、耗材</td>
    <td>参照市场 价格确定</td>
    <td></td>
    <td>183,338.02</td>
    <td></td>
    <td>货币资 金</td>
    <td></td>
    <td></td>
  </tr>
  <tr>
    <td>佛山禅成聚力康医疗消毒供应有限公司</td>
    <td>其他关 联人</td>
    <td>销售商品</td>
    <td>销售设 备、耗材</td>
    <td>参照市场 价格确定</td>
    <td></td>
    <td>86,247.79</td>
    <td></td>
    <td>货币资 金</td>
    <td></td>
    <td></td>
  </tr>
  <tr>
    <td>山东省文登整骨烟台医院有限公司</td>
    <td>联营公 司</td>
    <td>销售商品</td>
    <td>销售设 备、耗材</td>
    <td>参照市场 价格确定</td>
    <td></td>
    <td>24,564.59</td>
    <td></td>
    <td>货币资 金</td>
    <td></td>
    <td></td>
  </tr>
  <tr>
    <td>山东高新医疗器械创新中心有限公司</td>
    <td>联营公 司</td>
    <td>销售商品</td>
    <td>销售设 备、耗材</td>
    <td>参照市场 价格确定</td>
    <td></td>
    <td>3,130.97</td>
    <td></td>
    <td>货币资 金</td>
    <td></td>
    <td></td>
  </tr>
  <tr>
    <td>山东华卫健康产业有限公司</td>
    <td>其他关 联人</td>
    <td>销售商品</td>
    <td>销售设 备、耗材</td>
    <td>参照市场 价格确定</td>
    <td></td>
    <td>1,787.61</td>
    <td></td>
    <td>货币资 金</td>
    <td></td>
    <td></td>
  </tr>
  <tr>
    <td>山东高创迈科自控技术有限公司</td>
    <td>其他关联人</td>
    <td>销售商品</td>
    <td>销售设 备、耗材</td>
    <td>参照市场 价格确定</td>
    <td></td>
    <td>1,500.00</td>
    <td></td>
    <td>货币资 金</td>
    <td></td>
    <td></td>
  </tr>
  <tr>
    <td>山东新华联合骨科器材股份有限公司</td>
    <td>联营公司</td>
    <td>销售商品</td>
    <td>销售设 备、耗材</td>
    <td>参照市场价格确定</td>
    <td></td>
    <td>897.35</td>
    <td></td>
    <td>货币资 金</td>
    <td></td>
    <td></td>
  </tr>
  <tr>
    <td>山东新华联合骨科器材股份有限公司</td>
    <td>联营公司</td>
    <td>其它流出</td>
    <td>其他</td>
    <td>参照市场 价格确定</td>
    <td></td>
    <td>442.48</td>
    <td></td>
    <td>货币资 金</td>
    <td></td>
    <td></td>
  </tr>
  <tr>
    <td colspan=""4"">合计</td>
    <td>/</td>
    <td>/</td>
    <td>8,262,580.48</td>
    <td></td>
    <td>/</td>
    <td>/</td>
    <td>/</td>
  </tr>
  <tr>
    <td colspan=""5"">大额销货退回的详细情况</td>
    <td colspan=""6"">无。</td>
  </tr>
  <tr>
    <td colspan=""5"">关联交易的说明</td>
    <td colspan=""6"">无。</td>
  </tr>
</table>

> Note: merged cells detected, rendered as HTML table.

---
## 临时公告未披露的事项

单位：万元币种：人民币

<table id='e5200b3394838cd19422664bd991c2f5' titleId='02d59198-531a-4bf4-9417-f0816c292a4a' headId='e5200b3394838cd19422664bd991c2f5'>
  <tr>
    <td rowspan=""2"">关联方</td>
    <td rowspan=""2"">关联关系</td>
    <td colspan=""3"">向关联方提供资金</td>
    <td colspan=""3"">关联方向上市公司提供资金</td>
  </tr>
  <tr>
    <td>期初余额</td>
    <td>发生额</td>
    <td>期末余额</td>
    <td>期初余额</td>
    <td>发生额</td>
    <td>期末余额</td>
  </tr>
  <tr>
    <td>湘阴县华雅医院有限公司</td>
    <td>联营公司</td>
    <td>836.88</td>
    <td></td>
    <td>836.88</td>
    <td></td>
    <td></td>
    <td></td>
  </tr>
  <tr>
    <td colspan=""2"">合计</td>
    <td>836.88</td>
    <td></td>
    <td>836.88</td>
    <td></td>
    <td></td>
    <td></td>
  </tr>
  <tr>
    <td colspan=""2"">关联债权债务形成原因</td>
    <td colspan=""6"">无。</td>
  </tr>
  <tr>
    <td colspan=""2"">关联债权债务对公司经营成果及财务状况的影响</td>
    <td colspan=""6"">无。</td>
  </tr>
</table>

> Note: merged cells detected, rendered as HTML table.

---
## 租赁情况

单位：元币种：人民币

| 出租方名称 | 租赁方名称 | 租赁资产情况 | 租赁资产涉及金额 | 租赁起始日 | 租赁终止日 | 租赁收益 | 租赁收益确定依据 | 租赁收益对公司影响 | 是否关联交易 | 关联关系 |
| :-- | :--: | :--: | :--: | --: | :--: | :--: | :--: | :--: | :-- | :--: |
| 上海新华泰康生物技术有限公司 | 威士达医疗设备（上海有限公司 | 房屋）租赁 |  | 2018年1月1日 | 2027年3月31日 | 1,698,316.45 | 市场价 |  | 是 | 参股子公司 |
| 新华医疗 | 上海脉全医疗器械有限公司 | 房屋租赁 |  | 2025年1月1日 | 2025 年12月31日 | 480,366.07 | 市场价 |  | 是 | 参股子公司 |
| 新华手术器械有限公司 | 山东新华健康产业有限公司 | 设备租赁 |  | 2023年1月1日 | 2027 年12月31日 | 159,292.04 | 市场价 |  | 是 | 参股子公司 |

---
## 报告期内履行的及尚未履行完毕的重大担保情况

单位：万元币种：人民币

<table id='ee340988787dd5740a4729eaf481c755' titleId='e0223ad9-38d7-4bb5-ade8-d0fadd7f81df' headId='ee340988787dd5740a4729eaf481c755'>
  <tr>
    <td colspan=""2"">公司对外担保情况（不包括对子公司的担保）</td>
  </tr>
  <tr>
    <td>报告期内担保发生额合计（不包括对子公司的担保）</td>
    <td>0</td>
  </tr>
  <tr>
    <td>报告期末担保余额合计（A）（不包括对子公司的担保）</td>
    <td>0</td>
  </tr>
  <tr>
    <td colspan=""2"">公司对子公司的担保情况</td>
  </tr>
  <tr>
    <td>报告期内对子公司担保发生额合计</td>
    <td>36,230.27</td>
  </tr>
  <tr>
    <td>报告期末对子公司担保余额合计（B）</td>
    <td>69,311.10</td>
  </tr>
  <tr>
    <td colspan=""2"">公司担保总额情况（包括对子公司的担保）</td>
  </tr>
  <tr>
    <td>担保总额（A+B）</td>
    <td>69,311.10</td>
  </tr>
  <tr>
    <td>担保总额占公司净资产的比例(%)</td>
    <td>8.47</td>
  </tr>
  <tr>
    <td colspan=""2"">其中：</td>
  </tr>
  <tr>
    <td>为股东、实际控制人及其关联方提供担保的金额（C）</td>
    <td>0</td>
  </tr>
  <tr>
    <td>直接或间接为资产负债率超过70%的被担保对象提供的债务担保金额（D）</td>
    <td>59,533.10</td>
  </tr>
  <tr>
    <td>担保总额超过净资产50%部分的金额（E）</td>
    <td>0</td>
  </tr>
  <tr>
    <td>上述三项担保金额合计（C+D+E）</td>
    <td>59,533.10</td>
  </tr>
  <tr>
    <td>未到期担保可能承担连带清偿责任说明</td>
    <td>无。</td>
  </tr>
  <tr>
    <td>担保情况说明</td>
    <td>无。</td>
  </tr>
</table>

> Note: merged cells detected, rendered as HTML table.

---
## 募集资金整体使用情况

单位：万元

| 募集资金来源 | 募集资金到位时间 | 募集资金总额 | 募集资金净额（1） | 招股书或募集说明书中募集资金承诺投资总额（2） | 超募资金总额（3）=（1）-（2） | 截至报告期末累计投入募集资金总额（4） | 其中：截至报告期末超募资金累计投入总额（5） | 截至报告期末募集资金累计投入进度（%）(6)＝(4)/(1) | 截至报告期末超募资金累计投入进度（%）(7)＝(5)/(3) | 本年度投入金额（8） | 本年度投入金额占比（%）（9）=(8)/(1) | 变更用途的募集资金总额 |
| :--: | :--: | :--: | :--: | :--: | :--: | :-- | :--: | :--: | :--: | :-- | :--: | :--: |
| 向特定对象发行股票 | 2023年2月14日 | 128,356.43 | 127,623.89 | 127,623.89 |  | 119,750.15 |  | 93.83 | 0 | 276.92 | 0.22 | 0 |
| 合计 | / | 128,356.43 | 127,623.89 | 127,623.89 |  | 119,750.15 |  | / | / | 276.92 | / |  |

---
## 募集资金明细使用情况

单位：万元

| 募集资金来源 | 项目名称 | 项目性质 | 是否为招股书或者募集说明书中的承诺投资项目 | 是否涉及变更投向 | 募集资金计划投资总额(1) | 本年投入金额 | 截至报告期末累计投入募集资金总额（2） | 截至报告期末累计投入进度（%）(3)＝(2)/(1) | 项目达到预定可使用状态日期 | 是否已结项 | 投入进度是否符合计划的进度 | 投入进度未达计划的具体原因 | 本年实现的效益 | 本项目已实现的效益或者研发成果 | 项目可行性是否发生重大变化，如是，请说明具体情况 | 节余金额 |
| :--: | :--: | :--: | :--: | :--: | :--: | --: | :--: | :--: | :--: | --: | :--: | :--: | :--: | :--: | :--: | :--: |
| 向特定对象发行股票 | 基于柔性加工生产线的智能制造及配套项目 | 生产建设 | 是 | 否 | 28,023.81 | 0 | 28,023.81 | 100.00 | 2023年12月 | 否 | 是 | 不适用 | 不适用 |  | 否 |  |
| 向特定对象发行股票 | 高端精密微创手术器械生产扩建项目 | 生产建设 | 是 | 否 | 20,872.59 | 184.76 | 20,536.14 | 98.39 | 2024年9月 | 否 | 是 | 不适用 | 963.97 |  | 否 |  |
| 向特定对象发行股票 | 制药小容量制剂智能化生产装备产业化项目 | 生产建设 | 是 | 否 | 15,329.23 | 91.28 | 14,417.18 | 94.05 | 2024年9月 | 否 | 是 | 不适用 | 973.65 |  | 否 |  |
| 向特定对象发行股票 | 新华医疗高端医疗装备研发检验检测中心项目 | 生产建设 | 是 | 否 | 13,052.94 | 0.88 | 6,427.70 | 49.24 | 2024年9月 | 否 | 是 | 不适用 | 不适用 |  | 否 |  |
| 向特定对象发行股票 | 高性能放射治疗设备及医学影像产品产业化建设项目 | 生产建设 | 是 | 否 | 6,686.67 | 0 | 6,686.67 | 100.00 | 2024年9月 | 否 | 是 | 不适用 | 158.31 |  | 否 |  |
| 向特定对象发行股票 | 实验室系列产品产业化项目 | 生产建设 | 是 | 否 | 6,391.19 | 0 | 6,391.19 | 100.00 | 2024年9月 | 否 | 是 | 不适用1 | ,357.28 |  | 否 |  |
| 向特定对象发行股票 | 补充流动资金 | 补流还贷 | 是 | 否 | 37,267.46 | 0 | 37,267.46 | 100.00 | 不适用 | 是 | 是 | 不适用 | 不适用 |  | 否 |  |
| 合计 | / | / | / | / | 127,623.89 | 276.92 | 119,750.15 | / | / | / | / | / |  | / | / |  |

---
(一)股份变动情况表
1、股份变动情况表
单位：股
2、股份变动情况说明
√适用□不适用
2025年10月29日，公司召开第十一届董事会第二十二次会议，审议通过了《关于调整2021年限制性股票激励计划回购价格及回购数量的议案》和《关于回购注销部分限制性股票的议案》，同意公司回购并注销6名激励对象已获授但尚未解除限售的限制性股票合计33,370股。上述股份于2026年1月5日完成注销。
2026年1月30日，公司召开第十一届董事会第二十五次会议，审议通过了《关于2021年限制性股票激励计划第三个解除限售期解除限售条件成就的议案》，董事会认为公司2021年限制性股票激励计划第三个解除限售期限制性股票的解锁条件已经成就，同意公司324名激励对象所持有的共计228.2513万股限制性股票解除限售。
3、报告期后到半年报披露日期间发生股份变动对每股收益、每股净资产等财务指标的影响（如有）
□适用√不适用
4、公司认为必要或证券监管机构要求披露的其他内容
√适用□不适用
2025年5月27日至2026年5月15日，山东健康集团通过上海证券交易所交易系统以集中竞价交易方式累计增持新华医疗A股股份6,574,300股，增持金额98,948,604.33元，增持后持有新华医疗股份181,959,527股，持股比例为29.9944%。
(二)限售股份变动情况
√适用□不适用
单位：股

---
## 限售股份变动情况

单位：股

| 股东名称 | 期初限售股数 | 报告期解除限售股数 | 报告期增加限售股数 | 报告期末限售股数 | 限售原因 | 解除限售日期 |
| :--: | :--: | --: | :--: | :--: | :--: | :--: |
| 2021年限制性股票激励计划授予对象 | 2,315,883 | 2,282,513 |  |  | 股权激励取得的限售股 | 2026年2 月24日 |
| 合计 | 2,315,883 | 2,282,513 |  |  | / | / |

---
## 截至报告期末前十名股东、前十名流通股东（或无限售条件股东）持股情况表

单位：股

<table id='dfd036c4511eeb2b7ff274429b1984d2' titleId='dfd036c4511eeb2b7ff274429b1984d2' headId='dfd036c4511eeb2b7ff274429b1984d2'>
  <tr>
    <td colspan=""9"">前十名股东持股情况（不含通过转融通出借股份）</td>
  </tr>
  <tr>
    <td rowspan=""2"">股东名称（全称）</td>
    <td rowspan=""2"">报告期内增减</td>
    <td rowspan=""2"">期末持股数量</td>
    <td colspan=""2"" rowspan=""2"">比例(%)</td>
    <td rowspan=""2"">持有有限售条件股份数量</td>
    <td colspan=""2"">质押、标记或冻结情况</td>
    <td rowspan=""2"">股东性质</td>
  </tr>
  <tr>
    <td>股份状态</td>
    <td>数量</td>
  </tr>
  <tr>
    <td>山东健康集团有限公司</td>
    <td>2,710,500</td>
    <td>181,959,527</td>
    <td colspan=""2"">29.99</td>
    <td></td>
    <td>无</td>
    <td></td>
    <td>国有法人</td>
  </tr>
  <tr>
    <td>山东省国有资产投资控股有限公司</td>
    <td></td>
    <td>25,153,613</td>
    <td colspan=""2"">4.15</td>
    <td></td>
    <td>未知</td>
    <td></td>
    <td>国有法人</td>
  </tr>
  <tr>
    <td>冯国尤</td>
    <td>1,064,000</td>
    <td>6,190,800</td>
    <td colspan=""2"">1.02</td>
    <td></td>
    <td>未知</td>
    <td></td>
    <td>未知</td>
  </tr>
  <tr>
    <td>张树森</td>
    <td>1,119,300</td>
    <td>4,476,430</td>
    <td colspan=""2"">0.74</td>
    <td></td>
    <td>未知</td>
    <td></td>
    <td>未知</td>
  </tr>
  <tr>
    <td>通用技术集团投资管理有限公司</td>
    <td></td>
    <td>4,391,172</td>
    <td colspan=""2"">0.72</td>
    <td></td>
    <td>未知</td>
    <td></td>
    <td>未知</td>
  </tr>
  <tr>
    <td>香港中央结算有限公司</td>
    <td>-2,383,080</td>
    <td>4,329,743</td>
    <td colspan=""2"">0.71</td>
    <td></td>
    <td>未知</td>
    <td></td>
    <td>未知</td>
  </tr>
  <tr>
    <td>马敬娥</td>
    <td>428,500</td>
    <td>4,320,500</td>
    <td colspan=""2"">0.71</td>
    <td></td>
    <td>未知</td>
    <td></td>
    <td>未知</td>
  </tr>
  <tr>
    <td>何锡恩</td>
    <td></td>
    <td>4,118,000</td>
    <td colspan=""2"">0.68</td>
    <td></td>
    <td>未知</td>
    <td></td>
    <td>未知</td>
  </tr>
  <tr>
    <td>上海处厚私募基金管理有限公司－处厚新动能私募证券投资基金</td>
    <td>-3,670</td>
    <td>4,097,100</td>
    <td colspan=""2"">0.68</td>
    <td></td>
    <td>未知</td>
    <td></td>
    <td>未知</td>
  </tr>
  <tr>
    <td>中国工商银行股份有限公司－国联优势产业混合型证券投资基金</td>
    <td>-4,926,900</td>
    <td>3,847,841</td>
    <td colspan=""2"">0.63</td>
    <td></td>
    <td>未知</td>
    <td></td>
    <td>未知</td>
  </tr>
  <tr>
    <td colspan=""9"">前十名无限售条件股东持股情况（不含通过转融通出借股份）</td>
  </tr>
  <tr>
    <td colspan=""2"" rowspan=""2"">股东名称</td>
    <td colspan=""2"">持有无限售条件</td>
    <td colspan=""5"">股份种类及数量</td>
  </tr>
  <tr>
    <td colspan=""2"">流通股的数量</td>
    <td colspan=""3"">种类</td>
    <td colspan=""2"">数量</td>
  </tr>
  <tr>
    <td colspan=""2"">山东健康集团有限公司</td>
    <td colspan=""2"">181,959,527</td>
    <td colspan=""3"">人民币普通股</td>
    <td colspan=""2"">181,959,527</td>
  </tr>
  <tr>
    <td colspan=""2"">山东省国有资产投资控股有限公司</td>
    <td colspan=""2"">25,153,613</td>
    <td colspan=""3"">人民币普通股</td>
    <td colspan=""2"">25,153,613</td>
  </tr>
  <tr>
    <td colspan=""2"">冯国尤</td>
    <td colspan=""2"">6,190,800</td>
    <td colspan=""3"">人民币普通股</td>
    <td colspan=""2"">6,190,800</td>
  </tr>
  <tr>
    <td colspan=""2"">张树森</td>
    <td colspan=""2"">4,476,430</td>
    <td colspan=""3"">人民币普通股</td>
    <td colspan=""2"">4,476,430</td>
  </tr>
  <tr>
    <td colspan=""2"">通用技术集团投资管理有限公司</td>
    <td colspan=""2"">4,391,172</td>
    <td colspan=""3"">人民币普通股</td>
    <td colspan=""2"">4,391,172</td>
  </tr>
  <tr>
    <td colspan=""2"">香港中央结算有限公司</td>
    <td colspan=""2"">4,329,743</td>
    <td colspan=""3"">人民币普通股</td>
    <td colspan=""2"">4,329,743</td>
  </tr>
  <tr>
    <td colspan=""2"">马敬娥</td>
    <td colspan=""2"">4,320,500</td>
    <td colspan=""3"">人民币普通股</td>
    <td colspan=""2"">4,320,500</td>
  </tr>
  <tr>
    <td colspan=""2"">何锡恩</td>
    <td colspan=""2"">4,118,000</td>
    <td colspan=""3"">人民币普通股</td>
    <td colspan=""2"">4,118,000</td>
  </tr>
  <tr>
    <td colspan=""2"">上海处厚私募基金管理有限公司－处厚新动能私募证券投资基金</td>
    <td colspan=""2"">4,097,100</td>
    <td colspan=""3"">人民币普通股</td>
    <td colspan=""2"">4,097,100</td>
  </tr>
  <tr>
    <td colspan=""2"">中国工商银行股份有限公司－国联优势产业混合型证券投资基金</td>
    <td colspan=""2"">3,847,841</td>
    <td colspan=""3"">人民币普通股</td>
    <td colspan=""2"">3,847,841</td>
  </tr>
  <tr>
    <td colspan=""2"">前十名股东中回购专户情况说明</td>
    <td colspan=""7"">无。</td>
  </tr>
  <tr>
    <td colspan=""2"">上述股东委托表决权、受托表决权、放弃表决权的说明</td>
    <td colspan=""7"">无。</td>
  </tr>
  <tr>
    <td colspan=""2"">上述股东关联关系或一致行动的说明</td>
    <td colspan=""7"">公司未知前十名无限售条件股东的关联关系，也未知是否属于《上市公司股东持股变动信息披露管理办法》规定的一致行动人。</td>
  </tr>
  <tr>
    <td colspan=""2"">表决权恢复的优先股股东及持股数量的说明</td>
    <td colspan=""7"">无。</td>
  </tr>
</table>

> Note: merged cells detected, rendered as HTML table.

---
一、审计报告
□适用√不适用
二、财务报表
合并资产负债表
2026年6月30日
编制单位：山东新华医疗器械股份有限公司
单位：元币种：人民币
主管会计工作负责人：周娟娟
公司负责人：王玉全
会计机构负责人：姚海云
母公司资产负债表
2026年6月30日
编制单位：山东新华医疗器械股份有限公司
单位：元币种：人民币
主管会计工作负责人：周娟娟
公司负责人：王玉全
会计机构负责人：姚海云
合并利润表
2026年1—6月
单位：元币种：人民币
本期发生同一控制下企业合并的，被合并方在合并前实现的净利润为：0元,上期被合并方实现的净利润为： 0元。
公司负责人：王玉全
主管会计工作负责人：周娟娟
会计机构负责人：姚海云
母公司利润表
2026年1—6月
单位：元币种：人民币
公司负责人：王玉全
主管会计工作负责人：周娟娟
会计机构负责人：姚海云
合并现金流量表
2026年1—6月
单位：元币种：人民币
公司负责人：王玉全
主管会计工作负责人：周娟娟
会计机构负责人：姚海云
母公司现金流量表
2026年1—6月
单位：元币种：人民币
公司负责人：王玉全
主管会计工作负责人：周娟娟
会计机构负责人：姚海云
合并所有者权益变动表
2026年1—6月
单位：元币种：人民币
公司负责人：王玉全
主管会计工作负责人：周娟娟
会计机构负责人：姚海云
母公司所有者权益变动表
2026年1—6月
单位：元币种：人民币
公司负责人：王玉全
会计机构负责人：姚海云
主管会计工作负责人：周娟娟

---
## 合并资产负债表

2026年6月30日

编制单位：山东新华医疗器械股份有限公司

单位：元币种：人民币

<table id='41178b56316e0eb9488ed9b0d3cb9980' titleId='41178b56316e0eb9488ed9b0d3cb9980' headId='e64485f1-3d92-4c3a-823d-05cd9416906e||41178b56316e0eb9488ed9b0d3cb9980||41178b56316e0eb9488ed9b0d3cb9980'>
  <tr>
    <td>项目</td>
    <td>附注</td>
    <td>2026年6月30日</td>
    <td>2025年12月31日</td>
  </tr>
  <tr>
    <td colspan=""4"">流动资产：</td>
  </tr>
  <tr>
    <td>货币资金</td>
    <td></td>
    <td>3,104,377,572.42</td>
    <td>3,094,951,280.75</td>
  </tr>
  <tr>
    <td>结算备付金</td>
    <td></td>
    <td></td>
    <td></td>
  </tr>
  <tr>
    <td>拆出资金</td>
    <td></td>
    <td></td>
    <td></td>
  </tr>
  <tr>
    <td>交易性金融资产</td>
    <td></td>
    <td></td>
    <td></td>
  </tr>
  <tr>
    <td>衍生金融资产</td>
    <td></td>
    <td></td>
    <td></td>
  </tr>
  <tr>
    <td>应收票据</td>
    <td></td>
    <td>151,735,817.05</td>
    <td>178,933,478.35</td>
  </tr>
  <tr>
    <td>应收账款</td>
    <td></td>
    <td>2,316,828,589.92</td>
    <td>1,912,145,557.34</td>
  </tr>
  <tr>
    <td>应收款项融资</td>
    <td></td>
    <td>79,206,293.98</td>
    <td>65,187,140.55</td>
  </tr>
  <tr>
    <td>预付款项</td>
    <td></td>
    <td>250,744,843.66</td>
    <td>213,474,479.72</td>
  </tr>
  <tr>
    <td>应收保费</td>
    <td></td>
    <td></td>
    <td></td>
  </tr>
  <tr>
    <td>应收分保账款</td>
    <td></td>
    <td></td>
    <td></td>
  </tr>
  <tr>
    <td>应收分保合同准备金</td>
    <td></td>
    <td></td>
    <td></td>
  </tr>
  <tr>
    <td>其他应收款</td>
    <td></td>
    <td>346,714,989.41</td>
    <td>327,466,980.99</td>
  </tr>
  <tr>
    <td>其中：应收利息</td>
    <td></td>
    <td>909,910.36</td>
    <td>909,910.36</td>
  </tr>
  <tr>
    <td>应收股利</td>
    <td></td>
    <td></td>
    <td></td>
  </tr>
  <tr>
    <td>买入返售金融资产</td>
    <td></td>
    <td></td>
    <td></td>
  </tr>
  <tr>
    <td>存货</td>
    <td></td>
    <td>2,643,667,053.13</td>
    <td>2,903,246,965.28</td>
  </tr>
  <tr>
    <td>其中：数据资源</td>
    <td></td>
    <td></td>
    <td></td>
  </tr>
  <tr>
    <td>合同资产</td>
    <td></td>
    <td>144,193,429.13</td>
    <td>138,963,585.54</td>
  </tr>
  <tr>
    <td>持有待售资产</td>
    <td></td>
    <td></td>
    <td></td>
  </tr>
  <tr>
    <td>一年内到期的非流动资产</td>
    <td></td>
    <td>22,947,947.33</td>
    <td>15,649,816.58</td>
  </tr>
  <tr>
    <td>其他流动资产</td>
    <td></td>
    <td>47,137,750.20</td>
    <td>43,567,543.72</td>
  </tr>
  <tr>
    <td>流动资产合计</td>
    <td></td>
    <td>9,107,554,286.23</td>
    <td>8,893,586,828.82</td>
  </tr>
  <tr>
    <td colspan=""4"">非流动资产：</td>
  </tr>
  <tr>
    <td>发放贷款和垫款</td>
    <td></td>
    <td></td>
    <td></td>
  </tr>
  <tr>
    <td>债权投资</td>
    <td></td>
    <td></td>
    <td></td>
  </tr>
  <tr>
    <td>其他债权投资</td>
    <td></td>
    <td></td>
    <td></td>
  </tr>
  <tr>
    <td>长期应收款</td>
    <td></td>
    <td>3,510,118.41</td>
    <td>12,927,063.27</td>
  </tr>
  <tr>
    <td>长期股权投资</td>
    <td></td>
    <td>1,233,457,200.19</td>
    <td>1,272,339,852.75</td>
  </tr>
  <tr>
    <td>其他权益工具投资</td>
    <td></td>
    <td>4,610,015.86</td>
    <td>4,610,015.86</td>
  </tr>
  <tr>
    <td>其他非流动金融资产</td>
    <td></td>
    <td>86,053,874.39</td>
    <td>90,293,916.26</td>
  </tr>
  <tr>
    <td>投资性房地产</td>
    <td></td>
    <td>305,438,388.12</td>
    <td>309,381,731.67</td>
  </tr>
  <tr>
    <td>固定资产</td>
    <td></td>
    <td>3,135,602,923.69</td>
    <td>3,185,530,808.12</td>
  </tr>
  <tr>
    <td>在建工程</td>
    <td></td>
    <td>30,416,685.35</td>
    <td>21,066,437.86</td>
  </tr>
  <tr>
    <td>生产性生物资产</td>
    <td></td>
    <td></td>
    <td></td>
  </tr>
  <tr>
    <td>油气资产</td>
    <td></td>
    <td></td>
    <td></td>
  </tr>
  <tr>
    <td>使用权资产</td>
    <td></td>
    <td>56,059,714.56</td>
    <td>62,768,173.74</td>
  </tr>
  <tr>
    <td>无形资产</td>
    <td></td>
    <td>439,730,724.77</td>
    <td>447,202,493.38</td>
  </tr>
  <tr>
    <td>其中：数据资源</td>
    <td></td>
    <td></td>
    <td></td>
  </tr>
  <tr>
    <td>开发支出</td>
    <td></td>
    <td></td>
    <td></td>
  </tr>
  <tr>
    <td>其中：数据资源</td>
    <td></td>
    <td></td>
    <td></td>
  </tr>
  <tr>
    <td>商誉</td>
    <td></td>
    <td>242,040,699.93</td>
    <td>242,040,699.93</td>
  </tr>
  <tr>
    <td>长期待摊费用</td>
    <td></td>
    <td>123,854,600.90</td>
    <td>123,538,728.45</td>
  </tr>
  <tr>
    <td>递延所得税资产</td>
    <td></td>
    <td>128,683,706.58</td>
    <td>129,354,456.00</td>
  </tr>
  <tr>
    <td>其他非流动资产</td>
    <td></td>
    <td>47,181,691.28</td>
    <td>24,929,049.06</td>
  </tr>
  <tr>
    <td>非流动资产合计</td>
    <td></td>
    <td>5,836,640,344.03</td>
    <td>5,925,983,426.35</td>
  </tr>
  <tr>
    <td>资产总计</td>
    <td></td>
    <td>14,944,194,630.26</td>
    <td>14,819,570,255.17</td>
  </tr>
  <tr>
    <td colspan=""4"">流动负债：</td>
  </tr>
  <tr>
    <td>短期借款</td>
    <td></td>
    <td>835,441,802.39</td>
    <td>925,138,695.04</td>
  </tr>
  <tr>
    <td>向中央银行借款</td>
    <td></td>
    <td></td>
    <td></td>
  </tr>
  <tr>
    <td>拆入资金</td>
    <td></td>
    <td></td>
    <td></td>
  </tr>
  <tr>
    <td>交易性金融负债</td>
    <td></td>
    <td></td>
    <td></td>
  </tr>
  <tr>
    <td>衍生金融负债</td>
    <td></td>
    <td></td>
    <td></td>
  </tr>
  <tr>
    <td>应付票据</td>
    <td></td>
    <td>314,493,711.77</td>
    <td>194,070,287.86</td>
  </tr>
  <tr>
    <td>应付账款</td>
    <td></td>
    <td>2,479,591,550.78</td>
    <td>2,337,766,289.54</td>
  </tr>
  <tr>
    <td>预收款项</td>
    <td></td>
    <td></td>
    <td></td>
  </tr>
  <tr>
    <td>合同负债</td>
    <td></td>
    <td>1,417,554,146.51</td>
    <td>1,649,176,122.93</td>
  </tr>
  <tr>
    <td>卖出回购金融资产款</td>
    <td></td>
    <td></td>
    <td></td>
  </tr>
  <tr>
    <td>吸收存款及同业存放</td>
    <td></td>
    <td></td>
    <td></td>
  </tr>
  <tr>
    <td>代理买卖证券款</td>
    <td></td>
    <td></td>
    <td></td>
  </tr>
  <tr>
    <td>代理承销证券款</td>
    <td></td>
    <td></td>
    <td></td>
  </tr>
  <tr>
    <td>应付职工薪酬</td>
    <td></td>
    <td>228,337,474.50</td>
    <td>321,209,302.21</td>
  </tr>
  <tr>
    <td>应交税费</td>
    <td></td>
    <td>147,536,717.19</td>
    <td>87,688,856.43</td>
  </tr>
  <tr>
    <td>其他应付款</td>
    <td></td>
    <td>576,943,096.85</td>
    <td>556,535,130.27</td>
  </tr>
  <tr>
    <td>其中：应付利息</td>
    <td></td>
    <td></td>
    <td></td>
  </tr>
  <tr>
    <td>应付股利</td>
    <td></td>
    <td>5,162,731.29</td>
    <td>4,362,731.29</td>
  </tr>
  <tr>
    <td>应付手续费及佣金</td>
    <td></td>
    <td></td>
    <td></td>
  </tr>
  <tr>
    <td>应付分保账款</td>
    <td></td>
    <td></td>
    <td></td>
  </tr>
  <tr>
    <td>持有待售负债</td>
    <td></td>
    <td></td>
    <td></td>
  </tr>
  <tr>
    <td>一年内到期的非流动负债</td>
    <td></td>
    <td>63,662,300.66</td>
    <td>120,366,479.76</td>
  </tr>
  <tr>
    <td>其他流动负债</td>
    <td></td>
    <td>332,598,316.24</td>
    <td>355,534,676.12</td>
  </tr>
  <tr>
    <td>流动负债合计</td>
    <td></td>
    <td>6,396,159,116.89</td>
    <td>6,547,485,840.16</td>
  </tr>
  <tr>
    <td colspan=""4"">非流动负债：</td>
  </tr>
  <tr>
    <td>保险合同准备金</td>
    <td></td>
    <td></td>
    <td></td>
  </tr>
  <tr>
    <td>长期借款</td>
    <td></td>
    <td>131,474,445.92</td>
    <td>90,565,315.86</td>
  </tr>
  <tr>
    <td>应付债券</td>
    <td></td>
    <td></td>
    <td></td>
  </tr>
  <tr>
    <td>其中：优先股</td>
    <td></td>
    <td></td>
    <td></td>
  </tr>
  <tr>
    <td>永续债</td>
    <td></td>
    <td></td>
    <td></td>
  </tr>
  <tr>
    <td>租赁负债</td>
    <td></td>
    <td>47,480,863.67</td>
    <td>48,823,016.04</td>
  </tr>
  <tr>
    <td>长期应付款</td>
    <td></td>
    <td>1,052,859.21</td>
    <td>1,730,337.76</td>
  </tr>
  <tr>
    <td>长期应付职工薪酬</td>
    <td></td>
    <td></td>
    <td></td>
  </tr>
  <tr>
    <td>预计负债</td>
    <td></td>
    <td></td>
    <td></td>
  </tr>
  <tr>
    <td>递延收益</td>
    <td></td>
    <td>82,613,880.25</td>
    <td>77,915,480.36</td>
  </tr>
  <tr>
    <td>递延所得税负债</td>
    <td></td>
    <td>98,142,771.34</td>
    <td>95,854,356.92</td>
  </tr>
  <tr>
    <td>其他非流动负债</td>
    <td></td>
    <td></td>
    <td></td>
  </tr>
  <tr>
    <td>非流动负债合计</td>
    <td></td>
    <td>360,764,820.39</td>
    <td>314,888,506.94</td>
  </tr>
  <tr>
    <td>负债合计</td>
    <td></td>
    <td>6,756,923,937.28</td>
    <td>6,862,374,347.10</td>
  </tr>
  <tr>
    <td colspan=""4"">所有者权益（或股东权益）：</td>
  </tr>
  <tr>
    <td>实收资本（或股本）</td>
    <td></td>
    <td>606,644,549.00</td>
    <td>606,677,919.00</td>
  </tr>
  <tr>
    <td>其他权益工具</td>
    <td></td>
    <td>-73,577,993.14</td>
    <td>-73,577,993.14</td>
  </tr>
  <tr>
    <td>其中：优先股</td>
    <td></td>
    <td></td>
    <td></td>
  </tr>
  <tr>
    <td>永续债</td>
    <td></td>
    <td></td>
    <td></td>
  </tr>
  <tr>
    <td>资本公积</td>
    <td></td>
    <td>2,489,901,072.81</td>
    <td>2,497,371,897.05</td>
  </tr>
  <tr>
    <td>减：库存股</td>
    <td></td>
    <td></td>
    <td>17,743,221.78</td>
  </tr>
  <tr>
    <td>其他综合收益</td>
    <td></td>
    <td>-7,384,135.53</td>
    <td>2,847,449.87</td>
  </tr>
  <tr>
    <td>专项储备</td>
    <td></td>
    <td>61,738,884.93</td>
    <td>55,382,264.11</td>
  </tr>
  <tr>
    <td>盈余公积</td>
    <td></td>
    <td>448,513,450.61</td>
    <td>448,513,450.61</td>
  </tr>
  <tr>
    <td>一般风险准备</td>
    <td></td>
    <td></td>
    <td></td>
  </tr>
  <tr>
    <td>未分配利润</td>
    <td></td>
    <td>4,339,183,459.56</td>
    <td>4,114,570,738.68</td>
  </tr>
  <tr>
    <td>归属于母公司所有者权益（或股东权益）合计</td>
    <td></td>
    <td>7,865,019,288.24</td>
    <td>7,634,042,504.40</td>
  </tr>
  <tr>
    <td>少数股东权益</td>
    <td></td>
    <td>322,251,404.74</td>
    <td>323,153,403.67</td>
  </tr>
  <tr>
    <td>所有者权益（或股东权益）合计</td>
    <td></td>
    <td>8,187,270,692.98</td>
    <td>7,957,195,908.07</td>
  </tr>
  <tr>
    <td>负债和所有者权益（或股东权益）总计</td>
    <td></td>
    <td>14,944,194,630.26</td>
    <td>14,819,570,255.17</td>
  </tr>
</table>

> Note: merged cells detected, rendered as HTML table.

---
## 母公司资产负债表

2026年6月30日

编制单位：山东新华医疗器械股份有限公司

单位：元币种：人民币

<table id='c4608995b0845cb0d06afbe0fb322166' titleId='c4608995b0845cb0d06afbe0fb322166' headId='c4608995b0845cb0d06afbe0fb322166||c4608995b0845cb0d06afbe0fb322166||c4608995b0845cb0d06afbe0fb322166'>
  <tr>
    <td>项目</td>
    <td>附注</td>
    <td>2026年6月30日</td>
    <td>2025年12月31日</td>
  </tr>
  <tr>
    <td colspan=""4"">流动资产：</td>
  </tr>
  <tr>
    <td>货币资金</td>
    <td></td>
    <td>2,548,390,265.94</td>
    <td>2,474,371,128.22</td>
  </tr>
  <tr>
    <td>交易性金融资产</td>
    <td></td>
    <td></td>
    <td></td>
  </tr>
  <tr>
    <td>衍生金融资产</td>
    <td></td>
    <td></td>
    <td></td>
  </tr>
  <tr>
    <td>应收票据</td>
    <td></td>
    <td>58,895,547.87</td>
    <td>89,969,026.71</td>
  </tr>
  <tr>
    <td>应收账款</td>
    <td></td>
    <td>1,365,404,154.47</td>
    <td>1,030,979,636.37</td>
  </tr>
  <tr>
    <td>应收款项融资</td>
    <td></td>
    <td>26,249,205.59</td>
    <td>17,478,726.60</td>
  </tr>
  <tr>
    <td>预付款项</td>
    <td></td>
    <td>121,674,570.21</td>
    <td>70,831,691.54</td>
  </tr>
  <tr>
    <td>其他应收款</td>
    <td></td>
    <td>1,341,145,392.25</td>
    <td>1,264,087,131.68</td>
  </tr>
  <tr>
    <td>其中：应收利息</td>
    <td></td>
    <td>133,839,734.98</td>
    <td>121,776,287.68</td>
  </tr>
  <tr>
    <td>应收股利</td>
    <td></td>
    <td>341,783,287.15</td>
    <td>341,783,287.15</td>
  </tr>
  <tr>
    <td>存货</td>
    <td></td>
    <td>1,291,584,670.84</td>
    <td>1,383,312,524.29</td>
  </tr>
  <tr>
    <td>其中：数据资源</td>
    <td></td>
    <td></td>
    <td></td>
  </tr>
  <tr>
    <td>合同资产</td>
    <td></td>
    <td></td>
    <td></td>
  </tr>
  <tr>
    <td>持有待售资产</td>
    <td></td>
    <td></td>
    <td></td>
  </tr>
  <tr>
    <td>一年内到期的非流动资产</td>
    <td></td>
    <td>621,645.87</td>
    <td>649,973.81</td>
  </tr>
  <tr>
    <td>其他流动资产</td>
    <td></td>
    <td>4,841,105.04</td>
    <td>3,533,249.69</td>
  </tr>
  <tr>
    <td>流动资产合计</td>
    <td></td>
    <td>6,758,806,558.08</td>
    <td>6,335,213,088.91</td>
  </tr>
  <tr>
    <td colspan=""4"">非流动资产：</td>
  </tr>
  <tr>
    <td>债权投资</td>
    <td></td>
    <td></td>
    <td></td>
  </tr>
  <tr>
    <td>其他债权投资</td>
    <td></td>
    <td></td>
    <td></td>
  </tr>
  <tr>
    <td>长期应收款</td>
    <td></td>
    <td>3,510,118.41</td>
    <td>3,406,777.37</td>
  </tr>
  <tr>
    <td>长期股权投资</td>
    <td></td>
    <td>2,858,955,111.42</td>
    <td>2,850,857,555.33</td>
  </tr>
  <tr>
    <td>其他权益工具投资</td>
    <td></td>
    <td>1,443,416.11</td>
    <td>1,443,416.11</td>
  </tr>
  <tr>
    <td>其他非流动金融资产</td>
    <td></td>
    <td>43,023,445.71</td>
    <td>47,263,487.58</td>
  </tr>
  <tr>
    <td>投资性房地产</td>
    <td></td>
    <td>236,559,373.97</td>
    <td>240,203,847.05</td>
  </tr>
  <tr>
    <td>固定资产</td>
    <td></td>
    <td>1,697,192,377.38</td>
    <td>1,726,902,969.28</td>
  </tr>
  <tr>
    <td>在建工程</td>
    <td></td>
    <td>17,293,160.87</td>
    <td>9,956,672.29</td>
  </tr>
  <tr>
    <td>生产性生物资产</td>
    <td></td>
    <td></td>
    <td></td>
  </tr>
  <tr>
    <td>油气资产</td>
    <td></td>
    <td></td>
    <td></td>
  </tr>
  <tr>
    <td>使用权资产</td>
    <td></td>
    <td>2,114,187.69</td>
    <td>2,444,649.61</td>
  </tr>
  <tr>
    <td>无形资产</td>
    <td></td>
    <td>281,314,596.37</td>
    <td>285,876,089.72</td>
  </tr>
  <tr>
    <td>其中：数据资源</td>
    <td></td>
    <td></td>
    <td></td>
  </tr>
  <tr>
    <td>开发支出</td>
    <td></td>
    <td></td>
    <td></td>
  </tr>
  <tr>
    <td>其中：数据资源</td>
    <td></td>
    <td></td>
    <td></td>
  </tr>
  <tr>
    <td>商誉</td>
    <td></td>
    <td></td>
    <td></td>
  </tr>
  <tr>
    <td>长期待摊费用</td>
    <td></td>
    <td>3,405,227.04</td>
    <td>4,154,812.58</td>
  </tr>
  <tr>
    <td>递延所得税资产</td>
    <td></td>
    <td>86,900,593.15</td>
    <td>85,887,589.78</td>
  </tr>
  <tr>
    <td>其他非流动资产</td>
    <td></td>
    <td>38,390,184.94</td>
    <td>7,285,802.15</td>
  </tr>
  <tr>
    <td>非流动资产合计</td>
    <td></td>
    <td>5,270,101,793.06</td>
    <td>5,265,683,668.85</td>
  </tr>
  <tr>
    <td>资产总计</td>
    <td></td>
    <td>12,028,908,351.14</td>
    <td>11,600,896,757.76</td>
  </tr>
  <tr>
    <td colspan=""4"">流动负债：</td>
  </tr>
  <tr>
    <td>短期借款</td>
    <td></td>
    <td></td>
    <td></td>
  </tr>
  <tr>
    <td>交易性金融负债</td>
    <td></td>
    <td></td>
    <td></td>
  </tr>
  <tr>
    <td>衍生金融负债</td>
    <td></td>
    <td></td>
    <td></td>
  </tr>
  <tr>
    <td>应付票据</td>
    <td></td>
    <td>276,515,888.57</td>
    <td>177,353,977.70</td>
  </tr>
  <tr>
    <td>应付账款</td>
    <td></td>
    <td>1,557,563,357.91</td>
    <td>1,490,697,798.16</td>
  </tr>
  <tr>
    <td>预收款项</td>
    <td></td>
    <td></td>
    <td></td>
  </tr>
  <tr>
    <td>合同负债</td>
    <td></td>
    <td>1,109,670,317.21</td>
    <td>1,183,690,928.60</td>
  </tr>
  <tr>
    <td>应付职工薪酬</td>
    <td></td>
    <td>141,815,573.89</td>
    <td>189,490,214.43</td>
  </tr>
  <tr>
    <td>应交税费</td>
    <td></td>
    <td>93,742,031.46</td>
    <td>49,652,927.57</td>
  </tr>
  <tr>
    <td>其他应付款</td>
    <td></td>
    <td>1,458,107,495.34</td>
    <td>1,366,276,561.97</td>
  </tr>
  <tr>
    <td>其中：应付利息</td>
    <td></td>
    <td></td>
    <td></td>
  </tr>
  <tr>
    <td>应付股利</td>
    <td></td>
    <td>3,562,731.29</td>
    <td>3,562,731.29</td>
  </tr>
  <tr>
    <td>持有待售负债</td>
    <td></td>
    <td></td>
    <td></td>
  </tr>
  <tr>
    <td>一年内到期的非流动负债</td>
    <td></td>
    <td>1,581,289.50</td>
    <td>1,797,479.27</td>
  </tr>
  <tr>
    <td>其他流动负债</td>
    <td></td>
    <td>215,396,958.32</td>
    <td>239,745,707.95</td>
  </tr>
  <tr>
    <td>流动负债合计</td>
    <td></td>
    <td>4,854,392,912.20</td>
    <td>4,698,705,595.65</td>
  </tr>
  <tr>
    <td colspan=""4"">非流动负债：</td>
  </tr>
  <tr>
    <td>长期借款</td>
    <td></td>
    <td></td>
    <td></td>
  </tr>
  <tr>
    <td>应付债券</td>
    <td></td>
    <td></td>
    <td></td>
  </tr>
  <tr>
    <td>其中：优先股</td>
    <td></td>
    <td></td>
    <td></td>
  </tr>
  <tr>
    <td>永续债</td>
    <td></td>
    <td></td>
    <td></td>
  </tr>
  <tr>
    <td>租赁负债</td>
    <td></td>
    <td>68,921.04</td>
    <td>933,787.53</td>
  </tr>
  <tr>
    <td>长期应付款</td>
    <td></td>
    <td>307,741.56</td>
    <td>639,472.91</td>
  </tr>
  <tr>
    <td>长期应付职工薪酬</td>
    <td></td>
    <td></td>
    <td></td>
  </tr>
  <tr>
    <td>预计负债</td>
    <td></td>
    <td></td>
    <td></td>
  </tr>
  <tr>
    <td>递延收益</td>
    <td></td>
    <td>62,364,103.02</td>
    <td>56,521,609.15</td>
  </tr>
  <tr>
    <td>递延所得税负债</td>
    <td></td>
    <td>39,405,073.28</td>
    <td>36,626,981.24</td>
  </tr>
  <tr>
    <td>其他非流动负债</td>
    <td></td>
    <td></td>
    <td></td>
  </tr>
  <tr>
    <td>非流动负债合计</td>
    <td></td>
    <td>102,145,838.90</td>
    <td>94,721,850.83</td>
  </tr>
  <tr>
    <td>负债合计</td>
    <td></td>
    <td>4,956,538,751.10</td>
    <td>4,793,427,446.48</td>
  </tr>
  <tr>
    <td colspan=""4"">所有者权益（或股东权益）：</td>
  </tr>
  <tr>
    <td>实收资本（或股本）</td>
    <td></td>
    <td>606,644,549.00</td>
    <td>606,677,919.00</td>
  </tr>
  <tr>
    <td>其他权益工具</td>
    <td></td>
    <td>-73,577,993.14</td>
    <td>-73,577,993.14</td>
  </tr>
  <tr>
    <td>其中：优先股</td>
    <td></td>
    <td></td>
    <td></td>
  </tr>
  <tr>
    <td>永续债</td>
    <td></td>
    <td></td>
    <td></td>
  </tr>
  <tr>
    <td>资本公积</td>
    <td></td>
    <td>2,975,945,873.10</td>
    <td>2,976,164,446.60</td>
  </tr>
  <tr>
    <td>减：库存股</td>
    <td></td>
    <td></td>
    <td>17,743,221.78</td>
  </tr>
  <tr>
    <td>其他综合收益</td>
    <td></td>
    <td>-3,311,583.89</td>
    <td>-3,311,583.89</td>
  </tr>
  <tr>
    <td>专项储备</td>
    <td></td>
    <td>17,124,308.97</td>
    <td>14,975,374.92</td>
  </tr>
  <tr>
    <td>盈余公积</td>
    <td></td>
    <td>446,117,198.69</td>
    <td>446,117,198.69</td>
  </tr>
  <tr>
    <td>未分配利润</td>
    <td></td>
    <td>3,103,427,247.31</td>
    <td>2,858,167,170.88</td>
  </tr>
  <tr>
    <td>所有者权益（或股东权益）合计</td>
    <td></td>
    <td>7,072,369,600.04</td>
    <td>6,807,469,311.28</td>
  </tr>
  <tr>
    <td>负债和所有者权益（或股东权益）总计</td>
    <td></td>
    <td>12,028,908,351.14</td>
    <td>11,600,896,757.76</td>
  </tr>
</table>

> Note: merged cells detected, rendered as HTML table.

---
## 合并利润表

2026年1—6月

单位：元币种：人民币

<table id='a5b31960f60008bc74298190019a7e29' titleId='a5b31960f60008bc74298190019a7e29' headId='a5b31960f60008bc74298190019a7e29||a5b31960f60008bc74298190019a7e29'>
  <tr>
    <td>项目</td>
    <td>附注</td>
    <td>2026年半年度</td>
    <td>2025年半年度</td>
  </tr>
  <tr>
    <td>一、营业总收入</td>
    <td></td>
    <td>5,160,672,255.84</td>
    <td>4,790,414,888.01</td>
  </tr>
  <tr>
    <td>其中：营业收入</td>
    <td></td>
    <td>5,160,672,255.84</td>
    <td>4,790,414,888.01</td>
  </tr>
  <tr>
    <td>利息收入</td>
    <td></td>
    <td></td>
    <td></td>
  </tr>
  <tr>
    <td>已赚保费</td>
    <td></td>
    <td></td>
    <td></td>
  </tr>
  <tr>
    <td>手续费及佣金收入</td>
    <td></td>
    <td></td>
    <td></td>
  </tr>
  <tr>
    <td>二、营业总成本</td>
    <td></td>
    <td>4,729,810,762.10</td>
    <td>4,397,550,992.73</td>
  </tr>
  <tr>
    <td>其中：营业成本</td>
    <td></td>
    <td>3,874,258,692.14</td>
    <td>3,582,676,003.81</td>
  </tr>
  <tr>
    <td>利息支出</td>
    <td></td>
    <td></td>
    <td></td>
  </tr>
  <tr>
    <td>手续费及佣金支出</td>
    <td></td>
    <td></td>
    <td></td>
  </tr>
  <tr>
    <td>退保金</td>
    <td></td>
    <td></td>
    <td></td>
  </tr>
  <tr>
    <td>赔付支出净额</td>
    <td></td>
    <td></td>
    <td></td>
  </tr>
  <tr>
    <td>提取保险责任准备金净额</td>
    <td></td>
    <td></td>
    <td></td>
  </tr>
  <tr>
    <td>保单红利支出</td>
    <td></td>
    <td></td>
    <td></td>
  </tr>
  <tr>
    <td>分保费用</td>
    <td></td>
    <td></td>
    <td></td>
  </tr>
  <tr>
    <td>税金及附加</td>
    <td></td>
    <td>45,386,309.61</td>
    <td>33,170,450.39</td>
  </tr>
  <tr>
    <td>销售费用</td>
    <td></td>
    <td>411,186,980.77</td>
    <td>387,744,638.85</td>
  </tr>
  <tr>
    <td>管理费用</td>
    <td></td>
    <td>199,904,055.07</td>
    <td>178,062,225.44</td>
  </tr>
  <tr>
    <td>研发费用</td>
    <td></td>
    <td>178,188,158.15</td>
    <td>201,713,769.93</td>
  </tr>
  <tr>
    <td>财务费用</td>
    <td></td>
    <td>20,886,566.36</td>
    <td>14,183,904.31</td>
  </tr>
  <tr>
    <td>其中：利息费用</td>
    <td></td>
    <td>18,515,750.15</td>
    <td>21,348,494.52</td>
  </tr>
  <tr>
    <td>利息收入</td>
    <td></td>
    <td>-6,275,821.84</td>
    <td>-9,225,075.47</td>
  </tr>
  <tr>
    <td>加：其他收益</td>
    <td></td>
    <td>22,729,460.61</td>
    <td>36,093,544.73</td>
  </tr>
  <tr>
    <td>投资收益（损失以“-”号填列）</td>
    <td></td>
    <td>-24,410,239.63</td>
    <td>52,113,996.21</td>
  </tr>
  <tr>
    <td>其中：对联营企业和合营企业的投资收益</td>
    <td></td>
    <td>-25,469,024.08</td>
    <td>3,532,052.54</td>
  </tr>
  <tr>
    <td>以摊余成本计量的金融资产终止确认收益（损失以“-”号填列）</td>
    <td></td>
    <td></td>
    <td></td>
  </tr>
  <tr>
    <td>汇兑收益（损失以“-”号填列）</td>
    <td></td>
    <td></td>
    <td></td>
  </tr>
  <tr>
    <td>净敞口套期收益（损失以“-”号填列）</td>
    <td></td>
    <td></td>
    <td></td>
  </tr>
  <tr>
    <td>公允价值变动收益（损失以“-”号填列）</td>
    <td></td>
    <td></td>
    <td></td>
  </tr>
  <tr>
    <td>信用减值损失（损失以“-”号填列）</td>
    <td></td>
    <td>-34,072,655.27</td>
    <td>-11,340,053.60</td>
  </tr>
  <tr>
    <td>资产减值损失（损失以“-”号填列）</td>
    <td></td>
    <td>-38,747,565.63</td>
    <td>-14,253,517.71</td>
  </tr>
  <tr>
    <td>资产处置收益（损失以“-”号填列）</td>
    <td></td>
    <td>187,412.37</td>
    <td>-837,997.31</td>
  </tr>
  <tr>
    <td>三、营业利润（亏损以“-”号填列）</td>
    <td></td>
    <td>356,547,906.19</td>
    <td>454,639,867.60</td>
  </tr>
  <tr>
    <td>加：营业外收入</td>
    <td></td>
    <td>6,367,039.63</td>
    <td>2,699,995.21</td>
  </tr>
  <tr>
    <td>减：营业外支出</td>
    <td></td>
    <td>3,453,888.26</td>
    <td>2,862,993.27</td>
  </tr>
  <tr>
    <td>四、利润总额（亏损总额以“-”号填列）</td>
    <td></td>
    <td>359,461,057.56</td>
    <td>454,476,869.54</td>
  </tr>
  <tr>
    <td>减：所得税费用</td>
    <td></td>
    <td>70,148,048.71</td>
    <td>64,085,293.87</td>
  </tr>
  <tr>
    <td>五、净利润（净亏损以“-”号填列）</td>
    <td></td>
    <td>289,313,008.85</td>
    <td>390,391,575.67</td>
  </tr>
  <tr>
    <td colspan=""4"">（一）按经营持续性分类</td>
  </tr>
  <tr>
    <td>1.持续经营净利润（净亏损以“-”号填列）</td>
    <td></td>
    <td>289,313,008.85</td>
    <td>390,391,575.67</td>
  </tr>
  <tr>
    <td>2.终止经营净利润（净亏损以“-”号填列）</td>
    <td></td>
    <td></td>
    <td></td>
  </tr>
  <tr>
    <td colspan=""4"">（二）按所有权归属分类</td>
  </tr>
  <tr>
    <td>1.归属于母公司股东的净利润（净亏损以“-”号填列）</td>
    <td></td>
    <td>285,277,175.78</td>
    <td>385,717,607.04</td>
  </tr>
  <tr>
    <td>2.少数股东损益（净亏损以“-”号填列）</td>
    <td></td>
    <td>4,035,833.07</td>
    <td>4,673,968.63</td>
  </tr>
  <tr>
    <td>六、其他综合收益的税后净额</td>
    <td></td>
    <td>-10,231,585.40</td>
    <td>-3,094,830.46</td>
  </tr>
  <tr>
    <td>（一）归属母公司所有者的其他综合收益的税后净额</td>
    <td></td>
    <td>-10,231,585.40</td>
    <td>-3,094,830.46</td>
  </tr>
  <tr>
    <td>1.不能重分类进损益的其他综合收益</td>
    <td></td>
    <td>9,848,529.28</td>
    <td>-9,107,873.54</td>
  </tr>
  <tr>
    <td>（1）重新计量设定受益计划变动额</td>
    <td></td>
    <td></td>
    <td></td>
  </tr>
  <tr>
    <td>（2）权益法下不能转损益的其他综合收益</td>
    <td></td>
    <td>9,848,529.28</td>
    <td>-9,107,873.54</td>
  </tr>
  <tr>
    <td>（3）其他权益工具投资公允价值变动</td>
    <td></td>
    <td></td>
    <td></td>
  </tr>
  <tr>
    <td>（4）企业自身信用风险公允价值变动</td>
    <td></td>
    <td></td>
    <td></td>
  </tr>
  <tr>
    <td>2.将重分类进损益的其他综合收益</td>
    <td></td>
    <td>-20,080,114.68</td>
    <td>6,013,043.08</td>
  </tr>
  <tr>
    <td>（1）权益法下可转损益的其他综合收益</td>
    <td></td>
    <td>-20,080,114.68</td>
    <td>6,013,043.08</td>
  </tr>
  <tr>
    <td>（2）其他债权投资公允价值变动</td>
    <td></td>
    <td></td>
    <td></td>
  </tr>
  <tr>
    <td>（3）金融资产重分类计入其他综合收益的金额</td>
    <td></td>
    <td></td>
    <td></td>
  </tr>
  <tr>
    <td>（4）其他债权投资信用减值准备</td>
    <td></td>
    <td></td>
    <td></td>
  </tr>
  <tr>
    <td>（5）现金流量套期储备</td>
    <td></td>
    <td></td>
    <td></td>
  </tr>
  <tr>
    <td>（6）外币财务报表折算差额</td>
    <td></td>
    <td></td>
    <td></td>
  </tr>
  <tr>
    <td>（7）其他</td>
    <td></td>
    <td></td>
    <td></td>
  </tr>
  <tr>
    <td>（二）归属于少数股东的其他综合收益的税后净额</td>
    <td></td>
    <td></td>
    <td></td>
  </tr>
  <tr>
    <td>七、综合收益总额</td>
    <td></td>
    <td>279,081,423.45</td>
    <td>387,296,745.21</td>
  </tr>
  <tr>
    <td>（一）归属于母公司所有者的综合收益总额</td>
    <td></td>
    <td>275,045,590.38</td>
    <td>382,622,776.58</td>
  </tr>
  <tr>
    <td>（二）归属于少数股东的综合收益总额</td>
    <td></td>
    <td>4,035,833.07</td>
    <td>4,673,968.63</td>
  </tr>
  <tr>
    <td colspan=""4"">八、每股收益：</td>
  </tr>
  <tr>
    <td>（一）基本每股收益(元/股)</td>
    <td></td>
    <td>0.47</td>
    <td>0.64</td>
  </tr>
  <tr>
    <td>（二）稀释每股收益(元/股)</td>
    <td></td>
    <td>0.47</td>
    <td>0.64</td>
  </tr>
</table>

> Note: merged cells detected, rendered as HTML table.

---
## 母公司利润表

2026年1—6月

单位：元币种：人民币

<table id='2f254c8ca0d7093bc711e49bcd92ccc8' titleId='2f254c8ca0d7093bc711e49bcd92ccc8' headId='95fe0100-68a4-4193-adf7-7611e871ce57||95fe0100-68a4-4193-adf7-7611e871ce57'>
  <tr>
    <td>项目</td>
    <td>附注</td>
    <td>2026年半年度</td>
    <td>2025年半年度</td>
  </tr>
  <tr>
    <td>一、营业收入</td>
    <td></td>
    <td>2,552,001,379.15</td>
    <td>2,266,734,849.43</td>
  </tr>
  <tr>
    <td>减：营业成本</td>
    <td></td>
    <td>1,674,055,178.08</td>
    <td>1,513,151,313.51</td>
  </tr>
  <tr>
    <td>税金及附加</td>
    <td></td>
    <td>31,631,801.14</td>
    <td>21,985,497.94</td>
  </tr>
  <tr>
    <td>销售费用</td>
    <td></td>
    <td>272,193,298.48</td>
    <td>241,800,165.86</td>
  </tr>
  <tr>
    <td>管理费用</td>
    <td></td>
    <td>88,225,148.07</td>
    <td>58,413,487.64</td>
  </tr>
  <tr>
    <td>研发费用</td>
    <td></td>
    <td>127,955,807.68</td>
    <td>146,204,303.82</td>
  </tr>
  <tr>
    <td>财务费用</td>
    <td></td>
    <td>-11,655,605.67</td>
    <td>-16,877,865.78</td>
  </tr>
  <tr>
    <td>其中：利息费用</td>
    <td></td>
    <td>3,340,081.18</td>
    <td>5,575,087.50</td>
  </tr>
  <tr>
    <td>利息收入</td>
    <td></td>
    <td>-16,253,557.06</td>
    <td>-21,761,753.06</td>
  </tr>
  <tr>
    <td>加：其他收益</td>
    <td></td>
    <td>17,781,256.35</td>
    <td>24,481,483.81</td>
  </tr>
  <tr>
    <td>投资收益（损失以“-”号填列）</td>
    <td></td>
    <td>9,052,222.34</td>
    <td>81,715,706.39</td>
  </tr>
  <tr>
    <td>其中：对联营企业和合营企业的投资收益</td>
    <td></td>
    <td>-6,564,941.66</td>
    <td>-7,136,043.61</td>
  </tr>
  <tr>
    <td>以摊余成本计量的金融资产终止确认收益（损失以“-”号填列）</td>
    <td></td>
    <td></td>
    <td></td>
  </tr>
  <tr>
    <td>净敞口套期收益（损失以“-”号填列）</td>
    <td></td>
    <td></td>
    <td></td>
  </tr>
  <tr>
    <td>公允价值变动收益（损失以“-”号填列）</td>
    <td></td>
    <td></td>
    <td></td>
  </tr>
  <tr>
    <td>信用减值损失（损失以“-”号填列）</td>
    <td></td>
    <td>-21,716,958.85</td>
    <td>6,619,383.68</td>
  </tr>
  <tr>
    <td>资产减值损失（损失以“-”号填列）</td>
    <td></td>
    <td>-20,513,684.36</td>
    <td>-14,641,992.60</td>
  </tr>
  <tr>
    <td>资产处置收益（损失以“-”号填列）</td>
    <td></td>
    <td></td>
    <td>-934.19</td>
  </tr>
  <tr>
    <td>二、营业利润（亏损以“-”号填列）</td>
    <td></td>
    <td>354,198,586.85</td>
    <td>400,231,593.53</td>
  </tr>
  <tr>
    <td>加：营业外收入</td>
    <td></td>
    <td>785,545.64</td>
    <td>1,130,951.86</td>
  </tr>
  <tr>
    <td>减：营业外支出</td>
    <td></td>
    <td>938,137.10</td>
    <td>494,706.51</td>
  </tr>
  <tr>
    <td>三、利润总额（亏损总额以“-”号填列）</td>
    <td></td>
    <td>354,045,995.39</td>
    <td>400,867,838.88</td>
  </tr>
  <tr>
    <td>减：所得税费用</td>
    <td></td>
    <td>48,121,464.06</td>
    <td>45,838,564.22</td>
  </tr>
  <tr>
    <td>四、净利润（净亏损以“-”号填列）</td>
    <td></td>
    <td>305,924,531.33</td>
    <td>355,029,274.66</td>
  </tr>
  <tr>
    <td>（一）持续经营净利润（净亏损以“-”号填列）</td>
    <td></td>
    <td>305,924,531.33</td>
    <td>355,029,274.66</td>
  </tr>
  <tr>
    <td>（二）终止经营净利润（净亏损以“-”号填列）</td>
    <td></td>
    <td></td>
    <td></td>
  </tr>
  <tr>
    <td>五、其他综合收益的税后净额</td>
    <td></td>
    <td></td>
    <td></td>
  </tr>
  <tr>
    <td>（一）不能重分类进损益的其他综合收益</td>
    <td></td>
    <td></td>
    <td></td>
  </tr>
  <tr>
    <td>1.重新计量设定受益计划变动额</td>
    <td></td>
    <td></td>
    <td></td>
  </tr>
  <tr>
    <td>2.权益法下不能转损益的其他综合收益</td>
    <td></td>
    <td></td>
    <td></td>
  </tr>
  <tr>
    <td>3.其他权益工具投资公允价值变动</td>
    <td></td>
    <td></td>
    <td></td>
  </tr>
  <tr>
    <td>4.企业自身信用风险公允价值变动</td>
    <td></td>
    <td></td>
    <td></td>
  </tr>
  <tr>
    <td>（二）将重分类进损益的其他综合收益</td>
    <td></td>
    <td></td>
    <td></td>
  </tr>
  <tr>
    <td>1.权益法下可转损益的其他综合收益</td>
    <td></td>
    <td></td>
    <td></td>
  </tr>
  <tr>
    <td>2.其他债权投资公允价值变动</td>
    <td></td>
    <td></td>
    <td></td>
  </tr>
  <tr>
    <td>3.金融资产重分类计入其他综合收益的金额</td>
    <td></td>
    <td></td>
    <td></td>
  </tr>
  <tr>
    <td>4.其他债权投资信用减值准备</td>
    <td></td>
    <td></td>
    <td></td>
  </tr>
  <tr>
    <td>5.现金流量套期储备</td>
    <td></td>
    <td></td>
    <td></td>
  </tr>
  <tr>
    <td>6.外币财务报表折算差额</td>
    <td></td>
    <td></td>
    <td></td>
  </tr>
  <tr>
    <td>7.其他</td>
    <td></td>
    <td></td>
    <td></td>
  </tr>
  <tr>
    <td>六、综合收益总额</td>
    <td></td>
    <td>305,924,531.33</td>
    <td>355,029,274.66</td>
  </tr>
  <tr>
    <td colspan=""4"">七、每股收益：</td>
  </tr>
  <tr>
    <td>（一）基本每股收益(元/股)</td>
    <td></td>
    <td></td>
    <td></td>
  </tr>
  <tr>
    <td>（二）稀释每股收益(元/股)</td>
    <td></td>
    <td></td>
    <td></td>
  </tr>
</table>

> Note: merged cells detected, rendered as HTML table.

---
## 合并现金流量表

2026年1—6月

单位：元币种：人民币

<table id='1d9e404ba147f39c20fb44a24e7531d8' titleId='1d9e404ba147f39c20fb44a24e7531d8' headId='1d9e404ba147f39c20fb44a24e7531d8||1d9e404ba147f39c20fb44a24e7531d8'>
  <tr>
    <td>项目</td>
    <td>附注</td>
    <td>2026年半年度</td>
    <td>2025年半年度</td>
  </tr>
  <tr>
    <td colspan=""4"">一、经营活动产生的现金流量：</td>
  </tr>
  <tr>
    <td>销售商品、提供劳务收到的现金</td>
    <td></td>
    <td>4,656,606,981.77</td>
    <td>4,344,432,565.17</td>
  </tr>
  <tr>
    <td>客户存款和同业存放款项净增加额</td>
    <td></td>
    <td></td>
    <td></td>
  </tr>
  <tr>
    <td>向中央银行借款净增加额</td>
    <td></td>
    <td></td>
    <td></td>
  </tr>
  <tr>
    <td>向其他金融机构拆入资金净增加额</td>
    <td></td>
    <td></td>
    <td></td>
  </tr>
  <tr>
    <td>收到原保险合同保费取得的现金</td>
    <td></td>
    <td></td>
    <td></td>
  </tr>
  <tr>
    <td>收到再保业务现金净额</td>
    <td></td>
    <td></td>
    <td></td>
  </tr>
  <tr>
    <td>保户储金及投资款净增加额</td>
    <td></td>
    <td></td>
    <td></td>
  </tr>
  <tr>
    <td>收取利息、手续费及佣金的现金</td>
    <td></td>
    <td></td>
    <td></td>
  </tr>
  <tr>
    <td>拆入资金净增加额</td>
    <td></td>
    <td></td>
    <td></td>
  </tr>
  <tr>
    <td>回购业务资金净增加额</td>
    <td></td>
    <td></td>
    <td></td>
  </tr>
  <tr>
    <td>代理买卖证券收到的现金净额</td>
    <td></td>
    <td></td>
    <td></td>
  </tr>
  <tr>
    <td>收到的税费返还</td>
    <td></td>
    <td>3,982,057.36</td>
    <td>833,600.10</td>
  </tr>
  <tr>
    <td>收到其他与经营活动有关的现金</td>
    <td></td>
    <td>147,937,696.11</td>
    <td>153,122,012.44</td>
  </tr>
  <tr>
    <td>经营活动现金流入小计</td>
    <td></td>
    <td>4,808,526,735.24</td>
    <td>4,498,388,177.71</td>
  </tr>
  <tr>
    <td>购买商品、接受劳务支付的现金</td>
    <td></td>
    <td>2,956,737,843.89</td>
    <td>2,722,941,294.84</td>
  </tr>
  <tr>
    <td>客户贷款及垫款净增加额</td>
    <td></td>
    <td></td>
    <td></td>
  </tr>
  <tr>
    <td>存放中央银行和同业款项净增加额</td>
    <td></td>
    <td></td>
    <td></td>
  </tr>
  <tr>
    <td>支付原保险合同赔付款项的现金</td>
    <td></td>
    <td></td>
    <td></td>
  </tr>
  <tr>
    <td>拆出资金净增加额</td>
    <td></td>
    <td></td>
    <td></td>
  </tr>
  <tr>
    <td>支付利息、手续费及佣金的现金</td>
    <td></td>
    <td></td>
    <td></td>
  </tr>
  <tr>
    <td>支付保单红利的现金</td>
    <td></td>
    <td></td>
    <td></td>
  </tr>
  <tr>
    <td>支付给职工及为职工支付的现金</td>
    <td></td>
    <td>885,644,034.85</td>
    <td>876,189,693.92</td>
  </tr>
  <tr>
    <td>支付的各项税费</td>
    <td></td>
    <td>269,029,146.45</td>
    <td>222,863,987.83</td>
  </tr>
  <tr>
    <td>支付其他与经营活动有关的现金</td>
    <td></td>
    <td>432,384,077.33</td>
    <td>433,641,951.27</td>
  </tr>
  <tr>
    <td>经营活动现金流出小计</td>
    <td></td>
    <td>4,543,795,102.52</td>
    <td>4,255,636,927.86</td>
  </tr>
  <tr>
    <td>经营活动产生的现金流量净额</td>
    <td></td>
    <td>264,731,632.72</td>
    <td>242,751,249.85</td>
  </tr>
  <tr>
    <td colspan=""4"">二、投资活动产生的现金流量：</td>
  </tr>
  <tr>
    <td>收回投资收到的现金</td>
    <td></td>
    <td>4,240,041.87</td>
    <td>1,000,000.00</td>
  </tr>
  <tr>
    <td>取得投资收益收到的现金</td>
    <td></td>
    <td>5,549,102.25</td>
    <td>6,460,245.86</td>
  </tr>
  <tr>
    <td>处置固定资产、无形资产和其他长期资产收回的现金净额</td>
    <td></td>
    <td>6,730.00</td>
    <td>1,003,018.85</td>
  </tr>
  <tr>
    <td>处置子公司及其他营业单位收到的现金净额</td>
    <td></td>
    <td></td>
    <td>99,870,479.75</td>
  </tr>
  <tr>
    <td>收到其他与投资活动有关的现金</td>
    <td></td>
    <td></td>
    <td></td>
  </tr>
  <tr>
    <td>投资活动现金流入小计</td>
    <td></td>
    <td>9,795,874.12</td>
    <td>108,333,744.46</td>
  </tr>
  <tr>
    <td>购建固定资产、无形资产和其他长期资产支付的现金</td>
    <td></td>
    <td>35,160,031.62</td>
    <td>244,852,210.30</td>
  </tr>
  <tr>
    <td>投资支付的现金</td>
    <td></td>
    <td>9,800,000.00</td>
    <td>16,944,877.42</td>
  </tr>
  <tr>
    <td>质押贷款净增加额</td>
    <td></td>
    <td></td>
    <td></td>
  </tr>
  <tr>
    <td>取得子公司及其他营业单位支付的现金净额</td>
    <td></td>
    <td></td>
    <td></td>
  </tr>
  <tr>
    <td>支付其他与投资活动有关的现金</td>
    <td></td>
    <td>708,500,000.00</td>
    <td></td>
  </tr>
  <tr>
    <td>投资活动现金流出小计</td>
    <td></td>
    <td>753,460,031.62</td>
    <td>261,797,087.72</td>
  </tr>
  <tr>
    <td>投资活动产生的现金流量净额</td>
    <td></td>
    <td>-743,664,157.50</td>
    <td>-153,463,343.26</td>
  </tr>
  <tr>
    <td colspan=""4"">三、筹资活动产生的现金流量：</td>
  </tr>
  <tr>
    <td>吸收投资收到的现金</td>
    <td></td>
    <td></td>
    <td></td>
  </tr>
  <tr>
    <td>其中：子公司吸收少数股东投资收到的现金</td>
    <td></td>
    <td></td>
    <td></td>
  </tr>
  <tr>
    <td>取得借款收到的现金</td>
    <td></td>
    <td>423,773,740.22</td>
    <td>657,500,000.00</td>
  </tr>
  <tr>
    <td>收到其他与筹资活动有关的现金</td>
    <td></td>
    <td></td>
    <td>11,000,000.00</td>
  </tr>
  <tr>
    <td>筹资活动现金流入小计</td>
    <td></td>
    <td>423,773,740.22</td>
    <td>668,500,000.00</td>
  </tr>
  <tr>
    <td>偿还债务支付的现金</td>
    <td></td>
    <td>541,813,203.26</td>
    <td>592,229,500.00</td>
  </tr>
  <tr>
    <td>分配股利、利润或偿付利息支付的现金</td>
    <td></td>
    <td>83,694,859.74</td>
    <td>28,776,015.32</td>
  </tr>
  <tr>
    <td>其中：子公司支付给少数股东的股利、利润</td>
    <td></td>
    <td>5,542,836.00</td>
    <td>6,292,900.00</td>
  </tr>
  <tr>
    <td>支付其他与筹资活动有关的现金</td>
    <td></td>
    <td>10,967,286.93</td>
    <td>14,464,963.38</td>
  </tr>
  <tr>
    <td>筹资活动现金流出小计</td>
    <td></td>
    <td>636,475,349.93</td>
    <td>635,470,478.70</td>
  </tr>
  <tr>
    <td>筹资活动产生的现金流量净额</td>
    <td></td>
    <td>-212,701,609.71</td>
    <td>33,029,521.30</td>
  </tr>
  <tr>
    <td>四、汇率变动对现金及现金等价物的影响</td>
    <td></td>
    <td>-5,647,558.24</td>
    <td>-232,779.97</td>
  </tr>
  <tr>
    <td>五、现金及现金等价物净增加额</td>
    <td></td>
    <td>-697,281,692.73</td>
    <td>122,084,647.92</td>
  </tr>
  <tr>
    <td>加：期初现金及现金等价物余额</td>
    <td></td>
    <td>2,966,856,645.27</td>
    <td>2,769,762,941.02</td>
  </tr>
  <tr>
    <td>六、期末现金及现金等价物余额</td>
    <td></td>
    <td>2,269,574,952.54</td>
    <td>2,891,847,588.94</td>
  </tr>
</table>

> Note: merged cells detected, rendered as HTML table.

---
## 母公司现金流量表

2026年1—6月

单位：元币种：人民币

<table id='4f5e5e3370be90cffe7260b0ff6002d5' titleId='4f5e5e3370be90cffe7260b0ff6002d5' headId='4f5e5e3370be90cffe7260b0ff6002d5||4f5e5e3370be90cffe7260b0ff6002d5'>
  <tr>
    <td>项目</td>
    <td>附注</td>
    <td>2026年半年度</td>
    <td>2025年半年度</td>
  </tr>
  <tr>
    <td colspan=""4"">一、经营活动产生的现金流量：</td>
  </tr>
  <tr>
    <td>销售商品、提供劳务收到的现金</td>
    <td></td>
    <td>2,225,959,799.16</td>
    <td>1,876,451,063.25</td>
  </tr>
  <tr>
    <td>收到的税费返还</td>
    <td></td>
    <td>3,080,670.57</td>
    <td></td>
  </tr>
  <tr>
    <td>收到其他与经营活动有关的现金</td>
    <td></td>
    <td>69,481,044.17</td>
    <td>62,880,879.46</td>
  </tr>
  <tr>
    <td>经营活动现金流入小计</td>
    <td></td>
    <td>2,298,521,513.90</td>
    <td>1,939,331,942.71</td>
  </tr>
  <tr>
    <td>购买商品、接受劳务支付的现金</td>
    <td></td>
    <td>1,265,157,543.64</td>
    <td>1,131,176,179.98</td>
  </tr>
  <tr>
    <td>支付给职工及为职工支付的现金</td>
    <td></td>
    <td>518,350,456.89</td>
    <td>492,029,509.55</td>
  </tr>
  <tr>
    <td>支付的各项税费</td>
    <td></td>
    <td>166,692,760.96</td>
    <td>125,881,446.64</td>
  </tr>
  <tr>
    <td>支付其他与经营活动有关的现金</td>
    <td></td>
    <td>234,048,649.80</td>
    <td>196,170,524.56</td>
  </tr>
  <tr>
    <td>经营活动现金流出小计</td>
    <td></td>
    <td>2,184,249,411.29</td>
    <td>1,945,257,660.73</td>
  </tr>
  <tr>
    <td>经营活动产生的现金流量净额</td>
    <td></td>
    <td>114,272,102.61</td>
    <td>-5,925,718.02</td>
  </tr>
  <tr>
    <td colspan=""4"">二、投资活动产生的现金流量：</td>
  </tr>
  <tr>
    <td>收回投资收到的现金</td>
    <td></td>
    <td>4,240,041.87</td>
    <td>112,750,000.00</td>
  </tr>
  <tr>
    <td>取得投资收益收到的现金</td>
    <td></td>
    <td>17,754,666.25</td>
    <td>55,690,595.86</td>
  </tr>
  <tr>
    <td>处置固定资产、无形资产和其他长期资产收回的现金净额</td>
    <td></td>
    <td></td>
    <td>49,244.25</td>
  </tr>
  <tr>
    <td>处置子公司及其他营业单位收到的现金净额</td>
    <td></td>
    <td></td>
    <td></td>
  </tr>
  <tr>
    <td>收到其他与投资活动有关的现金</td>
    <td></td>
    <td>13,099,256.93</td>
    <td>249,189,648.55</td>
  </tr>
  <tr>
    <td>投资活动现金流入小计</td>
    <td></td>
    <td>35,093,965.05</td>
    <td>417,679,488.66</td>
  </tr>
  <tr>
    <td>购建固定资产、无形资产和其他长期资产支付的现金</td>
    <td></td>
    <td>13,101,715.05</td>
    <td>142,841,700.90</td>
  </tr>
  <tr>
    <td>投资支付的现金</td>
    <td></td>
    <td>19,800,000.00</td>
    <td></td>
  </tr>
  <tr>
    <td>取得子公司及其他营业单位支付的现金净额</td>
    <td></td>
    <td></td>
    <td></td>
  </tr>
  <tr>
    <td>支付其他与投资活动有关的现金</td>
    <td></td>
    <td>761,000,000.00</td>
    <td>70,010,332.07</td>
  </tr>
  <tr>
    <td>投资活动现金流出小计</td>
    <td></td>
    <td>793,901,715.05</td>
    <td>212,852,032.97</td>
  </tr>
  <tr>
    <td>投资活动产生的现金流量净额</td>
    <td></td>
    <td>-758,807,750.00</td>
    <td>204,827,455.69</td>
  </tr>
  <tr>
    <td colspan=""4"">三、筹资活动产生的现金流量：</td>
  </tr>
  <tr>
    <td>吸收投资收到的现金</td>
    <td></td>
    <td></td>
    <td></td>
  </tr>
  <tr>
    <td>取得借款收到的现金</td>
    <td></td>
    <td></td>
    <td></td>
  </tr>
  <tr>
    <td>收到其他与筹资活动有关的现金</td>
    <td></td>
    <td>3,790,389,517.34</td>
    <td>4,443,193,036.81</td>
  </tr>
  <tr>
    <td>筹资活动现金流入小计</td>
    <td></td>
    <td>3,790,389,517.34</td>
    <td>4,443,193,036.81</td>
  </tr>
  <tr>
    <td>偿还债务支付的现金</td>
    <td></td>
    <td></td>
    <td></td>
  </tr>
  <tr>
    <td>分配股利、利润或偿付利息支付的现金</td>
    <td></td>
    <td>60,664,454.90</td>
    <td>1,682,608.20</td>
  </tr>
  <tr>
    <td>支付其他与筹资活动有关的现金</td>
    <td></td>
    <td>3,707,776,649.00</td>
    <td>4,489,088,202.79</td>
  </tr>
  <tr>
    <td>筹资活动现金流出小计</td>
    <td></td>
    <td>3,768,441,103.90</td>
    <td>4,490,770,810.99</td>
  </tr>
  <tr>
    <td>筹资活动产生的现金流量净额</td>
    <td></td>
    <td>21,948,413.44</td>
    <td>-47,577,774.18</td>
  </tr>
  <tr>
    <td>四、汇率变动对现金及现金等价物的影响</td>
    <td></td>
    <td>-186,166.52</td>
    <td></td>
  </tr>
  <tr>
    <td>五、现金及现金等价物净增加额</td>
    <td></td>
    <td>-622,773,400.47</td>
    <td>151,323,963.49</td>
  </tr>
  <tr>
    <td>加：期初现金及现金等价物余额</td>
    <td></td>
    <td>2,384,850,173.57</td>
    <td>2,329,236,354.71</td>
  </tr>
  <tr>
    <td>六、期末现金及现金等价物余额</td>
    <td></td>
    <td>1,762,076,773.10</td>
    <td>2,480,560,318.20</td>
  </tr>
</table>

> Note: merged cells detected, rendered as HTML table.

---
## 合并所有者权益变动表

2026年1—6月

单位：元币种：人民币

<table id='557006d256bf6cbd16397f71d39c2101' titleId='557006d256bf6cbd16397f71d39c2101' headId='557006d256bf6cbd16397f71d39c2101||557006d256bf6cbd16397f71d39c2101'>
  <tr>
    <td rowspan=""4"">项目</td>
    <td colspan=""15"">2026年半年度</td>
  </tr>
  <tr>
    <td colspan=""13"">归属于母公司所有者权益</td>
    <td rowspan=""3"">少数股东权益</td>
    <td rowspan=""3"">所有者权益合计</td>
  </tr>
  <tr>
    <td rowspan=""2"">实收资本(或股本)</td>
    <td></td>
    <td colspan=""2"">其他权益工具</td>
    <td rowspan=""2"">资本公积</td>
    <td rowspan=""2"">减：库存股</td>
    <td rowspan=""2"">其他综合收益</td>
    <td rowspan=""2"">专项储备</td>
    <td rowspan=""2"">盈余公积</td>
    <td rowspan=""2"">一般风险准备</td>
    <td rowspan=""2"">未分配利润</td>
    <td rowspan=""2"">其他</td>
    <td rowspan=""2"">小计</td>
  </tr>
  <tr>
    <td>优先股</td>
    <td>永续债</td>
    <td>其他</td>
  </tr>
  <tr>
    <td>一、上年期末余额</td>
    <td>606,677,919.00</td>
    <td></td>
    <td></td>
    <td>-73,577,993.14</td>
    <td>2,497,371,897.05</td>
    <td>17,743,221.78</td>
    <td>2,847,449.87</td>
    <td>55,382,264.11</td>
    <td>448,513,450.61</td>
    <td></td>
    <td>4,114,570,738.68</td>
    <td></td>
    <td>7,634,042,504.40</td>
    <td>323,153,403.67</td>
    <td>7,957,195,908.07</td>
  </tr>
  <tr>
    <td>加：会计政策变更</td>
    <td></td>
    <td></td>
    <td></td>
    <td></td>
    <td></td>
    <td></td>
    <td></td>
    <td></td>
    <td></td>
    <td></td>
    <td></td>
    <td></td>
    <td></td>
    <td></td>
    <td></td>
  </tr>
  <tr>
    <td>前期差错更正</td>
    <td></td>
    <td></td>
    <td></td>
    <td></td>
    <td></td>
    <td></td>
    <td></td>
    <td></td>
    <td></td>
    <td></td>
    <td></td>
    <td></td>
    <td></td>
    <td></td>
    <td></td>
  </tr>
  <tr>
    <td>其他</td>
    <td></td>
    <td></td>
    <td></td>
    <td></td>
    <td></td>
    <td></td>
    <td></td>
    <td></td>
    <td></td>
    <td></td>
    <td></td>
    <td></td>
    <td></td>
    <td></td>
    <td></td>
  </tr>
  <tr>
    <td>二、本年期初余额</td>
    <td>606,677,919.00</td>
    <td></td>
    <td></td>
    <td>-73,577,993.14</td>
    <td>2,497,371,897.05</td>
    <td>17,743,221.78</td>
    <td>2,847,449.87</td>
    <td>55,382,264.11</td>
    <td>448,513,450.61</td>
    <td></td>
    <td>4,114,570,738.68</td>
    <td></td>
    <td>7,634,042,504.40</td>
    <td>323,153,403.67</td>
    <td>7,957,195,908.07</td>
  </tr>
  <tr>
    <td>三、本期增减变动金额（减少以“-”号填列）</td>
    <td>-33,370.00</td>
    <td></td>
    <td></td>
    <td></td>
    <td>-7,470,824.24</td>
    <td>-17,743,221.78</td>
    <td>-10,231,585.40</td>
    <td>6,356,620.82</td>
    <td></td>
    <td></td>
    <td>224,612,720.88</td>
    <td></td>
    <td>230,976,783.84</td>
    <td>-901,998.93</td>
    <td>230,074,784.91</td>
  </tr>
  <tr>
    <td>（一）综合收益总额</td>
    <td></td>
    <td></td>
    <td></td>
    <td></td>
    <td></td>
    <td></td>
    <td>-10,231,585.40</td>
    <td></td>
    <td></td>
    <td></td>
    <td>285,277,175.78</td>
    <td></td>
    <td>275,045,590.38</td>
    <td>4,035,833.07</td>
    <td>279,081,423.45</td>
  </tr>
  <tr>
    <td>（二）所有者投入和减少资本</td>
    <td>-33,370.00</td>
    <td></td>
    <td></td>
    <td></td>
    <td>-37,883.41</td>
    <td>-17,743,221.78</td>
    <td></td>
    <td></td>
    <td></td>
    <td></td>
    <td></td>
    <td></td>
    <td>17,671,968.37</td>
    <td></td>
    <td>17,671,968.37</td>
  </tr>
  <tr>
    <td>1．所有者投入的普通股</td>
    <td></td>
    <td></td>
    <td></td>
    <td></td>
    <td></td>
    <td></td>
    <td></td>
    <td></td>
    <td></td>
    <td></td>
    <td></td>
    <td></td>
    <td></td>
    <td></td>
    <td></td>
  </tr>
  <tr>
    <td>2．其他权益工具持有者投入资本</td>
    <td></td>
    <td></td>
    <td></td>
    <td></td>
    <td></td>
    <td></td>
    <td></td>
    <td></td>
    <td></td>
    <td></td>
    <td></td>
    <td></td>
    <td></td>
    <td></td>
    <td></td>
  </tr>
  <tr>
    <td>3．股份支付计入所有者权益的金额</td>
    <td>-33,370.00</td>
    <td></td>
    <td></td>
    <td></td>
    <td>-37,883.41</td>
    <td>-17,743,221.78</td>
    <td></td>
    <td></td>
    <td></td>
    <td></td>
    <td></td>
    <td></td>
    <td>17,671,968.37</td>
    <td></td>
    <td>17,671,968.37</td>
  </tr>
  <tr>
    <td>4．其他</td>
    <td></td>
    <td></td>
    <td></td>
    <td></td>
    <td></td>
    <td></td>
    <td></td>
    <td></td>
    <td></td>
    <td></td>
    <td></td>
    <td></td>
    <td></td>
    <td></td>
    <td></td>
  </tr>
  <tr>
    <td>（三）利润分配</td>
    <td></td>
    <td></td>
    <td></td>
    <td></td>
    <td></td>
    <td></td>
    <td></td>
    <td></td>
    <td></td>
    <td></td>
    <td>-60,664,454.90</td>
    <td></td>
    <td>-60,664,454.90</td>
    <td>-4,960,000.00</td>
    <td>-65,624,454.90</td>
  </tr>
  <tr>
    <td>1．提取盈余公积</td>
    <td></td>
    <td></td>
    <td></td>
    <td></td>
    <td></td>
    <td></td>
    <td></td>
    <td></td>
    <td></td>
    <td></td>
    <td></td>
    <td></td>
    <td></td>
    <td></td>
    <td></td>
  </tr>
  <tr>
    <td>2．提取一般风险准备</td>
    <td></td>
    <td></td>
    <td></td>
    <td></td>
    <td></td>
    <td></td>
    <td></td>
    <td></td>
    <td></td>
    <td></td>
    <td></td>
    <td></td>
    <td></td>
    <td></td>
    <td></td>
  </tr>
  <tr>
    <td>3．对所有者（或股东）的分配</td>
    <td></td>
    <td></td>
    <td></td>
    <td></td>
    <td></td>
    <td></td>
    <td></td>
    <td></td>
    <td></td>
    <td></td>
    <td>-60,664,454.90</td>
    <td></td>
    <td>-60,664,454.90</td>
    <td>-4,960,000.00</td>
    <td>-65,624,454.90</td>
  </tr>
  <tr>
    <td>4．其他</td>
    <td></td>
    <td></td>
    <td></td>
    <td></td>
    <td></td>
    <td></td>
    <td></td>
    <td></td>
    <td></td>
    <td></td>
    <td></td>
    <td></td>
    <td></td>
    <td></td>
    <td></td>
  </tr>
  <tr>
    <td>（四）所有者权益内部结转</td>
    <td></td>
    <td></td>
    <td></td>
    <td></td>
    <td></td>
    <td></td>
    <td></td>
    <td></td>
    <td></td>
    <td></td>
    <td></td>
    <td></td>
    <td></td>
    <td></td>
    <td></td>
  </tr>
  <tr>
    <td>1．资本公积转增资本（或股本）</td>
    <td></td>
    <td></td>
    <td></td>
    <td></td>
    <td></td>
    <td></td>
    <td></td>
    <td></td>
    <td></td>
    <td></td>
    <td></td>
    <td></td>
    <td></td>
    <td></td>
    <td></td>
  </tr>
  <tr>
    <td>2．盈余公积转增资本（或股本）</td>
    <td></td>
    <td></td>
    <td></td>
    <td></td>
    <td></td>
    <td></td>
    <td></td>
    <td></td>
    <td></td>
    <td></td>
    <td></td>
    <td></td>
    <td></td>
    <td></td>
    <td></td>
  </tr>
  <tr>
    <td>3．盈余公积弥补亏损</td>
    <td></td>
    <td></td>
    <td></td>
    <td></td>
    <td></td>
    <td></td>
    <td></td>
    <td></td>
    <td></td>
    <td></td>
    <td></td>
    <td></td>
    <td></td>
    <td></td>
    <td></td>
  </tr>
  <tr>
    <td>4．设定受益计划变动额结转留存收益</td>
    <td></td>
    <td></td>
    <td></td>
    <td></td>
    <td></td>
    <td></td>
    <td></td>
    <td></td>
    <td></td>
    <td></td>
    <td></td>
    <td></td>
    <td></td>
    <td></td>
    <td></td>
  </tr>
  <tr>
    <td>5．其他综合收益结转留存收益</td>
    <td></td>
    <td></td>
    <td></td>
    <td></td>
    <td></td>
    <td></td>
    <td></td>
    <td></td>
    <td></td>
    <td></td>
    <td></td>
    <td></td>
    <td></td>
    <td></td>
    <td></td>
  </tr>
  <tr>
    <td>6．其他</td>
    <td></td>
    <td></td>
    <td></td>
    <td></td>
    <td></td>
    <td></td>
    <td></td>
    <td></td>
    <td></td>
    <td></td>
    <td></td>
    <td></td>
    <td></td>
    <td></td>
    <td></td>
  </tr>
  <tr>
    <td>（五）专项储备</td>
    <td></td>
    <td></td>
    <td></td>
    <td></td>
    <td></td>
    <td></td>
    <td></td>
    <td>6,356,620.82</td>
    <td></td>
    <td></td>
    <td></td>
    <td></td>
    <td>6,356,620.82</td>
    <td>22,168.00</td>
    <td>6,378,788.82</td>
  </tr>
  <tr>
    <td>1．本期提取</td>
    <td></td>
    <td></td>
    <td></td>
    <td></td>
    <td></td>
    <td></td>
    <td></td>
    <td>10,259,785.18</td>
    <td></td>
    <td></td>
    <td></td>
    <td></td>
    <td>10,259,785.18</td>
    <td>25,594.64</td>
    <td>10,285,379.82</td>
  </tr>
  <tr>
    <td>2．本期使用</td>
    <td></td>
    <td></td>
    <td></td>
    <td></td>
    <td></td>
    <td></td>
    <td></td>
    <td>-3,903,164.36</td>
    <td></td>
    <td></td>
    <td></td>
    <td></td>
    <td>-3,903,164.36</td>
    <td>-3,426.64</td>
    <td>-3,906,591.00</td>
  </tr>
  <tr>
    <td>（六）其他</td>
    <td></td>
    <td></td>
    <td></td>
    <td></td>
    <td>-7,432,940.83</td>
    <td></td>
    <td></td>
    <td></td>
    <td></td>
    <td></td>
    <td></td>
    <td></td>
    <td>-7,432,940.83</td>
    <td></td>
    <td>-7,432,940.83</td>
  </tr>
  <tr>
    <td>四、本期期末余额</td>
    <td>606,644,549.00</td>
    <td></td>
    <td></td>
    <td>-73,577,993.14</td>
    <td>2,489,901,072.81</td>
    <td></td>
    <td>-7,384,135.53</td>
    <td>61,738,884.93</td>
    <td>448,513,450.61</td>
    <td></td>
    <td>4,339,183,459.56</td>
    <td></td>
    <td>7,865,019,288.24</td>
    <td>322,251,404.74</td>
    <td>8,187,270,692.98</td>
  </tr>
</table>

> Note: merged cells detected, rendered as HTML table.

---
## 合并所有者权益变动表-2026年1—6月

<table id='e0c8418571cc664ab310b9b2f83a4a7b' titleId='55aba2fa-61f9-4583-be0a-5f6788711c16'>
  <tr>
    <td rowspan=""4"">项目</td>
    <td colspan=""15"">2025年半年度</td>
  </tr>
  <tr>
    <td colspan=""13"">归属于母公司所有者权益</td>
    <td rowspan=""3"">少数股东权益</td>
    <td rowspan=""3"">所有者权益合计</td>
  </tr>
  <tr>
    <td rowspan=""2"">实收资本(或股本)</td>
    <td></td>
    <td colspan=""2"">其他权益工具</td>
    <td rowspan=""2"">资本公积</td>
    <td rowspan=""2"">减：库存股</td>
    <td rowspan=""2"">其他综合收益</td>
    <td rowspan=""2"">专项储备</td>
    <td rowspan=""2"">盈余公积</td>
    <td rowspan=""2"">一般风险准备</td>
    <td rowspan=""2"">未分配利润</td>
    <td rowspan=""2"">其他</td>
    <td rowspan=""2"">小计</td>
  </tr>
  <tr>
    <td></td>
    <td></td>
    <td>其他</td>
  </tr>
  <tr>
    <td>一、上年期末余额</td>
    <td>606,677,919.00</td>
    <td></td>
    <td></td>
    <td>-73,577,993.14</td>
    <td>2,715,738,824.81</td>
    <td>37,799,634.70</td>
    <td>18,618,291.37</td>
    <td>43,553,886.91</td>
    <td>399,857,411.86</td>
    <td></td>
    <td>3,924,058,523.88</td>
    <td></td>
    <td>7,597,127,229.99</td>
    <td>385 ,498,918.55</td>
    <td>7 ,982,626,148.54</td>
  </tr>
  <tr>
    <td>加：会计政策变更</td>
    <td></td>
    <td></td>
    <td></td>
    <td></td>
    <td></td>
    <td></td>
    <td></td>
    <td></td>
    <td></td>
    <td></td>
    <td></td>
    <td></td>
    <td></td>
    <td></td>
    <td></td>
  </tr>
  <tr>
    <td>前期差错更正</td>
    <td></td>
    <td></td>
    <td></td>
    <td></td>
    <td></td>
    <td></td>
    <td></td>
    <td></td>
    <td></td>
    <td></td>
    <td></td>
    <td></td>
    <td></td>
    <td></td>
    <td></td>
  </tr>
  <tr>
    <td>其他</td>
    <td></td>
    <td></td>
    <td></td>
    <td></td>
    <td></td>
    <td></td>
    <td></td>
    <td></td>
    <td></td>
    <td></td>
    <td></td>
    <td></td>
    <td></td>
    <td></td>
    <td></td>
  </tr>
  <tr>
    <td>二、本年期初余额</td>
    <td>606,677,919.00</td>
    <td></td>
    <td></td>
    <td>-73,577,993.1 4</td>
    <td>2,715,738,824.81</td>
    <td>37,799,634.70</td>
    <td>18,618,291.37</td>
    <td>43,553,886.91</td>
    <td>399,857,411.86</td>
    <td></td>
    <td>3,924,058,523.88</td>
    <td></td>
    <td>7,597,127,229.99</td>
    <td>385,498,918.55</td>
    <td>7 ,982,626,148.54</td>
  </tr>
  <tr>
    <td>三、本期增减变动金额（减少以“-”号填列）</td>
    <td></td>
    <td></td>
    <td></td>
    <td></td>
    <td>1,419,336.96</td>
    <td>-19,477,442.17</td>
    <td>-3,094,830.46</td>
    <td>7,100,173.82</td>
    <td></td>
    <td></td>
    <td>234,048,127.29</td>
    <td></td>
    <td>258,950,249.78</td>
    <td>-53,282,500.06</td>
    <td>205,667,749.72</td>
  </tr>
  <tr>
    <td>（一）综合收益总额</td>
    <td></td>
    <td></td>
    <td></td>
    <td></td>
    <td></td>
    <td></td>
    <td>-3,094,830.46</td>
    <td></td>
    <td></td>
    <td></td>
    <td>385,717,607.04</td>
    <td></td>
    <td>382,622,776.58</td>
    <td>4,673,968.63</td>
    <td>387,296,745.21</td>
  </tr>
  <tr>
    <td>（二）所有者投入和减少资本</td>
    <td></td>
    <td></td>
    <td></td>
    <td></td>
    <td>4,267,775.63</td>
    <td>-19,477,442.17</td>
    <td></td>
    <td></td>
    <td></td>
    <td></td>
    <td></td>
    <td></td>
    <td>23,745,217.80</td>
    <td></td>
    <td>23,745,217.80</td>
  </tr>
  <tr>
    <td>1．所有者投入的普通股</td>
    <td></td>
    <td></td>
    <td></td>
    <td></td>
    <td></td>
    <td></td>
    <td></td>
    <td></td>
    <td></td>
    <td></td>
    <td></td>
    <td></td>
    <td></td>
    <td></td>
    <td></td>
  </tr>
  <tr>
    <td>2．其他权益工具持有者投入资本</td>
    <td></td>
    <td></td>
    <td></td>
    <td></td>
    <td></td>
    <td></td>
    <td></td>
    <td></td>
    <td></td>
    <td></td>
    <td></td>
    <td></td>
    <td></td>
    <td></td>
    <td></td>
  </tr>
  <tr>
    <td>3．股份支付计入所有者权益的金额</td>
    <td></td>
    <td></td>
    <td></td>
    <td></td>
    <td>4,267,775.63</td>
    <td>-19,477,442.17</td>
    <td></td>
    <td></td>
    <td></td>
    <td></td>
    <td></td>
    <td></td>
    <td>23,745,217.80</td>
    <td></td>
    <td>23,745,217.80</td>
  </tr>
  <tr>
    <td>4．其他</td>
    <td></td>
    <td></td>
    <td></td>
    <td></td>
    <td></td>
    <td></td>
    <td></td>
    <td></td>
    <td></td>
    <td></td>
    <td></td>
    <td></td>
    <td></td>
    <td></td>
    <td></td>
  </tr>
  <tr>
    <td>（三）利润分配</td>
    <td></td>
    <td></td>
    <td></td>
    <td></td>
    <td></td>
    <td></td>
    <td></td>
    <td></td>
    <td></td>
    <td></td>
    <td>-151,669,479.75</td>
    <td></td>
    <td>-151,669,479.75</td>
    <td>-5,484,000.00</td>
    <td>-157,153,479.75</td>
  </tr>
  <tr>
    <td>1．提取盈余公积</td>
    <td></td>
    <td></td>
    <td></td>
    <td></td>
    <td></td>
    <td></td>
    <td></td>
    <td></td>
    <td></td>
    <td></td>
    <td></td>
    <td></td>
    <td></td>
    <td></td>
    <td></td>
  </tr>
  <tr>
    <td>2．提取一般风险准备</td>
    <td></td>
    <td></td>
    <td></td>
    <td></td>
    <td></td>
    <td></td>
    <td></td>
    <td></td>
    <td></td>
    <td></td>
    <td></td>
    <td></td>
    <td></td>
    <td></td>
    <td></td>
  </tr>
  <tr>
    <td>3．对所有者（或股东）的分配</td>
    <td></td>
    <td></td>
    <td></td>
    <td></td>
    <td></td>
    <td></td>
    <td></td>
    <td></td>
    <td></td>
    <td></td>
    <td>-151,669,479.75</td>
    <td></td>
    <td>-151,669,479.75</td>
    <td>-5,484,000.00</td>
    <td>-157,153,479.75</td>
  </tr>
  <tr>
    <td>4．其他</td>
    <td></td>
    <td></td>
    <td></td>
    <td></td>
    <td></td>
    <td></td>
    <td></td>
    <td></td>
    <td></td>
    <td></td>
    <td></td>
    <td></td>
    <td></td>
    <td></td>
    <td></td>
  </tr>
  <tr>
    <td>（四）所有者权益内部结转</td>
    <td></td>
    <td></td>
    <td></td>
    <td></td>
    <td></td>
    <td></td>
    <td></td>
    <td></td>
    <td></td>
    <td></td>
    <td></td>
    <td></td>
    <td></td>
    <td></td>
    <td></td>
  </tr>
  <tr>
    <td>1．资本公积转增资本（或股本）</td>
    <td></td>
    <td></td>
    <td></td>
    <td></td>
    <td></td>
    <td></td>
    <td></td>
    <td></td>
    <td></td>
    <td></td>
    <td></td>
    <td></td>
    <td></td>
    <td></td>
    <td></td>
  </tr>
  <tr>
    <td>2．盈余公积转增资本（或股本）</td>
    <td></td>
    <td></td>
    <td></td>
    <td></td>
    <td></td>
    <td></td>
    <td></td>
    <td></td>
    <td></td>
    <td></td>
    <td></td>
    <td></td>
    <td></td>
    <td></td>
    <td></td>
  </tr>
  <tr>
    <td>3．盈余公积弥补亏损</td>
    <td></td>
    <td></td>
    <td></td>
    <td></td>
    <td></td>
    <td></td>
    <td></td>
    <td></td>
    <td></td>
    <td></td>
    <td></td>
    <td></td>
    <td></td>
    <td></td>
    <td></td>
  </tr>
  <tr>
    <td>4．设定受益计划变动额结转留存收益</td>
    <td></td>
    <td></td>
    <td></td>
    <td></td>
    <td></td>
    <td></td>
    <td></td>
    <td></td>
    <td></td>
    <td></td>
    <td></td>
    <td></td>
    <td></td>
    <td></td>
    <td></td>
  </tr>
  <tr>
    <td>5．其他综合收益结转留存收益</td>
    <td></td>
    <td></td>
    <td></td>
    <td></td>
    <td></td>
    <td></td>
    <td></td>
    <td></td>
    <td></td>
    <td></td>
    <td></td>
    <td></td>
    <td></td>
    <td></td>
    <td></td>
  </tr>
  <tr>
    <td>6．其他</td>
    <td></td>
    <td></td>
    <td></td>
    <td></td>
    <td></td>
    <td></td>
    <td></td>
    <td></td>
    <td></td>
    <td></td>
    <td></td>
    <td></td>
    <td></td>
    <td></td>
    <td></td>
  </tr>
  <tr>
    <td>（五）专项储备</td>
    <td></td>
    <td></td>
    <td></td>
    <td></td>
    <td></td>
    <td></td>
    <td></td>
    <td>7,100,173.82</td>
    <td></td>
    <td></td>
    <td></td>
    <td></td>
    <td>7,100,173.82</td>
    <td>28,668.32</td>
    <td>7,128,842.14</td>
  </tr>
  <tr>
    <td>1．本期提取</td>
    <td></td>
    <td></td>
    <td></td>
    <td></td>
    <td></td>
    <td></td>
    <td></td>
    <td>11,896,217.61</td>
    <td></td>
    <td></td>
    <td></td>
    <td></td>
    <td>11,896,217.61</td>
    <td>34,183.54</td>
    <td>11,930,401.15</td>
  </tr>
  <tr>
    <td>2．本期使用</td>
    <td></td>
    <td></td>
    <td></td>
    <td></td>
    <td></td>
    <td></td>
    <td></td>
    <td>-4,796,043.79</td>
    <td></td>
    <td></td>
    <td></td>
    <td></td>
    <td>-4,796,043.79</td>
    <td>-5,515.22</td>
    <td>-4,801,559.01</td>
  </tr>
  <tr>
    <td>（六）其他</td>
    <td></td>
    <td></td>
    <td></td>
    <td></td>
    <td>-2,848,438.67</td>
    <td></td>
    <td></td>
    <td></td>
    <td></td>
    <td></td>
    <td></td>
    <td></td>
    <td>-2,848,438.67</td>
    <td>-52,501,137.01</td>
    <td>-55,349,575.68</td>
  </tr>
  <tr>
    <td>四、本期期末余额</td>
    <td>606,677,919.00</td>
    <td></td>
    <td></td>
    <td>-73,577,993.14</td>
    <td>2,717,158,161.77</td>
    <td>18,322,192.53</td>
    <td>15,523,460.91</td>
    <td>50,654,060.73</td>
    <td>399,857,411.86</td>
    <td></td>
    <td>4,158,106,651.17</td>
    <td></td>
    <td>7,856,077,479.77</td>
    <td colspan=""2"">332,216,418.49 8,188,293,898.26</td>
  </tr>
</table>

> Note: merged cells detected, rendered as HTML table.

---
## 母公司所有者权益变动表

2026年1—6月

单位：元币种：人民币

<table id='5b8d4c622be42ea75eebce8928f80376' titleId='5b8d4c622be42ea75eebce8928f80376' headId='5b8d4c622be42ea75eebce8928f80376||5b8d4c622be42ea75eebce8928f80376'>
  <tr>
    <td rowspan=""3"">项目</td>
    <td colspan=""11"">2026年半年度</td>
  </tr>
  <tr>
    <td rowspan=""2"">实收资本(或股本)</td>
    <td colspan=""3"">其他权益工具</td>
    <td rowspan=""2"">资本公积</td>
    <td rowspan=""2"">减：库存股</td>
    <td rowspan=""2"">其他综合收益</td>
    <td rowspan=""2"">专项储备</td>
    <td rowspan=""2"">盈余公积</td>
    <td rowspan=""2"">未分配利润</td>
    <td rowspan=""2"">所有者权益合计</td>
  </tr>
  <tr>
    <td>优先股</td>
    <td>永续债</td>
    <td>其他</td>
  </tr>
  <tr>
    <td>一、上年期末余额</td>
    <td>606,677,919.00</td>
    <td></td>
    <td></td>
    <td>-73,577,993.14</td>
    <td>2,976,164,446.60</td>
    <td>17,743,221.78</td>
    <td>-3,311,583.89</td>
    <td>14,975,374.92</td>
    <td>446,117,198.69</td>
    <td>2,858,167,170.88</td>
    <td>6,807,469,311.28</td>
  </tr>
  <tr>
    <td>加：会计政策变更</td>
    <td></td>
    <td></td>
    <td></td>
    <td></td>
    <td></td>
    <td></td>
    <td></td>
    <td></td>
    <td></td>
    <td></td>
    <td></td>
  </tr>
  <tr>
    <td>前期差错更正</td>
    <td></td>
    <td></td>
    <td></td>
    <td></td>
    <td></td>
    <td></td>
    <td></td>
    <td></td>
    <td></td>
    <td></td>
    <td></td>
  </tr>
  <tr>
    <td>其他</td>
    <td></td>
    <td></td>
    <td></td>
    <td></td>
    <td></td>
    <td></td>
    <td></td>
    <td></td>
    <td></td>
    <td></td>
    <td></td>
  </tr>
  <tr>
    <td>二、本年期初余额</td>
    <td>606,677,919.00</td>
    <td></td>
    <td></td>
    <td>-73,577,993.14</td>
    <td>2,976,164,446.60</td>
    <td>17,743,221.78</td>
    <td>-3,311,583.89</td>
    <td>14,975,374.92</td>
    <td>446,117,198.69</td>
    <td>2,858,167,170.88</td>
    <td>6,807,469,311.28</td>
  </tr>
  <tr>
    <td>三、本期增减变动金额（减少以“-”号填列）</td>
    <td>-33,370.00</td>
    <td></td>
    <td></td>
    <td></td>
    <td>-218,573.50</td>
    <td>- 17,743,221.78</td>
    <td></td>
    <td>2,148,934.05</td>
    <td></td>
    <td>245,260,076.43</td>
    <td>264,900,288.76</td>
  </tr>
  <tr>
    <td>（一）综合收益总额</td>
    <td></td>
    <td></td>
    <td></td>
    <td></td>
    <td></td>
    <td></td>
    <td></td>
    <td></td>
    <td></td>
    <td>305,924,531.33</td>
    <td>305,924,531.33</td>
  </tr>
  <tr>
    <td>（二）所有者投入和减少资本</td>
    <td>-33,370.00</td>
    <td></td>
    <td></td>
    <td></td>
    <td>-218,573.50</td>
    <td>- 17,743,221.78</td>
    <td></td>
    <td></td>
    <td></td>
    <td></td>
    <td>17,491,278.28</td>
  </tr>
  <tr>
    <td>1．所有者投入的普通股</td>
    <td></td>
    <td></td>
    <td></td>
    <td></td>
    <td></td>
    <td></td>
    <td></td>
    <td></td>
    <td></td>
    <td></td>
    <td></td>
  </tr>
  <tr>
    <td>2．其他权益工具持有者投入资本</td>
    <td></td>
    <td></td>
    <td></td>
    <td></td>
    <td></td>
    <td></td>
    <td></td>
    <td></td>
    <td></td>
    <td></td>
    <td></td>
  </tr>
  <tr>
    <td>3．股份支付计入所有者权益的金额</td>
    <td>-33,370.00</td>
    <td></td>
    <td></td>
    <td></td>
    <td>-218,573.50</td>
    <td>- 17,743,221.78</td>
    <td></td>
    <td></td>
    <td></td>
    <td></td>
    <td>17,491,278.28</td>
  </tr>
  <tr>
    <td>4．其他</td>
    <td></td>
    <td></td>
    <td></td>
    <td></td>
    <td></td>
    <td></td>
    <td></td>
    <td></td>
    <td></td>
    <td></td>
    <td></td>
  </tr>
  <tr>
    <td>（三）利润分配</td>
    <td></td>
    <td></td>
    <td></td>
    <td></td>
    <td></td>
    <td></td>
    <td></td>
    <td></td>
    <td></td>
    <td>-60,664,454.90</td>
    <td>-60,664,454.90</td>
  </tr>
  <tr>
    <td>1．提取盈余公积</td>
    <td></td>
    <td></td>
    <td></td>
    <td></td>
    <td></td>
    <td></td>
    <td></td>
    <td></td>
    <td></td>
    <td></td>
    <td></td>
  </tr>
  <tr>
    <td>00</td>
    <td></td>
    <td></td>
    <td></td>
    <td></td>
    <td></td>
    <td></td>
    <td></td>
    <td></td>
    <td></td>
    <td></td>
    <td></td>
  </tr>
  <tr>
    <td>2．对所有者（或股东）的分配</td>
    <td></td>
    <td></td>
    <td></td>
    <td></td>
    <td></td>
    <td></td>
    <td></td>
    <td></td>
    <td></td>
    <td>-60,664,454.90</td>
    <td>-60,664,454.90</td>
  </tr>
  <tr>
    <td>3．其他</td>
    <td></td>
    <td></td>
    <td></td>
    <td></td>
    <td></td>
    <td></td>
    <td></td>
    <td></td>
    <td></td>
    <td></td>
    <td></td>
  </tr>
  <tr>
    <td>（四）所有者权益内部结转</td>
    <td></td>
    <td></td>
    <td></td>
    <td></td>
    <td></td>
    <td></td>
    <td></td>
    <td></td>
    <td></td>
    <td></td>
    <td></td>
  </tr>
  <tr>
    <td>1．资本公积转增资本（或股本）</td>
    <td></td>
    <td></td>
    <td></td>
    <td></td>
    <td></td>
    <td></td>
    <td></td>
    <td></td>
    <td></td>
    <td></td>
    <td></td>
  </tr>
  <tr>
    <td>2．盈余公积转增资本（或股本）</td>
    <td></td>
    <td></td>
    <td></td>
    <td></td>
    <td></td>
    <td></td>
    <td></td>
    <td></td>
    <td></td>
    <td></td>
    <td></td>
  </tr>
  <tr>
    <td>3．盈余公积弥补亏损</td>
    <td></td>
    <td></td>
    <td></td>
    <td></td>
    <td></td>
    <td></td>
    <td></td>
    <td></td>
    <td></td>
    <td></td>
    <td></td>
  </tr>
  <tr>
    <td>4．设定受益计划变动额结转留存收益</td>
    <td></td>
    <td></td>
    <td></td>
    <td></td>
    <td></td>
    <td></td>
    <td></td>
    <td></td>
    <td></td>
    <td></td>
    <td></td>
  </tr>
  <tr>
    <td>5．其他综合收益结转留存收益</td>
    <td></td>
    <td></td>
    <td></td>
    <td></td>
    <td></td>
    <td></td>
    <td></td>
    <td></td>
    <td></td>
    <td></td>
    <td></td>
  </tr>
  <tr>
    <td>6．其他</td>
    <td></td>
    <td></td>
    <td></td>
    <td></td>
    <td></td>
    <td></td>
    <td></td>
    <td></td>
    <td></td>
    <td></td>
    <td></td>
  </tr>
  <tr>
    <td>（五）专项储备</td>
    <td></td>
    <td></td>
    <td></td>
    <td></td>
    <td></td>
    <td></td>
    <td></td>
    <td>2,148,934.05</td>
    <td></td>
    <td></td>
    <td>2,148,934.05</td>
  </tr>
  <tr>
    <td>1．本期提取</td>
    <td></td>
    <td></td>
    <td></td>
    <td></td>
    <td></td>
    <td></td>
    <td></td>
    <td>3,671,013.43</td>
    <td></td>
    <td></td>
    <td>3,671,013.43</td>
  </tr>
  <tr>
    <td>2．本期使用</td>
    <td></td>
    <td></td>
    <td></td>
    <td></td>
    <td></td>
    <td></td>
    <td></td>
    <td>-1,522,079.38</td>
    <td></td>
    <td></td>
    <td>-1,522,079.38</td>
  </tr>
  <tr>
    <td>（六）其他</td>
    <td></td>
    <td></td>
    <td></td>
    <td></td>
    <td></td>
    <td></td>
    <td></td>
    <td></td>
    <td></td>
    <td></td>
    <td></td>
  </tr>
  <tr>
    <td>四、本期期末余额</td>
    <td>606,644,549.00</td>
    <td></td>
    <td></td>
    <td>-73,577,993.14</td>
    <td>2,975,945,873.10</td>
    <td></td>
    <td>-3,311,583.89</td>
    <td>17,124,308.97</td>
    <td>446,117,198.69</td>
    <td>3,103,427,247.31</td>
    <td>7,072,369,600.04</td>
  </tr>
</table>

> Note: merged cells detected, rendered as HTML table.

---
## 母公司所有者权益变动表-2026年1—6月

<table id='b77f1618cd744bd2da31e31bc6491561' titleId='b6ce138e-ee68-4f45-8c2d-c02bc8cc6b98'>
  <tr>
    <td rowspan=""3"">项目</td>
    <td colspan=""11"">2025年半年度</td>
  </tr>
  <tr>
    <td rowspan=""2"">实收资本(或股本)</td>
    <td colspan=""3"">其他权益工具</td>
    <td rowspan=""2"">资本公积</td>
    <td rowspan=""2"">减：库存股</td>
    <td rowspan=""2"">其他综合收益</td>
    <td rowspan=""2"">专项储备</td>
    <td rowspan=""2"">盈余公积</td>
    <td rowspan=""2"">未分配利润</td>
    <td rowspan=""2"">所有者权益合计</td>
  </tr>
  <tr>
    <td>优先股</td>
    <td>永续债</td>
    <td>其他</td>
  </tr>
  <tr>
    <td>一、上年期末余额</td>
    <td>606,677,919.00</td>
    <td></td>
    <td></td>
    <td>-73,577,993.14</td>
    <td>2,968,345,089.74</td>
    <td>37,799,634.70</td>
    <td>11,506,826.09</td>
    <td>10,509,526.96</td>
    <td>397,461,159.94</td>
    <td>2,707,430,238.39</td>
    <td>6,590,553,132.28</td>
  </tr>
  <tr>
    <td>加：会计政策变更</td>
    <td></td>
    <td></td>
    <td></td>
    <td></td>
    <td></td>
    <td></td>
    <td></td>
    <td></td>
    <td></td>
    <td></td>
    <td></td>
  </tr>
  <tr>
    <td>前期差错更正</td>
    <td></td>
    <td></td>
    <td></td>
    <td></td>
    <td></td>
    <td></td>
    <td></td>
    <td></td>
    <td></td>
    <td></td>
    <td></td>
  </tr>
  <tr>
    <td>其他</td>
    <td></td>
    <td></td>
    <td></td>
    <td></td>
    <td></td>
    <td></td>
    <td></td>
    <td></td>
    <td></td>
    <td></td>
    <td></td>
  </tr>
  <tr>
    <td>二、本年期初余额</td>
    <td>606,677,919.00</td>
    <td></td>
    <td></td>
    <td>-73,577,993.14</td>
    <td>2,968,345,089.74</td>
    <td>37,799,634.70</td>
    <td>11,506,826.09</td>
    <td>10,509,526.96</td>
    <td>397,461,159.94</td>
    <td>2,707,430,238.39</td>
    <td>6,590,553,132.28</td>
  </tr>
  <tr>
    <td>三、本期增减变动金额（减少以“-”号填列）</td>
    <td></td>
    <td></td>
    <td></td>
    <td></td>
    <td>4,084,982.58</td>
    <td>-19,477,442.17</td>
    <td></td>
    <td>1,936,497.60</td>
    <td></td>
    <td>203,359,794.91</td>
    <td>228,858,717.26</td>
  </tr>
  <tr>
    <td>（一）综合收益总额</td>
    <td></td>
    <td></td>
    <td></td>
    <td></td>
    <td></td>
    <td></td>
    <td></td>
    <td></td>
    <td></td>
    <td>355,029,274.66</td>
    <td>355,029,274.66</td>
  </tr>
  <tr>
    <td>（二）所有者投入和减少资本</td>
    <td></td>
    <td></td>
    <td></td>
    <td></td>
    <td>4,084,982.58</td>
    <td>-19,477,442.17</td>
    <td></td>
    <td></td>
    <td></td>
    <td></td>
    <td>23,562,424.75</td>
  </tr>
  <tr>
    <td>1．所有者投入的普通股</td>
    <td></td>
    <td></td>
    <td></td>
    <td></td>
    <td></td>
    <td></td>
    <td></td>
    <td></td>
    <td></td>
    <td></td>
    <td></td>
  </tr>
  <tr>
    <td>2．其他权益工具持有者投入资本</td>
    <td></td>
    <td></td>
    <td></td>
    <td></td>
    <td></td>
    <td></td>
    <td></td>
    <td></td>
    <td></td>
    <td></td>
    <td></td>
  </tr>
  <tr>
    <td>3．股份支付计入所有者权益的金额</td>
    <td></td>
    <td></td>
    <td></td>
    <td></td>
    <td>4,084,982.58</td>
    <td>-19,477,442.17</td>
    <td></td>
    <td></td>
    <td></td>
    <td></td>
    <td>23,562,424.75</td>
  </tr>
  <tr>
    <td>4．其他</td>
    <td></td>
    <td></td>
    <td></td>
    <td></td>
    <td></td>
    <td></td>
    <td></td>
    <td></td>
    <td></td>
    <td></td>
    <td></td>
  </tr>
  <tr>
    <td>（三）利润分配</td>
    <td></td>
    <td></td>
    <td></td>
    <td></td>
    <td></td>
    <td></td>
    <td></td>
    <td></td>
    <td></td>
    <td>-151,669,479.75</td>
    <td>-151,669,479.75</td>
  </tr>
  <tr>
    <td>1．提取盈余公积</td>
    <td></td>
    <td></td>
    <td></td>
    <td></td>
    <td></td>
    <td></td>
    <td></td>
    <td></td>
    <td></td>
    <td></td>
    <td></td>
  </tr>
  <tr>
    <td>2．对所有者（或股东）的分配</td>
    <td></td>
    <td></td>
    <td></td>
    <td></td>
    <td></td>
    <td></td>
    <td></td>
    <td></td>
    <td></td>
    <td>-151,669,479.75</td>
    <td>-151,669,479.75</td>
  </tr>
  <tr>
    <td>3．其他</td>
    <td></td>
    <td></td>
    <td></td>
    <td></td>
    <td></td>
    <td></td>
    <td></td>
    <td></td>
    <td></td>
    <td></td>
    <td></td>
  </tr>
  <tr>
    <td>（四）所有者权益内部结转</td>
    <td></td>
    <td></td>
    <td></td>
    <td></td>
    <td></td>
    <td></td>
    <td></td>
    <td></td>
    <td></td>
    <td></td>
    <td></td>
  </tr>
  <tr>
    <td>1．资本公积转增资本（或股本）</td>
    <td></td>
    <td></td>
    <td></td>
    <td></td>
    <td></td>
    <td></td>
    <td></td>
    <td></td>
    <td></td>
    <td></td>
    <td></td>
  </tr>
  <tr>
    <td>2．盈余公积转增资本（或股本）</td>
    <td></td>
    <td></td>
    <td></td>
    <td></td>
    <td></td>
    <td></td>
    <td></td>
    <td></td>
    <td></td>
    <td></td>
    <td></td>
  </tr>
  <tr>
    <td>3．盈余公积弥补亏损</td>
    <td></td>
    <td></td>
    <td></td>
    <td></td>
    <td></td>
    <td></td>
    <td></td>
    <td></td>
    <td></td>
    <td></td>
    <td></td>
  </tr>
  <tr>
    <td>4．设定受益计划变动额结转留存收益</td>
    <td></td>
    <td></td>
    <td></td>
    <td></td>
    <td></td>
    <td></td>
    <td></td>
    <td></td>
    <td></td>
    <td></td>
    <td></td>
  </tr>
  <tr>
    <td>5．其他综合收益结转留存收益</td>
    <td></td>
    <td></td>
    <td></td>
    <td></td>
    <td></td>
    <td></td>
    <td></td>
    <td></td>
    <td></td>
    <td></td>
    <td></td>
  </tr>
  <tr>
    <td>6．其他</td>
    <td></td>
    <td></td>
    <td></td>
    <td></td>
    <td></td>
    <td></td>
    <td></td>
    <td></td>
    <td></td>
    <td></td>
    <td></td>
  </tr>
  <tr>
    <td>（五）专项储备</td>
    <td></td>
    <td></td>
    <td></td>
    <td></td>
    <td></td>
    <td></td>
    <td></td>
    <td>1,936,497.60</td>
    <td></td>
    <td></td>
    <td>1,936,497.60</td>
  </tr>
  <tr>
    <td>1．本期提取</td>
    <td></td>
    <td></td>
    <td></td>
    <td></td>
    <td></td>
    <td></td>
    <td></td>
    <td>3,508,968.19</td>
    <td></td>
    <td></td>
    <td>3,508,968.19</td>
  </tr>
  <tr>
    <td>2．本期使用</td>
    <td></td>
    <td></td>
    <td></td>
    <td></td>
    <td></td>
    <td></td>
    <td></td>
    <td>-1,572,470.59</td>
    <td></td>
    <td></td>
    <td>-1,572,470.59</td>
  </tr>
  <tr>
    <td>（六）其他</td>
    <td></td>
    <td></td>
    <td></td>
    <td></td>
    <td></td>
    <td></td>
    <td></td>
    <td></td>
    <td></td>
    <td></td>
    <td></td>
  </tr>
  <tr>
    <td>四、本期期末余额</td>
    <td>606,677,919.00</td>
    <td></td>
    <td></td>
    <td>-73,577,993.14</td>
    <td>2,972,430,072.32</td>
    <td>18,322,192.53</td>
    <td>11,506,826.09</td>
    <td>12,446,024.56</td>
    <td>397,461,159.94</td>
    <td>2,910,790,033.30</td>
    <td>6,819,411,849.54</td>
  </tr>
</table>

> Note: merged cells detected, rendered as HTML table.

---
山东新华医疗器械股份有限公司（以下简称“新华医疗”、“公司”或“本公司”）系经山东省淄博市经济体制改革委员会批准，将原山东新华医疗器械厂下属医院设备分厂的生产经营性资产投入，同时发行内部职工股，以定向募集方式设立的股份有限公司，于1993年4月18日在山东省工商行政管理局登记注册，总部位于山东省淄博市。公司持有统一社会信用代码为
91370000267171351C的营业执照，注册资本606,644,549.00元，股份总数606,644,549股（每股面值1元）。公司股票已于2002年9月27日在上海证券交易所挂牌交易。
经中国证券监督管理委员会出具的《关于核准山东新华医疗器械股份有限公司非公开发行股票的批复》（证监许可[2022]1223号），公司非公开发行人民币普通股（A股）54,900,098股，上述股份已于2023年2月27日在中国证券登记结算有限责任公司上海分公司办理完毕登记托管手续。本次非公开发行股票完成后，公司股份总数由411,974,891股增加至466,874,989股，公司注册资本由人民币411,974,891.00元增加至466,874,989.00元，并于2023年3月6日，领取由淄博市行政审批服务局核发的营业执照。
公司于2023年9月22日完成了13名激励对象共193,000股已获授但尚未解除限售的限制性股票的回购注销手续，公司总股本由466,874,989股减少至466,681,989股，公司注册资本由人民币466,874,989元变更为人民币466,681,989元。
公司于2024年4月18日召开2023年年度股东大会，审议并通过《2023年度利润分配预案》，本次利润分配及公积金转增股本以方案实施前的公司总股本466,681,989股为基数，以资本公积金向全体股东每股转增0.30股，共计转增140,004,597股。公司注册资本由人民币466,874,989元变更为人民币606,686,586元。

---
公司于2024年8月28日完成1名激励对象共8,667股已获授但尚未解除限售的限制性股票的回购注销，公司总股本由606,686,586股减少至606,677,919股，公司注册资本由人民币606,686,586元变更为606,677,919元。
公司于2026年1月5日完成了6名激励对象共33,370股已获授但尚未解除限售的限制性股票的回购注销手续，公司总股本由606,677,919股减少至606,644,549股，公司注册资本由人民币606,677,919元变更为人民币606,644,549元。
公司法定代表人：王玉全；公司注册地：山东省淄博市高新技术产业开发区新华医疗科技园。

---
2、公司实际从事的主要经营活动
新华医疗深耕“医疗器械、制药装备”两大制造主业，适度延伸与主业协同的“医疗服务、医疗商贸”。医疗器械板块产品主要包括感染控制设备及耗材、放射治疗及影像、体外诊断试剂及仪器、手术器械及骨科等。制药装备产品主要包括注射剂、生物制药、固体制剂、中药制剂四大类。医疗服务板块，重点发展与公司产品具有协同作用的血液透析专科医院。医疗商贸板块，依托公司完善的营销宣传、配送渠道和售后服务体系，与国外公司开展战略合作。
3、母公司以及最终母公司的名称
公司母公司以及最终母公司为山东健康集团有限公司。
4、财务报告的批准报出机构和财务报告批准报出日
本公司财务报告经公司董事会会议于2026年8月27日批准报出。

---
√适用□不适用
本公司在职工提供服务的会计期间，将实际发生的短期薪酬确认为负债，并计入当期损益或相关资产成本。其中，非货币性福利按照公允价值计量。
对于利润分享计划的，在同时满足下列条件时确认相关的应付职工薪酬：
（1）本公司因过去事项导致现在具有支付职工薪酬的法定义务或推定义务；
（2）因利润分享计划所产生的应付职工薪酬义务金额能够可靠估计。
如果本公司在职工为其提供相关服务的年度报告期间结束后十二个月内，不需要全部支付利润分享计划产生的应付职工薪酬，该利润分享计划适用其他长期职工福利的有关规定。本公司根据经营业绩或职工贡献等情况提取的奖金，属于奖金计划，比照短期利润分享计划进行处理。

---
√适用□不适用
（1）设定提存计划
本公司在职工为其提供服务的会计期间，将根据设定提存计划计算的应缴存金额确认为负债，并计入当期损益或相关资产成本。预期不会在职工提供相关服务的年度报告期结束后十二个月内支付全部应缴存金额的，按确定的折现率将全部应缴存金额以折现后的金额计量应付职工薪酬。
（2）设定受益计划
本公司根据预期累计福利单位法确定的公式将设定受益计划产生的福利义务归属于职工提供服务的期间，并计入当期损益或相关资产成本。当职工后续年度的服务将导致其享有的设定受益计划福利水平显著高于以前年度时，本公司按照直线法将累计设定受益计划义务分摊确认于职工提供服务而导致本公司第一次产生设定受益计划福利义务至职工提供服务不再导致该福利义务显著增加的期间。在确定该归属期间时，不考虑仅因未来工资水平提高而导致设定受益计划义务显著增加的情况。
报告期末，本公司将设定受益计划产生的职工薪酬成本确认为下列组成部分：
①服务成本，包括当期服务成本、过去服务成本和结算利得或损失。
②设定受益计划净负债或净资产的利息净额，包括计划资产的利息收益、设定受益计划义务的利息费用以及资产上限影响的利息。
③重新计量设定受益计划净负债或净资产所产生的变动。
除非其他会计准则要求或允许职工福利成本计入资产成本，上述第①项和第②项计入当期损益；第③项计入其他综合收益。

---
(三十九)其他重要的会计政策和会计估计
□适用√不适用
(四十)重要会计政策和会计估计的变更
(1)重要会计政策变更
□适用√不适用
(2)重要会计估计变更
□适用√不适用
(3) 2026年起首次执行新会计准则或准则解释等涉及调整首次执行当年年初的财务报表
□适用√不适用
(四十一) 其他
□适用√不适用

---
## 主要税种及税率

| 纳税主体名称 | 所得税税率（%） |
| :--: | :--: |
| 山东新华医疗器械股份有限公司 | 15.00 |
| 新华手术器械有限公司 | 15.00 |
| 山东新华医用环保设备有限公司 | 15.00 |
| 长春博迅生物技术有限责任公司 | 15.00 |
| 成都英德生物医药设备有限公司 | 15.00 |
| 上海远跃制药机械有限公司 | 15.00 |
| 苏州浙远自动化工程技术有限公司 | 15.00 |
| 山东新华莎罗雅生物技术有限公司 | 15.00 |
| 新华医疗康复产业（西安）有限公司 | 15.00 |
| 上海新华瑞思医疗科技有限公司 | 15.00 |
| 上海天清生物材料有限公司 | 15.00 |
| 华佗国际发展有限公司 | 16.50 |
| 淄博利生药业有限责任公司、山东新华奇林软件技术有限公司等子公司 | 20.00 |
| 除上述以外的其他纳税主体 | 25.00 |

---
√适用□不适用
公司于2023年再次通过高新技术企业认定，并取得高新技术企业证书，发证日期为2023年12月7日，有效期为3年，2026年按照15%的税率计缴企业所得税。
子公司新华手术器械有限公司于2023年再次通过高新技术企业认定，并取得高新技术企业证书，发证日期为2023年12月7日，有效期为3年，2026年按照15%的税率计缴企业所得税。
子公司成都英德生物医药设备有限公司于2023年再次通过高新技术企业认定，并取得高新技术企业证书，发证日期为2023年10月16日，有效期为3年，2026年按照15%的税率计缴企业所得税。
子公司长春博迅生物技术有限责任公司于2025年再次通过高新技术企业认定，并取得高新技术企业证书，发证日期为2025年10月28日，有效期为3年，2026年按照15%的税率计缴企业所得税。
子公司山东新华莎罗雅生物技术有限公司于2023年通过高新技术企业认定，并取得高新技术企业证书，发证日期为2023年11月29日，有效期为3年，2026年按照15%的税率计缴企业所得税。
子公司新华医疗康复产业（西安）有限公司于2025年通过高新技术企业认定，并取得高新技术企业证书，发证日期为2025年12月19日，有效期为3年，2026年按照15%的税率计缴企业所得税。
子公司山东新华医用环保设备有限公司于2024年再次通过高新技术企业认定，并取得高新技术企业证书，发证日期为2024年12月7日，有效期为3年，2026年按照15%的税率计缴企业所得税。
子公司上海天清生物材料有限公司于2024年通过高新技术企业认定，并取得高新技术企业证书，发证日期为2024年12月4日，有效期为3年，2026年按照15%的税率计缴企业所得税。

---
子公司上海新华瑞思医疗科技有限公司于2024年通过高新技术企业认定，并取得高新技术企业证书，发证日期为2024年12月26日，有效期为3年，2026年按照15%的税率计缴企业所得税。
子公司上海远跃制药机械有限公司于2023年再次通过高新技术企业认定，并取得高新技术企业证书，发证日期为2023年11月15日，有效期为3年，2026年按照15%的税率计缴企业所得税。
子公司苏州浙远自动化工程技术有限公司于2023年通过高新技术企业认定，并取得高新技术企业证书，发证日期为2023年12月13日，有效期为3年，2026年按照15%的税率计缴企业所得税。

---
## 按组合计提坏账准备-组合计提项目：账龄信用风险特征组合

单位：元币种：人民币

<table id='310e60ff37235613d93a4e93a778d652' titleId='33a7f0c6-2ec1-49ee-abe6-06af15354b31' headId='310e60ff37235613d93a4e93a778d652'>
  <tr>
    <td rowspan=""2"">名称</td>
    <td colspan=""3"">期末余额</td>
  </tr>
  <tr>
    <td>账面余额</td>
    <td>坏账准备</td>
    <td>计提比例（%）</td>
  </tr>
  <tr>
    <td>1年以内（含1年）</td>
    <td>1,820,339,776.17</td>
    <td>91,016,988.81</td>
    <td>5.00</td>
  </tr>
  <tr>
    <td>1-2年（含2年）</td>
    <td>352,129,221.36</td>
    <td>35,212,922.14</td>
    <td>10.00</td>
  </tr>
  <tr>
    <td>2-3年（含3年）</td>
    <td>176,997,180.18</td>
    <td>26,549,577.03</td>
    <td>15.00</td>
  </tr>
  <tr>
    <td>3年以上</td>
    <td>150,177,375.24</td>
    <td>30,035,475.05</td>
    <td>20.00</td>
  </tr>
  <tr>
    <td>合计</td>
    <td>2,499,643,552.95</td>
    <td>182,814,963.03</td>
    <td></td>
  </tr>
</table>

> Note: merged cells detected, rendered as HTML table.

---
## 按欠款方归集的期末余额前五名的应收账款和合同资产情况

单位：元币种：人民币

| 单位名称 | 应收账款期末余额 | 合同资产期末余额 | 应收账款和合同资产期末余额 | 占应收账款和合同资产期末余额合计数的比例（%） | 坏账准备期末余额 |
| :--: | --: | :--: | --: | --: | :--: |
| 第一名 | 52,973,602.50 |  | 52,973,602.50 | 1.90 | 2,648,680.13 |
| 第二名 | 50,006,987.83 |  | 50,006,987.83 | 1.79 | 2,988,905.54 |
| 第三名 | 42,817,853.61 | 56,000.00 | 42,873,853.61 | 1.54 | 2,143,692.68 |
| 第四名 | 35,856,253.41 |  | 35,856,253.41 | 1.29 | 2,077,812.67 |
| 第五名 | 34,301,249.87 |  | 34,301,249.87 | 1.23 | 2,636,560.58 |
| 合计 | 215,955,947.22 | 56,000.00 | 216,011,947.22 | 7.74 | 12,495,651.60 |

---
## 按组合计提坏账准备-组合计提项目：账龄信用风险特征组合

单位：元币种：人民币

<table id='7f4c734217c781feb71650379d7fba2e' titleId='39866808-4c64-4325-8fb6-b5801b409963' headId='7f4c734217c781feb71650379d7fba2e'>
  <tr>
    <td rowspan=""2"">名称</td>
    <td colspan=""3"">期末余额</td>
  </tr>
  <tr>
    <td>账面余额</td>
    <td>坏账准备</td>
    <td>计提比例（%）</td>
  </tr>
  <tr>
    <td>1年以内（含1年）</td>
    <td>27,854,183.73</td>
    <td>1,392,709.19</td>
    <td>5.00</td>
  </tr>
  <tr>
    <td>1-2年（含2年）</td>
    <td>46,692,801.23</td>
    <td>4,669,280.12</td>
    <td>10.00</td>
  </tr>
  <tr>
    <td>2-3年（含3年）</td>
    <td>42,425,969.10</td>
    <td>6,363,895.37</td>
    <td>15.00</td>
  </tr>
  <tr>
    <td>3年以上</td>
    <td>49,557,949.69</td>
    <td>9,911,589.94</td>
    <td>20.00</td>
  </tr>
  <tr>
    <td>合计</td>
    <td>166,530,903.75</td>
    <td>22,337,474.62</td>
    <td></td>
  </tr>
</table>

> Note: merged cells detected, rendered as HTML table.

---
## 按预期信用损失一般模型计提坏账准备

单位：元币种：人民币

<table id='afce614f2ec545f2e95432ca89d2fa27' titleId='f821b070-b687-4974-be69-6ede92cee925' headId='afce614f2ec545f2e95432ca89d2fa27'>
  <tr>
    <td rowspan=""2"">坏账准备</td>
    <td>第一阶段</td>
    <td>第二阶段</td>
    <td>第三阶段</td>
    <td rowspan=""2"">合计</td>
  </tr>
  <tr>
    <td>未来12个月预期信用损失</td>
    <td>整个存续期预期信用损失(未发生信用减值)</td>
    <td>整个存续期预期信用损失(已发生信用减值)</td>
  </tr>
  <tr>
    <td>2026年1月1日余额</td>
    <td>227,477.59</td>
    <td></td>
    <td>1,694,564.72</td>
    <td>1,922,042.31</td>
  </tr>
  <tr>
    <td>2026年1月1日余额在本期</td>
    <td></td>
    <td></td>
    <td></td>
    <td></td>
  </tr>
  <tr>
    <td>--转入第二阶段</td>
    <td></td>
    <td></td>
    <td></td>
    <td></td>
  </tr>
  <tr>
    <td>--转入第三阶段</td>
    <td></td>
    <td></td>
    <td></td>
    <td></td>
  </tr>
  <tr>
    <td>--转回第二阶段</td>
    <td></td>
    <td></td>
    <td></td>
    <td></td>
  </tr>
  <tr>
    <td>--转回第一阶段</td>
    <td></td>
    <td></td>
    <td></td>
    <td></td>
  </tr>
  <tr>
    <td>本期计提</td>
    <td></td>
    <td></td>
    <td></td>
    <td></td>
  </tr>
  <tr>
    <td>本期转回</td>
    <td></td>
    <td></td>
    <td></td>
    <td></td>
  </tr>
  <tr>
    <td>本期转销</td>
    <td></td>
    <td></td>
    <td></td>
    <td></td>
  </tr>
  <tr>
    <td>本期核销</td>
    <td></td>
    <td></td>
    <td></td>
    <td></td>
  </tr>
  <tr>
    <td>其他变动</td>
    <td></td>
    <td></td>
    <td></td>
    <td></td>
  </tr>
  <tr>
    <td>2026年6月30日余额</td>
    <td>227,477.59</td>
    <td></td>
    <td>1,694,564.72</td>
    <td>1,922,042.31</td>
  </tr>
</table>

> Note: merged cells detected, rendered as HTML table.

---
(1)按账龄披露
√适用□不适用
单位：元币种：人民币
(2)按款项性质分类情况
√适用□不适用
单位：元币种：人民币
(3)坏账准备计提情况
√适用□不适用
单位：元币种：人民币
各阶段划分依据和坏账准备计提比例
无。
对本期发生损失准备变动的其他应收款账面余额显著变动的情况说明：
□适用√不适用
本期坏账准备计提金额以及评估金融工具的信用风险是否显著增加的采用依据：
□适用√不适用
(4)坏账准备的情况
√适用□不适用
单位：元币种：人民币
其中本期坏账准备转回或收回金额重要的：
□适用√不适用
其他说明
无。
(5)本期实际核销的其他应收款情况
□适用√不适用
其中重要的其他应收款核销情况：
□适用√不适用
其他应收款核销说明：
□适用√不适用
(6)按欠款方归集的期末余额前五名的其他应收款情况
√适用□不适用
单位：元币种：人民币
(7)因资金集中管理而列报于其他应收款
□适用√不适用
其他说明：
□适用√不适用

---
## 坏账准备计提情况

单位：元币种：人民币

<table id='e840b4ef40b4a1d743176dc4b4bb572b' titleId='e1d3b95a-c1c5-4d71-8ab7-d83ac69b59f5' headId='e840b4ef40b4a1d743176dc4b4bb572b'>
  <tr>
    <td rowspan=""2"">坏账准备</td>
    <td>第一阶段</td>
    <td>第二阶段</td>
    <td>第三阶段</td>
    <td rowspan=""2"">合计</td>
  </tr>
  <tr>
    <td>未来12个月预期信用损失</td>
    <td>整个存续期预期信用损失(未发生信用减值)</td>
    <td>整个存续期预期信用损失(已发生信用减值)</td>
  </tr>
  <tr>
    <td>2026年1月1日余额</td>
    <td>38,208,525.98</td>
    <td></td>
    <td>65,556,667.25</td>
    <td>103,765,193.23</td>
  </tr>
  <tr>
    <td>2026年1月1日余额在本期</td>
    <td></td>
    <td></td>
    <td></td>
    <td></td>
  </tr>
  <tr>
    <td>--转入第二阶段</td>
    <td></td>
    <td></td>
    <td></td>
    <td></td>
  </tr>
  <tr>
    <td>--转入第三阶段</td>
    <td></td>
    <td></td>
    <td></td>
    <td></td>
  </tr>
  <tr>
    <td>--转回第二阶段</td>
    <td></td>
    <td></td>
    <td></td>
    <td></td>
  </tr>
  <tr>
    <td>--转回第一阶段</td>
    <td></td>
    <td></td>
    <td></td>
    <td></td>
  </tr>
  <tr>
    <td>本期计提</td>
    <td>11,478,458.63</td>
    <td></td>
    <td>755,275.74</td>
    <td>12,233,734.37</td>
  </tr>
  <tr>
    <td>本期转回</td>
    <td></td>
    <td></td>
    <td>550,254.04</td>
    <td>550,254.04</td>
  </tr>
  <tr>
    <td>本期转销</td>
    <td></td>
    <td></td>
    <td></td>
    <td></td>
  </tr>
  <tr>
    <td>本期核销</td>
    <td></td>
    <td></td>
    <td></td>
    <td></td>
  </tr>
  <tr>
    <td>其他变动</td>
    <td></td>
    <td></td>
    <td></td>
    <td></td>
  </tr>
  <tr>
    <td>2026年6月30日余额</td>
    <td>49,686,984.61</td>
    <td></td>
    <td>65,761,688.95</td>
    <td>115,448,673.56</td>
  </tr>
</table>

> Note: merged cells detected, rendered as HTML table.

---
## 按欠款方归集的期末余额前五名的其他应收款情况

单位：元币种：人民币

| 单位名称 | 期末余额 | 占其他应收款期末余额合计数的比例(%) | 款项的性质 | 账龄 | 坏账准备期末余额 |
| :--: | :--: | --: | :--: | :--: | :--: |
| 施乐辉医用产品国际贸易（上海）有限公司 | 193,414,482.86 | 41.93 | 往来款、应 收暂付款 | 1年以内； 1-4年 | 28,925,659.95 |
| 湘阴县华雅医院有限公司 | 10,915,824.94 | 2.37 | 其他 | 5年以上 | 10,915,824.94 |
| 上海佳钢物业管理有限公司 | 9,639,028.50 | 2.09 | 租赁费 | 1年以内； 1-2年 | 560,875.55 |
| 上海携程宏睿国际旅行社有限公司 | 5,967,309.58 | 1.29 | 往来款 | 1年以内 | 298,365.48 |
| 长沙弘成科技有限公司 | 5,780,063.96 | 1.25 | 往来款 | 5年以上 | 5,780,063.96 |
| 合计 | 225,716,709.84 | 48.94 | / | / | 46,480,789.88 |

---
## 长期股权投资情况

单位：元币种：人民币

<table id='d80f032d291d99440cdb9b3896429166' titleId='cc97ec2f-222e-4852-ae30-22ea14cc90fa' headId='d80f032d291d99440cdb9b3896429166'>
  <tr>
    <td rowspan=""2"">被投资单位</td>
    <td rowspan=""2"">期初余额（账面价值）</td>
    <td rowspan=""2"">减值准备期初余额</td>
    <td colspan=""8"">本期增减变动</td>
    <td rowspan=""2"">期末余额（账面价值）</td>
    <td rowspan=""2"">减值准备期末余额</td>
  </tr>
  <tr>
    <td>追加投资</td>
    <td>减少投资</td>
    <td>权益法下确认的投资损益</td>
    <td>其他综合收益调整</td>
    <td>其他权益变动</td>
    <td>宣告发放现金股利或利润</td>
    <td>计提减值准备</td>
    <td>其他</td>
  </tr>
  <tr>
    <td colspan=""13"">一、合营企业</td>
  </tr>
  <tr>
    <td>北京普瑞海思医疗科技有限公司</td>
    <td>2,955,016.44</td>
    <td></td>
    <td></td>
    <td></td>
    <td>-511.99</td>
    <td></td>
    <td></td>
    <td></td>
    <td></td>
    <td></td>
    <td>2,954,504.45</td>
    <td></td>
  </tr>
  <tr>
    <td>山东新华健康产业有限公司</td>
    <td>6,104,464.03</td>
    <td></td>
    <td></td>
    <td></td>
    <td>260,240.19</td>
    <td></td>
    <td></td>
    <td></td>
    <td></td>
    <td></td>
    <td>6,364,704.22</td>
    <td></td>
  </tr>
  <tr>
    <td>小计</td>
    <td>9,059,480.47</td>
    <td></td>
    <td></td>
    <td></td>
    <td>259,728.20</td>
    <td></td>
    <td></td>
    <td></td>
    <td></td>
    <td></td>
    <td>9,319,208.67</td>
    <td></td>
  </tr>
  <tr>
    <td colspan=""13"">二、联营企业</td>
  </tr>
  <tr>
    <td>山东高新医疗器械创新中心有限公司</td>
    <td>15,994,378.67</td>
    <td></td>
    <td>9,800,000.00</td>
    <td></td>
    <td>-2,434,498.55</td>
    <td></td>
    <td></td>
    <td></td>
    <td></td>
    <td></td>
    <td>23,359,880.12</td>
    <td></td>
  </tr>
  <tr>
    <td>山东省文登整骨烟台医院有限公司</td>
    <td>98,128,826.46</td>
    <td></td>
    <td></td>
    <td></td>
    <td>-6,842,680.08</td>
    <td></td>
    <td></td>
    <td></td>
    <td></td>
    <td></td>
    <td>91,286,146.38</td>
    <td></td>
  </tr>
  <tr>
    <td>山东新华联合骨科器材股份有限公司</td>
    <td>47,494,124.59</td>
    <td></td>
    <td></td>
    <td></td>
    <td>-855,633.83</td>
    <td></td>
    <td></td>
    <td></td>
    <td></td>
    <td></td>
    <td>46,638,490.76</td>
    <td></td>
  </tr>
  <tr>
    <td>山东新马制药装备有限公司</td>
    <td>77,244,882.73</td>
    <td></td>
    <td></td>
    <td></td>
    <td>3,308,142.60</td>
    <td></td>
    <td></td>
    <td>5,137,502.25</td>
    <td></td>
    <td></td>
    <td>75,415,523.08</td>
    <td></td>
  </tr>
  <tr>
    <td>北京同仁堂淄博药店连锁有限责任公司</td>
    <td>893,275.29</td>
    <td></td>
    <td></td>
    <td></td>
    <td></td>
    <td></td>
    <td></td>
    <td>411,600.00</td>
    <td></td>
    <td></td>
    <td>481,675.29</td>
    <td></td>
  </tr>
  <tr>
    <td>山东国欣颐养私募基金管理有限公司</td>
    <td>552,449.31</td>
    <td></td>
    <td></td>
    <td></td>
    <td></td>
    <td></td>
    <td></td>
    <td></td>
    <td></td>
    <td></td>
    <td>552,449.31</td>
    <td></td>
  </tr>
  <tr>
    <td>ETHK Labs Inc.</td>
    <td>924,481,391.87</td>
    <td></td>
    <td></td>
    <td></td>
    <td>-19,293,260.08</td>
    <td>-10,231,585.40</td>
    <td>-7,432,940.83</td>
    <td></td>
    <td></td>
    <td></td>
    <td>887,523,605.56</td>
    <td></td>
  </tr>
  <tr>
    <td>山东颐养健康集团融资租赁有限公司</td>
    <td>55,760,953.46</td>
    <td></td>
    <td></td>
    <td></td>
    <td>389,177.66</td>
    <td></td>
    <td></td>
    <td></td>
    <td></td>
    <td></td>
    <td>56,150,131.12</td>
    <td></td>
  </tr>
  <tr>
    <td>湘阴县华雅医院有限公司</td>
    <td>11,303,330.04</td>
    <td>11,303,330.04</td>
    <td></td>
    <td></td>
    <td></td>
    <td></td>
    <td></td>
    <td></td>
    <td></td>
    <td></td>
    <td>11,303,330.04</td>
    <td>11,303,330.04</td>
  </tr>
  <tr>
    <td>上海一康康复医院股份有限公司</td>
    <td>56,580,812.94</td>
    <td>13,850,723.04</td>
    <td></td>
    <td></td>
    <td></td>
    <td></td>
    <td></td>
    <td></td>
    <td></td>
    <td></td>
    <td>56,580,812.94</td>
    <td>13,850,723.04</td>
  </tr>
  <tr>
    <td>小计</td>
    <td>1,288,434,425.36</td>
    <td>25,154,053.08</td>
    <td>9,800,000.00</td>
    <td></td>
    <td>-25,728,752.28</td>
    <td>-10,231,585.40</td>
    <td>-7,432,940.83</td>
    <td>5,549,102.25</td>
    <td></td>
    <td></td>
    <td>1,249,292,044.60</td>
    <td>25,154,053.08</td>
  </tr>
  <tr>
    <td>合计</td>
    <td>1,297,493,905.83</td>
    <td>25,154,053.08</td>
    <td>9,800,000.00</td>
    <td></td>
    <td>-25,469,024.08</td>
    <td>-10,231,585.40</td>
    <td>-7,432,940.83</td>
    <td>5,549,102.25</td>
    <td></td>
    <td></td>
    <td>1,258,611,253.27</td>
    <td>25,154,053.08</td>
  </tr>
</table>

> Note: merged cells detected, rendered as HTML table.

---
## 在建工程情况

单位：元<br>币种：人民币

<table id='4732c6cade317ad42363151dc1ec38ca' titleId='aca34461-4a9b-47a6-9130-2235b925547b' headId='4732c6cade317ad42363151dc1ec38ca'>
  <tr>
    <td rowspan=""2"">项目</td>
    <td colspan=""3"">期末余额</td>
    <td colspan=""3"">期初余额</td>
  </tr>
  <tr>
    <td>账面余额</td>
    <td>减值准备</td>
    <td>账面价值</td>
    <td>账面余额</td>
    <td>减值准备</td>
    <td>账面价值</td>
  </tr>
  <tr>
    <td>办公楼及餐厅</td>
    <td>94,339.62</td>
    <td></td>
    <td>94,339.62</td>
    <td>94,339.62</td>
    <td></td>
    <td>94,339.62</td>
  </tr>
  <tr>
    <td>待安装验收设备及其他零星工程</td>
    <td>9,807,993.69</td>
    <td></td>
    <td>9,807,993.69</td>
    <td>5,902,568.65</td>
    <td></td>
    <td>5,902,568.65</td>
  </tr>
  <tr>
    <td>高端精密微创手术器械生产扩建项目</td>
    <td>685,534.72</td>
    <td></td>
    <td>685,534.72</td>
    <td>422,088.90</td>
    <td></td>
    <td>422,088.90</td>
  </tr>
  <tr>
    <td>动物血清车间改造工程</td>
    <td>3,873,819.44</td>
    <td></td>
    <td>3,873,819.44</td>
    <td>1,044,745.95</td>
    <td></td>
    <td>1,044,745.95</td>
  </tr>
  <tr>
    <td>金蝶财务共享项目</td>
    <td>1,537,452.83</td>
    <td></td>
    <td>1,537,452.83</td>
    <td>1,431,320.75</td>
    <td></td>
    <td>1,431,320.75</td>
  </tr>
  <tr>
    <td>一次性生物袋厂房建设工程</td>
    <td>1,021,754.19</td>
    <td></td>
    <td>1,021,754.19</td>
    <td>1,018,853.31</td>
    <td></td>
    <td>1,018,853.31</td>
  </tr>
  <tr>
    <td>其他</td>
    <td>13,395,790.86</td>
    <td></td>
    <td>13,395,790.86</td>
    <td>11,152,520.68</td>
    <td></td>
    <td>11,152,520.68</td>
  </tr>
  <tr>
    <td>合计</td>
    <td>30,416,685.35</td>
    <td></td>
    <td>30,416,685.35</td>
    <td>21,066,437.86</td>
    <td></td>
    <td>21,066,437.86</td>
  </tr>
</table>

> Note: merged cells detected, rendered as HTML table.

---
## 商誉账面原值

单位：元币种：人民币

<table id='8d4563e15a73ce7b8568bf0b6cef2d5e' titleId='59b8fc2b-d349-4e47-94e3-0ef46abc5417' headId='8d4563e15a73ce7b8568bf0b6cef2d5e'>
  <tr>
    <td rowspan=""2"">被投资单位名称或形成商誉的事项</td>
    <td rowspan=""2"">期初余额</td>
    <td>本期增加</td>
    <td>本期减少</td>
    <td rowspan=""2"">期末余额</td>
  </tr>
  <tr>
    <td>企业合并形成的</td>
    <td>处置</td>
  </tr>
  <tr>
    <td>淄博利生药业有限责任公司</td>
    <td>4,211,220.02</td>
    <td></td>
    <td></td>
    <td>4,211,220.02</td>
  </tr>
  <tr>
    <td>成都康福肾脏病医院有限公司</td>
    <td>17,942,739.72</td>
    <td></td>
    <td></td>
    <td>17,942,739.72</td>
  </tr>
  <tr>
    <td>武汉莱格创捷商贸有限公司</td>
    <td>4,690,095.76</td>
    <td></td>
    <td></td>
    <td>4,690,095.76</td>
  </tr>
  <tr>
    <td>武汉益畅商贸有限公司</td>
    <td>5,452,526.89</td>
    <td></td>
    <td></td>
    <td>5,452,526.89</td>
  </tr>
  <tr>
    <td>驻马店和谐医院有限公司</td>
    <td>4,421,123.23</td>
    <td></td>
    <td></td>
    <td>4,421,123.23</td>
  </tr>
  <tr>
    <td>泸州市李时昌中医医院有限公司</td>
    <td>1,934,247.38</td>
    <td></td>
    <td></td>
    <td>1,934,247.38</td>
  </tr>
  <tr>
    <td>成都英德生物医药设备有限公司</td>
    <td>1,432,639.99</td>
    <td></td>
    <td></td>
    <td>1,432,639.99</td>
  </tr>
  <tr>
    <td>成都奇林科技有限责任公司</td>
    <td>157,997.39</td>
    <td></td>
    <td></td>
    <td>157,997.39</td>
  </tr>
  <tr>
    <td>山东新华奇林软件技术有限公司</td>
    <td>1,536,244.53</td>
    <td></td>
    <td></td>
    <td>1,536,244.53</td>
  </tr>
  <tr>
    <td>淄博众生医药有限公司</td>
    <td>3,114,839.17</td>
    <td></td>
    <td></td>
    <td>3,114,839.17</td>
  </tr>
  <tr>
    <td>上海天清生物材料有限公司</td>
    <td>3,256,858.55</td>
    <td></td>
    <td></td>
    <td>3,256,858.55</td>
  </tr>
  <tr>
    <td>长春博迅生物技术有限责任公司</td>
    <td>242,040,699.93</td>
    <td></td>
    <td></td>
    <td>242,040,699.93</td>
  </tr>
  <tr>
    <td>山东神思医疗设备有限公司</td>
    <td>3,487,043.92</td>
    <td></td>
    <td></td>
    <td>3,487,043.92</td>
  </tr>
  <tr>
    <td>上海盛本包装材料有限公司</td>
    <td>6,432,178.72</td>
    <td></td>
    <td></td>
    <td>6,432,178.72</td>
  </tr>
  <tr>
    <td>上海远跃制药机械有限公司</td>
    <td>218,813,086.93</td>
    <td></td>
    <td></td>
    <td>218,813,086.93</td>
  </tr>
  <tr>
    <td>成都英德生物医药装备技术有限公司</td>
    <td>235,840,111.28</td>
    <td></td>
    <td></td>
    <td>235,840,111.28</td>
  </tr>
  <tr>
    <td>合肥东南骨科医院</td>
    <td>2,128,395.78</td>
    <td></td>
    <td></td>
    <td>2,128,395.78</td>
  </tr>
  <tr>
    <td>安徽合肥东南外科医院</td>
    <td>746,375.50</td>
    <td></td>
    <td></td>
    <td>746,375.50</td>
  </tr>
  <tr>
    <td>淄博医保药品零售超市有限公司</td>
    <td>660,540.14</td>
    <td></td>
    <td></td>
    <td>660,540.14</td>
  </tr>
  <tr>
    <td>淄博弘新医疗科技有限公司</td>
    <td>36,816,795.44</td>
    <td></td>
    <td></td>
    <td>36,816,795.44</td>
  </tr>
  <tr>
    <td>合计</td>
    <td>795,115,760.27</td>
    <td></td>
    <td></td>
    <td>795,115,760.27</td>
  </tr>
</table>

> Note: merged cells detected, rendered as HTML table.

---
## 商誉减值准备

单位：元币种：人民币

<table id='57ed12af904ee5cf7a79800a6239345e' titleId='110fc3b9-e1a1-41ea-839b-efe62fdf9dbd' headId='57ed12af904ee5cf7a79800a6239345e'>
  <tr>
    <td rowspan=""2"">被投资单位名称或形成商誉的事项</td>
    <td rowspan=""2"">期初余额</td>
    <td>本期增加</td>
    <td>本期减少</td>
    <td rowspan=""2"">期末余额</td>
  </tr>
  <tr>
    <td>计提</td>
    <td>处置</td>
  </tr>
  <tr>
    <td>淄博利生药业有限责任公司</td>
    <td>4,211,220.02</td>
    <td></td>
    <td></td>
    <td>4,211,220.02</td>
  </tr>
  <tr>
    <td>成都康福肾脏病医院有限公司</td>
    <td>17,942,739.72</td>
    <td></td>
    <td></td>
    <td>17,942,739.72</td>
  </tr>
  <tr>
    <td>武汉莱格创捷商贸有限公司</td>
    <td>4,690,095.76</td>
    <td></td>
    <td></td>
    <td>4,690,095.76</td>
  </tr>
  <tr>
    <td>武汉益畅商贸有限公司</td>
    <td>5,452,526.89</td>
    <td></td>
    <td></td>
    <td>5,452,526.89</td>
  </tr>
  <tr>
    <td>驻马店和谐医院有限公司</td>
    <td>4,421,123.23</td>
    <td></td>
    <td></td>
    <td>4,421,123.23</td>
  </tr>
  <tr>
    <td>泸州市李时昌中医医院有限公司</td>
    <td>1,934,247.38</td>
    <td></td>
    <td></td>
    <td>1,934,247.38</td>
  </tr>
  <tr>
    <td>成都英德生物医药设备有限公司</td>
    <td>1,432,639.99</td>
    <td></td>
    <td></td>
    <td>1,432,639.99</td>
  </tr>
  <tr>
    <td>成都奇林科技有限责任公司</td>
    <td>157,997.39</td>
    <td></td>
    <td></td>
    <td>157,997.39</td>
  </tr>
  <tr>
    <td>山东新华奇林软件技术有限公司</td>
    <td>1,536,244.53</td>
    <td></td>
    <td></td>
    <td>1,536,244.53</td>
  </tr>
  <tr>
    <td>淄博众生医药有限公司</td>
    <td>3,114,839.17</td>
    <td></td>
    <td></td>
    <td>3,114,839.17</td>
  </tr>
  <tr>
    <td>上海天清生物材料有限公司</td>
    <td>3,256,858.55</td>
    <td></td>
    <td></td>
    <td>3,256,858.55</td>
  </tr>
  <tr>
    <td>山东神思医疗设备有限公司</td>
    <td>3,487,043.92</td>
    <td></td>
    <td></td>
    <td>3,487,043.92</td>
  </tr>
  <tr>
    <td>上海盛本包装材料有限公司</td>
    <td>6,432,178.72</td>
    <td></td>
    <td></td>
    <td>6,432,178.72</td>
  </tr>
  <tr>
    <td>上海远跃制药机械有限公司</td>
    <td>218,813,086.93</td>
    <td></td>
    <td></td>
    <td>218,813,086.93</td>
  </tr>
  <tr>
    <td>成都英德生物医药装备技术有限公司</td>
    <td>235,840,111.28</td>
    <td></td>
    <td></td>
    <td>235,840,111.28</td>
  </tr>
  <tr>
    <td>合肥东南骨科医院</td>
    <td>2,128,395.78</td>
    <td></td>
    <td></td>
    <td>2,128,395.78</td>
  </tr>
  <tr>
    <td>安徽合肥东南外科医院</td>
    <td>746,375.50</td>
    <td></td>
    <td></td>
    <td>746,375.50</td>
  </tr>
  <tr>
    <td>淄博医保药品零售超市有限公司</td>
    <td>660,540.14</td>
    <td></td>
    <td></td>
    <td>660,540.14</td>
  </tr>
  <tr>
    <td>淄博弘新医疗科技有限公司</td>
    <td>36,816,795.44</td>
    <td></td>
    <td></td>
    <td>36,816,795.44</td>
  </tr>
  <tr>
    <td>合计</td>
    <td>553,075,060.34</td>
    <td></td>
    <td></td>
    <td>553,075,060.34</td>
  </tr>
</table>

> Note: merged cells detected, rendered as HTML table.

---
## 未确认递延所得税资产的可抵扣亏损将于以下年度到期

单位：元币种：人民币

| 年份 | 期末金额 | 期初金额 | 备注 |
| :--: | :--: | :--: | :--: |
| 2026年 | 67,754,745.31 | 67,754,745.31 |  |
| 2027年 | 54,359,534.13 | 54,359,534.13 |  |
| 2028年 | 37,626,299.10 | 37,626,299.10 |  |
| 2029年 | 53,583,089.44 | 53,583,089.44 |  |
| 2030年 | 109,326,156.15 | 109,326,156.15 |  |
| 2031年 | 46,153,073.38 |  |  |
| 合计 | 368,802,897.51 | 322,649,824.13 | / |

---
## 短期薪酬列示

单位：元币种：人民币

| 项目 | 期初余额 | 本期增加 | 本期减少 | 期末余额 |
| :--: | :--: | :--: | :--: | :--: |
| 一、工资、奖金、津贴和补贴 | 186,938,900.38 | 593,949,382.27 | 694,706,059.35 | 86,182,223.30 |
| 二、职工福利费 | 1,277,546.21 | 15,216,298.48 | 15,486,785.46 | 1,007,059.23 |
| 三、社会保险费 | 102,654.51 | 39,906,220.78 | 39,876,350.25 | 132,525.04 |
| 其中：医疗保险费 | 92,815.65 | 36,847,782.33 | 36,822,186.91 | 118,411.07 |
| 工伤保险费 | 3,877.93 | 2,885,741.13 | 2,884,574.70 | 5,044.36 |
| 生育保险费 | 5,960.93 | 172,697.32 | 169,588.64 | 9,069.61 |
| 四、住房公积金 | 1,019,744.91 | 34,333,112.02 | 34,337,896.02 | 1,014,960.91 |
| 五、工会经费和职工教育经费 | 106,976,020.77 | 14,804,178.14 | 11,168,519.18 | 110,611,679.73 |
| 六、短期带薪缺勤 |  |  |  |  |
| 七、短期利润分享计划 |  |  |  |  |
| 八、其他短期薪酬 | 12,805,673.80 | 3,158,076.01 | 3,158,815.63 | 12,804,934.18 |
| 合计 | 309,120,540.58 | 701,367,267.70 | 798,734,425.89 | 211,753,382.39 |

---
## 设定提存计划列示

单位：元币种：人民币

| 项目 | 期初余额 | 本期增加 | 本期减少 | 期末余额 |
| :--: | :--: | :--: | :--: | :--: |
| 1、基本养老保险 | 243,891.56 | 74,332,425.22 | 74,296,797.84 | 279,518.94 |
| 2、失业保险费 | 14,041.49 | 3,144,926.25 | 3,143,897.11 | 15,070.63 |
| 3、企业年金缴费 | 526,330.87 | 21,366,877.34 | 21,146,890.90 | 746,317.31 |
| 合计 | 784,263.92 | 98,844,228.81 | 98,587,585.85 | 1,040,906.88 |

---
51、递延收益
递延收益情况
√适用□不适用
单位：元 币种：人民币
其他说明：
□适用√不适用
52、其他非流动负债
□适用√不适用
53、股本
√适用□不适用
单位：万元币种：人民币
其他说明：
单位：万元币种：人民币
54、其他权益工具
(1)期末发行在外的优先股、永续债等其他金融工具基本情况
□适用√不适用
(2)期末发行在外的优先股、永续债等金融工具变动情况表
□适用√不适用
其他权益工具本期增减变动情况、变动原因说明，以及相关会计处理的依据：
□适用√不适用
其他说明：
√适用□不适用
单位：元币种：人民币
注：业绩补偿标的物系2023年最高法院终审判决，子公司成都英德生物医药装备技术有限公司原9名自然人股东所持新华医疗股票，未来由公司申请强制执行。公司持续冻结该部分股票，于2024年确定可收回该部分自身股份。
55、资本公积
√适用□不适用
单位：元币种：人民币
其他说明，包括本期增减变动情况、变动原因说明：
1.股本溢价增加的原因：2026年2月，公司2021年股权激励计划第三期限制性股票解锁暨上市，原计入其他资本公积的股权激励转入股本溢价：23,279,452.75元。
2.其他资本公积变动原因：联营企业ETHK Labs Inc.本期除净损益、其他综合收益以及利润分配以外的所有者权益的其他变动-7,432,940.83元。
3.限制性股票激励变动原因：子公司新华手术器械有限公司限制性股票激励计划的成本180,690.09元在本报告期确认。
56、库存股
√适用□不适用
单位：元 币种：人民币
其他说明，包括本期增减变动情况、变动原因说明：
2026年2月，公司2021年股权激励计划第三期限制性股票解锁暨上市，库存股减少17,743,221.78元。

---
## 营业收入、营业成本的分解信息

单位：元 币种：人民币

<table id='966b244e7b2328c8fdaa8a57eafdfe0f' titleId='6f2df1cd-cff4-4c11-ae13-e30d89780df6' headId='966b244e7b2328c8fdaa8a57eafdfe0f'>
  <tr>
    <td rowspan=""2"">合同分类</td>
    <td colspan=""2"">分部</td>
    <td colspan=""2"">合计</td>
  </tr>
  <tr>
    <td>营业收入</td>
    <td>营业成本</td>
    <td>营业收入</td>
    <td>营业成本</td>
  </tr>
  <tr>
    <td>商品类型</td>
    <td>5,160,672,255.84</td>
    <td>3,874,258,692.14</td>
    <td>5,160,672,255.84</td>
    <td>3,874,258,692.14</td>
  </tr>
  <tr>
    <td>医疗器械制造产品</td>
    <td>1,963,192,829.44</td>
    <td>1,159,514,398.34</td>
    <td>1,963,192,829.44</td>
    <td>1,159,514,398.34</td>
  </tr>
  <tr>
    <td>医疗商贸产品</td>
    <td>1,554,399,591.04</td>
    <td>1,418,028,610.16</td>
    <td>1,554,399,591.04</td>
    <td>1,418,028,610.16</td>
  </tr>
  <tr>
    <td>制药装备产品</td>
    <td>1,210,055,037.33</td>
    <td>966,710,756.12</td>
    <td>1,210,055,037.33</td>
    <td>966,710,756.12</td>
  </tr>
  <tr>
    <td>医疗服务</td>
    <td>305,552,688.16</td>
    <td>272,827,174.59</td>
    <td>305,552,688.16</td>
    <td>272,827,174.59</td>
  </tr>
  <tr>
    <td>其他</td>
    <td>127,472,109.87</td>
    <td>57,177,752.93</td>
    <td>127,472,109.87</td>
    <td>57,177,752.93</td>
  </tr>
  <tr>
    <td>按经营地区分类</td>
    <td>5,160,672,255.84</td>
    <td>3,874,258,692.14</td>
    <td>5,160,672,255.84</td>
    <td>3,874,258,692.14</td>
  </tr>
  <tr>
    <td>境内</td>
    <td>4,925,717,715.61</td>
    <td>3,739,600,836.09</td>
    <td>4,925,717,715.61</td>
    <td>3,739,600,836.09</td>
  </tr>
  <tr>
    <td>境外</td>
    <td>234,954,540.23</td>
    <td>134,657,856.05</td>
    <td>234,954,540.23</td>
    <td>134,657,856.05</td>
  </tr>
  <tr>
    <td>合计</td>
    <td>5,160,672,255.84</td>
    <td>3,874,258,692.14</td>
    <td>5,160,672,255.84</td>
    <td>3,874,258,692.14</td>
  </tr>
</table>

> Note: merged cells detected, rendered as HTML table.

---
八、研发支出
1、按费用性质列示
√适用□不适用
单位：元币种：人民币
其他说明：
无。
2、符合资本化条件的研发项目开发支出
□适用√不适用
重要的资本化研发项目
□适用√不适用
开发支出减值准备
□适用√不适用
其他说明
无。
3、重要的外购在研项目
□适用√不适用
九、合并范围的变更
1、非同一控制下企业合并
□适用√不适用
2、同一控制下企业合并
□适用√不适用
3、反向购买
□适用√不适用
4、处置子公司
本期是否存在丧失子公司控制权的交易或事项
□适用√不适用
其他说明：
□适用√不适用
是否存在通过多次交易分步处置对子公司投资且在本期丧失控制权的情形
□适用√不适用
其他说明：
□适用√不适用
5、其他原因的合并范围变动
说明其他原因导致的合并范围变动（如，新设子公司、清算子公司等）及其相关情况：
□适用√不适用
6、其他
□适用√不适用

---
## 企业集团的构成

单位：万元币种：人民币

<table id='2587899642dba0983ac96528fca5930d' titleId='c8e59f61-9b40-4ba4-ba3f-49698cc18ad4' headId='2587899642dba0983ac96528fca5930d'>
  <tr>
    <td rowspan=""2"">子公司名称</td>
    <td rowspan=""2"">主要经营地</td>
    <td rowspan=""2"">注册资本</td>
    <td rowspan=""2"">注册地</td>
    <td rowspan=""2"">业务性质</td>
    <td colspan=""2"">持股比例(%)</td>
    <td rowspan=""2"">取得方式</td>
  </tr>
  <tr>
    <td>直接</td>
    <td>间接</td>
  </tr>
  <tr>
    <td>淄博众生医药有限公司</td>
    <td>淄博</td>
    <td>2,718.00</td>
    <td>山东省淄博市</td>
    <td>商贸业</td>
    <td>60</td>
    <td></td>
    <td>非同一控制下企业合并</td>
  </tr>
  <tr>
    <td>北京威泰科生物技术有限公司</td>
    <td>北京</td>
    <td>3,000.00</td>
    <td>北京市</td>
    <td>商贸业</td>
    <td>65</td>
    <td></td>
    <td>非同一控制下企业合并</td>
  </tr>
  <tr>
    <td>山东新华医疗（上海）有限公司</td>
    <td>上海</td>
    <td>4,180.47</td>
    <td>上海市</td>
    <td>科技推广和应用服务业</td>
    <td>100</td>
    <td></td>
    <td>投资设立</td>
  </tr>
  <tr>
    <td>山东新华奇林软件技术有限公司</td>
    <td>淄博</td>
    <td>600</td>
    <td>山东省淄博市</td>
    <td>软件和信息技术服务业</td>
    <td>100</td>
    <td></td>
    <td>投资设立</td>
  </tr>
  <tr>
    <td>上海新华瑞思医疗科技有限公司</td>
    <td>上海</td>
    <td>600</td>
    <td>上海市</td>
    <td>研究和试验发展</td>
    <td>100</td>
    <td></td>
    <td>投资设立</td>
  </tr>
  <tr>
    <td>新华手术器械有限公司</td>
    <td>淄博</td>
    <td>4,599.78</td>
    <td>山东省淄博市</td>
    <td>制造业</td>
    <td>100</td>
    <td></td>
    <td>投资设立</td>
  </tr>
  <tr>
    <td>山东新华医用环保设备有限公司</td>
    <td>淄博</td>
    <td>5,000.00</td>
    <td>山东省淄博市</td>
    <td>制造业</td>
    <td>100</td>
    <td></td>
    <td>投资设立</td>
  </tr>
  <tr>
    <td>上海天清生物材料有限公司</td>
    <td>上海</td>
    <td>2,000.00</td>
    <td>上海市</td>
    <td>化学原料和化学制品制造业</td>
    <td>89</td>
    <td></td>
    <td>非同一控制下企业合并</td>
  </tr>
  <tr>
    <td>新华泰康投资控股（北京）有限公司</td>
    <td>北京</td>
    <td>3,150.00</td>
    <td>北京市</td>
    <td>管理咨询业</td>
    <td>100</td>
    <td></td>
    <td>投资设立</td>
  </tr>
  <tr>
    <td>华佗国际发展有限公司</td>
    <td>香港</td>
    <td>20万美元</td>
    <td>香港特别行政区</td>
    <td>实业投资</td>
    <td>100</td>
    <td></td>
    <td>投资设立</td>
  </tr>
  <tr>
    <td>济南新华医院投资管理有限公司</td>
    <td>济南</td>
    <td>24,186.72</td>
    <td>山东省济南市</td>
    <td>投资管理业</td>
    <td>65</td>
    <td></td>
    <td>投资设立</td>
  </tr>
  <tr>
    <td>长春博迅生物技术有限责任公司</td>
    <td>长春</td>
    <td>1,145.96</td>
    <td>吉林省长春市</td>
    <td>制造业</td>
    <td>100</td>
    <td></td>
    <td>非同一控制下企业合并</td>
  </tr>
  <tr>
    <td>山东神思医疗设备有限公司</td>
    <td>济南</td>
    <td>1,697.00</td>
    <td>山东省济南市</td>
    <td>专用设备制造业</td>
    <td>55</td>
    <td></td>
    <td>非同一控制下企业合并</td>
  </tr>
  <tr>
    <td>上海新华泰康生物技术有限公司</td>
    <td>上海</td>
    <td>5,000.00</td>
    <td>上海市</td>
    <td>生物技术服务业</td>
    <td>100</td>
    <td></td>
    <td>投资设立</td>
  </tr>
  <tr>
    <td>上海盛本包装材料有限公司</td>
    <td>上海</td>
    <td>1,539.00</td>
    <td>上海市</td>
    <td>批发业</td>
    <td>81.87</td>
    <td></td>
    <td>非同一控制下企业合并</td>
  </tr>
  <tr>
    <td>上海远跃制药机械有限公司</td>
    <td>上海</td>
    <td>6,000.00</td>
    <td>上海市</td>
    <td>专用设备制造业</td>
    <td>100</td>
    <td></td>
    <td>非同一控制下企业合并</td>
  </tr>
  <tr>
    <td>苏州远跃生物技术有限公司</td>
    <td>苏州</td>
    <td>5,000.00</td>
    <td>江苏省苏州市</td>
    <td>研究和试验发展</td>
    <td>100</td>
    <td></td>
    <td>非同一控制下企业合并</td>
  </tr>
  <tr>
    <td>新华医疗健康产业（湖南）有限公司</td>
    <td>长沙</td>
    <td>260</td>
    <td>湖南省长沙市</td>
    <td>专业技术服务业</td>
    <td>45</td>
    <td></td>
    <td>投资设立</td>
  </tr>
  <tr>
    <td>山东基匹欧医疗系统有限公司</td>
    <td>济南</td>
    <td>4,200.00</td>
    <td>山东省济南市</td>
    <td>投资管理业</td>
    <td>51</td>
    <td></td>
    <td>投资设立</td>
  </tr>
  <tr>
    <td>新华医疗健康产业（湖北）有限公司</td>
    <td>武汉</td>
    <td>6,000.00</td>
    <td>湖北省武汉市</td>
    <td>医学技术服务业</td>
    <td>50</td>
    <td>10</td>
    <td>投资设立</td>
  </tr>
  <tr>
    <td>山东新华莎罗雅生物技术有限公司</td>
    <td>淄博</td>
    <td>420</td>
    <td>山东省淄博市</td>
    <td>化学原料和化学制品制造业</td>
    <td>51</td>
    <td></td>
    <td>投资设立</td>
  </tr>
  <tr>
    <td>成都英德生物医药装备技术有限公司</td>
    <td>成都</td>
    <td>10,000.00</td>
    <td>四川省成都市</td>
    <td>制造业</td>
    <td>99.49</td>
    <td></td>
    <td>非同一控制下企业合并</td>
  </tr>
  <tr>
    <td>合肥东南骨科医院</td>
    <td>合肥</td>
    <td>2,000.00</td>
    <td>安徽省合肥市</td>
    <td>医学技术服务业</td>
    <td>55</td>
    <td></td>
    <td>非同一控制下企业合并</td>
  </tr>
  <tr>
    <td>安徽合肥东南外科医院</td>
    <td>合肥</td>
    <td>1,200.00</td>
    <td>安徽省合肥市</td>
    <td>医学技术服务业</td>
    <td>75</td>
    <td></td>
    <td>非同一控制下企业合并</td>
  </tr>
  <tr>
    <td>山东新华肾病医疗投资有限公司</td>
    <td>淄博</td>
    <td>3,600.00</td>
    <td>山东省淄博市</td>
    <td>商务服务业</td>
    <td>71.42</td>
    <td>28.58</td>
    <td>投资设立</td>
  </tr>
  <tr>
    <td>山东新华医学检验技术有限公司</td>
    <td>淄博</td>
    <td>3,500.00</td>
    <td>山东省淄博市</td>
    <td>批发业</td>
    <td>100</td>
    <td></td>
    <td>非同一控制下企业合并</td>
  </tr>
  <tr>
    <td>淄博弘新医疗科技有限公司</td>
    <td>淄博</td>
    <td>18,328.50</td>
    <td>山东省淄博市</td>
    <td>科技推广和应用服务业</td>
    <td>100</td>
    <td></td>
    <td>非同一控制下企业合并</td>
  </tr>
  <tr>
    <td>济南信华健康产业有限公司</td>
    <td>济南</td>
    <td>1,303.00</td>
    <td>山东省济南市</td>
    <td>零售业</td>
    <td>55</td>
    <td></td>
    <td>投资设立</td>
  </tr>
  <tr>
    <td>山东弘华投资有限公司</td>
    <td>淄博</td>
    <td>18,539.00</td>
    <td>山东省淄博市</td>
    <td>商务服务业</td>
    <td>100</td>
    <td></td>
    <td>非同一控制下企业合并</td>
  </tr>
  <tr>
    <td>山东新华血液技术有限公司</td>
    <td>淄博</td>
    <td>2,000.00</td>
    <td>山东省淄博市</td>
    <td>科技推广和应用服务业</td>
    <td>100</td>
    <td></td>
    <td>投资设立</td>
  </tr>
  <tr>
    <td>新华医疗（海南）有限公司</td>
    <td>海口</td>
    <td>5,000.00</td>
    <td>海南省海口市</td>
    <td>卫生</td>
    <td>51</td>
    <td></td>
    <td>投资设立</td>
  </tr>
  <tr>
    <td>上海泰美医疗器械有限公司</td>
    <td>上海</td>
    <td>5,172.97</td>
    <td>上海市</td>
    <td>零售业</td>
    <td>100</td>
    <td></td>
    <td>非同一控制下企业合并</td>
  </tr>
  <tr>
    <td>淄博市张店区人民医院南院有限公司</td>
    <td>淄博</td>
    <td>2,500.00</td>
    <td>山东省淄博市</td>
    <td>社会工作</td>
    <td>60</td>
    <td></td>
    <td>投资设立</td>
  </tr>
  <tr>
    <td>新华医疗康复产业（西安）有限公司</td>
    <td>西安</td>
    <td>8,000.00</td>
    <td>陕西省西安市</td>
    <td>科技推广和应用服务业</td>
    <td>100</td>
    <td></td>
    <td>投资设立</td>
  </tr>
  <tr>
    <td>山东新华医院管理有限公司</td>
    <td>济南</td>
    <td>3,408.00</td>
    <td>山东省济南市</td>
    <td>租赁和商务服务业</td>
    <td>100</td>
    <td></td>
    <td>同一控制</td>
  </tr>
</table>

> Note: merged cells detected, rendered as HTML table.

---
## 企业集团的构成

单位：万元币种：人民币

<table id='2587899642dba0983ac96528fca5930d' titleId='c8e59f61-9b40-4ba4-ba3f-49698cc18ad4' headId='2587899642dba0983ac96528fca5930d'>
  <tr>
    <td rowspan=""2"">子公司名称</td>
    <td rowspan=""2"">主要经营地</td>
    <td rowspan=""2"">注册资本</td>
    <td rowspan=""2"">注册地</td>
    <td rowspan=""2"">业务性质</td>
    <td colspan=""2"">持股比例(%)</td>
    <td rowspan=""2"">取得方式</td>
  </tr>
  <tr>
    <td>直接</td>
    <td>间接</td>
  </tr>
  <tr>
    <td>淄博众生医药有限公司</td>
    <td>淄博</td>
    <td>2,718.00</td>
    <td>山东省淄博市</td>
    <td>商贸业</td>
    <td>60</td>
    <td></td>
    <td>非同一控制下企业合并</td>
  </tr>
  <tr>
    <td>北京威泰科生物技术有限公司</td>
    <td>北京</td>
    <td>3,000.00</td>
    <td>北京市</td>
    <td>商贸业</td>
    <td>65</td>
    <td></td>
    <td>非同一控制下企业合并</td>
  </tr>
  <tr>
    <td>山东新华医疗（上海）有限公司</td>
    <td>上海</td>
    <td>4,180.47</td>
    <td>上海市</td>
    <td>科技推广和应用服务业</td>
    <td>100</td>
    <td></td>
    <td>投资设立</td>
  </tr>
  <tr>
    <td>山东新华奇林软件技术有限公司</td>
    <td>淄博</td>
    <td>600</td>
    <td>山东省淄博市</td>
    <td>软件和信息技术服务业</td>
    <td>100</td>
    <td></td>
    <td>投资设立</td>
  </tr>
  <tr>
    <td>上海新华瑞思医疗科技有限公司</td>
    <td>上海</td>
    <td>600</td>
    <td>上海市</td>
    <td>研究和试验发展</td>
    <td>100</td>
    <td></td>
    <td>投资设立</td>
  </tr>
  <tr>
    <td>新华手术器械有限公司</td>
    <td>淄博</td>
    <td>4,599.78</td>
    <td>山东省淄博市</td>
    <td>制造业</td>
    <td>100</td>
    <td></td>
    <td>投资设立</td>
  </tr>
  <tr>
    <td>山东新华医用环保设备有限公司</td>
    <td>淄博</td>
    <td>5,000.00</td>
    <td>山东省淄博市</td>
    <td>制造业</td>
    <td>100</td>
    <td></td>
    <td>投资设立</td>
  </tr>
  <tr>
    <td>上海天清生物材料有限公司</td>
    <td>上海</td>
    <td>2,000.00</td>
    <td>上海市</td>
    <td>化学原料和化学制品制造业</td>
    <td>89</td>
    <td></td>
    <td>非同一控制下企业合并</td>
  </tr>
  <tr>
    <td>新华泰康投资控股（北京）有限公司</td>
    <td>北京</td>
    <td>3,150.00</td>
    <td>北京市</td>
    <td>管理咨询业</td>
    <td>100</td>
    <td></td>
    <td>投资设立</td>
  </tr>
  <tr>
    <td>华佗国际发展有限公司</td>
    <td>香港</td>
    <td>20万美元</td>
    <td>香港特别行政区</td>
    <td>实业投资</td>
    <td>100</td>
    <td></td>
    <td>投资设立</td>
  </tr>
  <tr>
    <td>济南新华医院投资管理有限公司</td>
    <td>济南</td>
    <td>24,186.72</td>
    <td>山东省济南市</td>
    <td>投资管理业</td>
    <td>65</td>
    <td></td>
    <td>投资设立</td>
  </tr>
  <tr>
    <td>长春博迅生物技术有限责任公司</td>
    <td>长春</td>
    <td>1,145.96</td>
    <td>吉林省长春市</td>
    <td>制造业</td>
    <td>100</td>
    <td></td>
    <td>非同一控制下企业合并</td>
  </tr>
  <tr>
    <td>山东神思医疗设备有限公司</td>
    <td>济南</td>
    <td>1,697.00</td>
    <td>山东省济南市</td>
    <td>专用设备制造业</td>
    <td>55</td>
    <td></td>
    <td>非同一控制下企业合并</td>
  </tr>
  <tr>
    <td>上海新华泰康生物技术有限公司</td>
    <td>上海</td>
    <td>5,000.00</td>
    <td>上海市</td>
    <td>生物技术服务业</td>
    <td>100</td>
    <td></td>
    <td>投资设立</td>
  </tr>
  <tr>
    <td>上海盛本包装材料有限公司</td>
    <td>上海</td>
    <td>1,539.00</td>
    <td>上海市</td>
    <td>批发业</td>
    <td>81.87</td>
    <td></td>
    <td>非同一控制下企业合并</td>
  </tr>
  <tr>
    <td>上海远跃制药机械有限公司</td>
    <td>上海</td>
    <td>6,000.00</td>
    <td>上海市</td>
    <td>专用设备制造业</td>
    <td>100</td>
    <td></td>
    <td>非同一控制下企业合并</td>
  </tr>
  <tr>
    <td>苏州远跃生物技术有限公司</td>
    <td>苏州</td>
    <td>5,000.00</td>
    <td>江苏省苏州市</td>
    <td>研究和试验发展</td>
    <td>100</td>
    <td></td>
    <td>非同一控制下企业合并</td>
  </tr>
  <tr>
    <td>新华医疗健康产业（湖南）有限公司</td>
    <td>长沙</td>
    <td>260</td>
    <td>湖南省长沙市</td>
    <td>专业技术服务业</td>
    <td>45</td>
    <td></td>
    <td>投资设立</td>
  </tr>
  <tr>
    <td>山东基匹欧医疗系统有限公司</td>
    <td>济南</td>
    <td>4,200.00</td>
    <td>山东省济南市</td>
    <td>投资管理业</td>
    <td>51</td>
    <td></td>
    <td>投资设立</td>
  </tr>
  <tr>
    <td>新华医疗健康产业（湖北）有限公司</td>
    <td>武汉</td>
    <td>6,000.00</td>
    <td>湖北省武汉市</td>
    <td>医学技术服务业</td>
    <td>50</td>
    <td>10</td>
    <td>投资设立</td>
  </tr>
  <tr>
    <td>山东新华莎罗雅生物技术有限公司</td>
    <td>淄博</td>
    <td>420</td>
    <td>山东省淄博市</td>
    <td>化学原料和化学制品制造业</td>
    <td>51</td>
    <td></td>
    <td>投资设立</td>
  </tr>
  <tr>
    <td>成都英德生物医药装备技术有限公司</td>
    <td>成都</td>
    <td>10,000.00</td>
    <td>四川省成都市</td>
    <td>制造业</td>
    <td>99.49</td>
    <td></td>
    <td>非同一控制下企业合并</td>
  </tr>
  <tr>
    <td>合肥东南骨科医院</td>
    <td>合肥</td>
    <td>2,000.00</td>
    <td>安徽省合肥市</td>
    <td>医学技术服务业</td>
    <td>55</td>
    <td></td>
    <td>非同一控制下企业合并</td>
  </tr>
  <tr>
    <td>安徽合肥东南外科医院</td>
    <td>合肥</td>
    <td>1,200.00</td>
    <td>安徽省合肥市</td>
    <td>医学技术服务业</td>
    <td>75</td>
    <td></td>
    <td>非同一控制下企业合并</td>
  </tr>
  <tr>
    <td>山东新华肾病医疗投资有限公司</td>
    <td>淄博</td>
    <td>3,600.00</td>
    <td>山东省淄博市</td>
    <td>商务服务业</td>
    <td>71.42</td>
    <td>28.58</td>
    <td>投资设立</td>
  </tr>
  <tr>
    <td>山东新华医学检验技术有限公司</td>
    <td>淄博</td>
    <td>3,500.00</td>
    <td>山东省淄博市</td>
    <td>批发业</td>
    <td>100</td>
    <td></td>
    <td>非同一控制下企业合并</td>
  </tr>
  <tr>
    <td>淄博弘新医疗科技有限公司</td>
    <td>淄博</td>
    <td>18,328.50</td>
    <td>山东省淄博市</td>
    <td>科技推广和应用服务业</td>
    <td>100</td>
    <td></td>
    <td>非同一控制下企业合并</td>
  </tr>
  <tr>
    <td>济南信华健康产业有限公司</td>
    <td>济南</td>
    <td>1,303.00</td>
    <td>山东省济南市</td>
    <td>零售业</td>
    <td>55</td>
    <td></td>
    <td>投资设立</td>
  </tr>
  <tr>
    <td>山东弘华投资有限公司</td>
    <td>淄博</td>
    <td>18,539.00</td>
    <td>山东省淄博市</td>
    <td>商务服务业</td>
    <td>100</td>
    <td></td>
    <td>非同一控制下企业合并</td>
  </tr>
  <tr>
    <td>山东新华血液技术有限公司</td>
    <td>淄博</td>
    <td>2,000.00</td>
    <td>山东省淄博市</td>
    <td>科技推广和应用服务业</td>
    <td>100</td>
    <td></td>
    <td>投资设立</td>
  </tr>
  <tr>
    <td>新华医疗（海南）有限公司</td>
    <td>海口</td>
    <td>5,000.00</td>
    <td>海南省海口市</td>
    <td>卫生</td>
    <td>51</td>
    <td></td>
    <td>投资设立</td>
  </tr>
  <tr>
    <td>上海泰美医疗器械有限公司</td>
    <td>上海</td>
    <td>5,172.97</td>
    <td>上海市</td>
    <td>零售业</td>
    <td>100</td>
    <td></td>
    <td>非同一控制下企业合并</td>
  </tr>
  <tr>
    <td>淄博市张店区人民医院南院有限公司</td>
    <td>淄博</td>
    <td>2,500.00</td>
    <td>山东省淄博市</td>
    <td>社会工作</td>
    <td>60</td>
    <td></td>
    <td>投资设立</td>
  </tr>
  <tr>
    <td>新华医疗康复产业（西安）有限公司</td>
    <td>西安</td>
    <td>8,000.00</td>
    <td>陕西省西安市</td>
    <td>科技推广和应用服务业</td>
    <td>100</td>
    <td></td>
    <td>投资设立</td>
  </tr>
  <tr>
    <td>山东新华医院管理有限公司</td>
    <td>济南</td>
    <td>3,408.00</td>
    <td>山东省济南市</td>
    <td>租赁和商务服务业</td>
    <td>100</td>
    <td></td>
    <td>同一控制</td>
  </tr>
</table>

> Note: merged cells detected, rendered as HTML table.

---
## 企业集团的构成

单位：万元币种：人民币

<table id='2587899642dba0983ac96528fca5930d' titleId='c8e59f61-9b40-4ba4-ba3f-49698cc18ad4' headId='2587899642dba0983ac96528fca5930d'>
  <tr>
    <td rowspan=""2"">子公司名称</td>
    <td rowspan=""2"">主要经营地</td>
    <td rowspan=""2"">注册资本</td>
    <td rowspan=""2"">注册地</td>
    <td rowspan=""2"">业务性质</td>
    <td colspan=""2"">持股比例(%)</td>
    <td rowspan=""2"">取得方式</td>
  </tr>
  <tr>
    <td>直接</td>
    <td>间接</td>
  </tr>
  <tr>
    <td>淄博众生医药有限公司</td>
    <td>淄博</td>
    <td>2,718.00</td>
    <td>山东省淄博市</td>
    <td>商贸业</td>
    <td>60</td>
    <td></td>
    <td>非同一控制下企业合并</td>
  </tr>
  <tr>
    <td>北京威泰科生物技术有限公司</td>
    <td>北京</td>
    <td>3,000.00</td>
    <td>北京市</td>
    <td>商贸业</td>
    <td>65</td>
    <td></td>
    <td>非同一控制下企业合并</td>
  </tr>
  <tr>
    <td>山东新华医疗（上海）有限公司</td>
    <td>上海</td>
    <td>4,180.47</td>
    <td>上海市</td>
    <td>科技推广和应用服务业</td>
    <td>100</td>
    <td></td>
    <td>投资设立</td>
  </tr>
  <tr>
    <td>山东新华奇林软件技术有限公司</td>
    <td>淄博</td>
    <td>600</td>
    <td>山东省淄博市</td>
    <td>软件和信息技术服务业</td>
    <td>100</td>
    <td></td>
    <td>投资设立</td>
  </tr>
  <tr>
    <td>上海新华瑞思医疗科技有限公司</td>
    <td>上海</td>
    <td>600</td>
    <td>上海市</td>
    <td>研究和试验发展</td>
    <td>100</td>
    <td></td>
    <td>投资设立</td>
  </tr>
  <tr>
    <td>新华手术器械有限公司</td>
    <td>淄博</td>
    <td>4,599.78</td>
    <td>山东省淄博市</td>
    <td>制造业</td>
    <td>100</td>
    <td></td>
    <td>投资设立</td>
  </tr>
  <tr>
    <td>山东新华医用环保设备有限公司</td>
    <td>淄博</td>
    <td>5,000.00</td>
    <td>山东省淄博市</td>
    <td>制造业</td>
    <td>100</td>
    <td></td>
    <td>投资设立</td>
  </tr>
  <tr>
    <td>上海天清生物材料有限公司</td>
    <td>上海</td>
    <td>2,000.00</td>
    <td>上海市</td>
    <td>化学原料和化学制品制造业</td>
    <td>89</td>
    <td></td>
    <td>非同一控制下企业合并</td>
  </tr>
  <tr>
    <td>新华泰康投资控股（北京）有限公司</td>
    <td>北京</td>
    <td>3,150.00</td>
    <td>北京市</td>
    <td>管理咨询业</td>
    <td>100</td>
    <td></td>
    <td>投资设立</td>
  </tr>
  <tr>
    <td>华佗国际发展有限公司</td>
    <td>香港</td>
    <td>20万美元</td>
    <td>香港特别行政区</td>
    <td>实业投资</td>
    <td>100</td>
    <td></td>
    <td>投资设立</td>
  </tr>
  <tr>
    <td>济南新华医院投资管理有限公司</td>
    <td>济南</td>
    <td>24,186.72</td>
    <td>山东省济南市</td>
    <td>投资管理业</td>
    <td>65</td>
    <td></td>
    <td>投资设立</td>
  </tr>
  <tr>
    <td>长春博迅生物技术有限责任公司</td>
    <td>长春</td>
    <td>1,145.96</td>
    <td>吉林省长春市</td>
    <td>制造业</td>
    <td>100</td>
    <td></td>
    <td>非同一控制下企业合并</td>
  </tr>
  <tr>
    <td>山东神思医疗设备有限公司</td>
    <td>济南</td>
    <td>1,697.00</td>
    <td>山东省济南市</td>
    <td>专用设备制造业</td>
    <td>55</td>
    <td></td>
    <td>非同一控制下企业合并</td>
  </tr>
  <tr>
    <td>上海新华泰康生物技术有限公司</td>
    <td>上海</td>
    <td>5,000.00</td>
    <td>上海市</td>
    <td>生物技术服务业</td>
    <td>100</td>
    <td></td>
    <td>投资设立</td>
  </tr>
  <tr>
    <td>上海盛本包装材料有限公司</td>
    <td>上海</td>
    <td>1,539.00</td>
    <td>上海市</td>
    <td>批发业</td>
    <td>81.87</td>
    <td></td>
    <td>非同一控制下企业合并</td>
  </tr>
  <tr>
    <td>上海远跃制药机械有限公司</td>
    <td>上海</td>
    <td>6,000.00</td>
    <td>上海市</td>
    <td>专用设备制造业</td>
    <td>100</td>
    <td></td>
    <td>非同一控制下企业合并</td>
  </tr>
  <tr>
    <td>苏州远跃生物技术有限公司</td>
    <td>苏州</td>
    <td>5,000.00</td>
    <td>江苏省苏州市</td>
    <td>研究和试验发展</td>
    <td>100</td>
    <td></td>
    <td>非同一控制下企业合并</td>
  </tr>
  <tr>
    <td>新华医疗健康产业（湖南）有限公司</td>
    <td>长沙</td>
    <td>260</td>
    <td>湖南省长沙市</td>
    <td>专业技术服务业</td>
    <td>45</td>
    <td></td>
    <td>投资设立</td>
  </tr>
  <tr>
    <td>山东基匹欧医疗系统有限公司</td>
    <td>济南</td>
    <td>4,200.00</td>
    <td>山东省济南市</td>
    <td>投资管理业</td>
    <td>51</td>
    <td></td>
    <td>投资设立</td>
  </tr>
  <tr>
    <td>新华医疗健康产业（湖北）有限公司</td>
    <td>武汉</td>
    <td>6,000.00</td>
    <td>湖北省武汉市</td>
    <td>医学技术服务业</td>
    <td>50</td>
    <td>10</td>
    <td>投资设立</td>
  </tr>
  <tr>
    <td>山东新华莎罗雅生物技术有限公司</td>
    <td>淄博</td>
    <td>420</td>
    <td>山东省淄博市</td>
    <td>化学原料和化学制品制造业</td>
    <td>51</td>
    <td></td>
    <td>投资设立</td>
  </tr>
  <tr>
    <td>成都英德生物医药装备技术有限公司</td>
    <td>成都</td>
    <td>10,000.00</td>
    <td>四川省成都市</td>
    <td>制造业</td>
    <td>99.49</td>
    <td></td>
    <td>非同一控制下企业合并</td>
  </tr>
  <tr>
    <td>合肥东南骨科医院</td>
    <td>合肥</td>
    <td>2,000.00</td>
    <td>安徽省合肥市</td>
    <td>医学技术服务业</td>
    <td>55</td>
    <td></td>
    <td>非同一控制下企业合并</td>
  </tr>
  <tr>
    <td>安徽合肥东南外科医院</td>
    <td>合肥</td>
    <td>1,200.00</td>
    <td>安徽省合肥市</td>
    <td>医学技术服务业</td>
    <td>75</td>
    <td></td>
    <td>非同一控制下企业合并</td>
  </tr>
  <tr>
    <td>山东新华肾病医疗投资有限公司</td>
    <td>淄博</td>
    <td>3,600.00</td>
    <td>山东省淄博市</td>
    <td>商务服务业</td>
    <td>71.42</td>
    <td>28.58</td>
    <td>投资设立</td>
  </tr>
  <tr>
    <td>山东新华医学检验技术有限公司</td>
    <td>淄博</td>
    <td>3,500.00</td>
    <td>山东省淄博市</td>
    <td>批发业</td>
    <td>100</td>
    <td></td>
    <td>非同一控制下企业合并</td>
  </tr>
  <tr>
    <td>淄博弘新医疗科技有限公司</td>
    <td>淄博</td>
    <td>18,328.50</td>
    <td>山东省淄博市</td>
    <td>科技推广和应用服务业</td>
    <td>100</td>
    <td></td>
    <td>非同一控制下企业合并</td>
  </tr>
  <tr>
    <td>济南信华健康产业有限公司</td>
    <td>济南</td>
    <td>1,303.00</td>
    <td>山东省济南市</td>
    <td>零售业</td>
    <td>55</td>
    <td></td>
    <td>投资设立</td>
  </tr>
  <tr>
    <td>山东弘华投资有限公司</td>
    <td>淄博</td>
    <td>18,539.00</td>
    <td>山东省淄博市</td>
    <td>商务服务业</td>
    <td>100</td>
    <td></td>
    <td>非同一控制下企业合并</td>
  </tr>
  <tr>
    <td>山东新华血液技术有限公司</td>
    <td>淄博</td>
    <td>2,000.00</td>
    <td>山东省淄博市</td>
    <td>科技推广和应用服务业</td>
    <td>100</td>
    <td></td>
    <td>投资设立</td>
  </tr>
  <tr>
    <td>新华医疗（海南）有限公司</td>
    <td>海口</td>
    <td>5,000.00</td>
    <td>海南省海口市</td>
    <td>卫生</td>
    <td>51</td>
    <td></td>
    <td>投资设立</td>
  </tr>
  <tr>
    <td>上海泰美医疗器械有限公司</td>
    <td>上海</td>
    <td>5,172.97</td>
    <td>上海市</td>
    <td>零售业</td>
    <td>100</td>
    <td></td>
    <td>非同一控制下企业合并</td>
  </tr>
  <tr>
    <td>淄博市张店区人民医院南院有限公司</td>
    <td>淄博</td>
    <td>2,500.00</td>
    <td>山东省淄博市</td>
    <td>社会工作</td>
    <td>60</td>
    <td></td>
    <td>投资设立</td>
  </tr>
  <tr>
    <td>新华医疗康复产业（西安）有限公司</td>
    <td>西安</td>
    <td>8,000.00</td>
    <td>陕西省西安市</td>
    <td>科技推广和应用服务业</td>
    <td>100</td>
    <td></td>
    <td>投资设立</td>
  </tr>
  <tr>
    <td>山东新华医院管理有限公司</td>
    <td>济南</td>
    <td>3,408.00</td>
    <td>山东省济南市</td>
    <td>租赁和商务服务业</td>
    <td>100</td>
    <td></td>
    <td>同一控制</td>
  </tr>
</table>

> Note: merged cells detected, rendered as HTML table.

---
## 重要的非全资子公司

单位：元币种：人民币

| 子公司名称 | 少数股东持股比例（%） | 本期归属于少数股东的损益 | 本期向少数股东宣告分派的股利 | 期末少数股东权益余额 |
| :--: | :--: | :--: | --: | :--: |
| 淄博众生医药有限公司 | 40.00% | 752,474.96 | 2,000,000.00 | 21,894,435.20 |
| 成都英德生物医药装备技术有限公司 | 0.51% | 10,644.49 |  | -2,020,892.69 |

---
## 重要非全资子公司的主要财务信息

单位：元币种：人民币

<table id='14afd4721f5302422a0b243baa6463a6' titleId='f23f99c2-6bbf-4e84-8dda-047cad6fe891' headId='14afd4721f5302422a0b243baa6463a6'>
  <tr>
    <td rowspan=""2"">子公司名称</td>
    <td colspan=""6"">期末余额</td>
    <td colspan=""6"">期初余额</td>
  </tr>
  <tr>
    <td>流动资产</td>
    <td>非流动资产</td>
    <td>资产合计</td>
    <td>流动负债</td>
    <td>非流动负债</td>
    <td>负债合计</td>
    <td>流动资产</td>
    <td>非流动资产</td>
    <td>资产合计</td>
    <td>流动负债</td>
    <td>非流动负债</td>
    <td>负债合计</td>
  </tr>
  <tr>
    <td>淄博众生医药有限公司</td>
    <td>468,140,465.79</td>
    <td>16,085,202.61</td>
    <td>484,225,668.40</td>
    <td>411,784,225.26</td>
    <td>16,743,099.34</td>
    <td>428,527,324.60</td>
    <td>531,425,612.01</td>
    <td>12,274,891.41</td>
    <td>543,700,503.42</td>
    <td>474,185,421.34</td>
    <td>10,762,179.02</td>
    <td>484,947,600.36</td>
  </tr>
  <tr>
    <td>成都英德生物医药装备技术有限公司</td>
    <td>814,136,152.67</td>
    <td>96,125,087.92</td>
    <td>910,261,240.59</td>
    <td>790,867,178.46</td>
    <td>14,493,648.70</td>
    <td>805,360,827.16</td>
    <td>907,351,393.94</td>
    <td>97,326,584.711</td>
    <td>,004,677,978.65</td>
    <td>896,048,377.96</td>
    <td>10,151,673.86</td>
    <td>906,200,051.82</td>
  </tr>
</table>

> Note: merged cells detected, rendered as HTML table.

---
## 重要非全资子公司的主要财务信息

<table id='e5b470eb469f6d6b9e607ddbc99ffbc7' titleId='f23f99c2-6bbf-4e84-8dda-047cad6fe891'>
  <tr>
    <td rowspan=""2"">子公司名称</td>
    <td colspan=""4"">本期发生额</td>
    <td colspan=""4"">上期发生额</td>
  </tr>
  <tr>
    <td>营业收入</td>
    <td>净利润</td>
    <td>综合收益总额</td>
    <td>经营活动现金流量</td>
    <td>营业收入</td>
    <td>净利润</td>
    <td>综合收益总额</td>
    <td>经营活动现金流量</td>
  </tr>
  <tr>
    <td>淄博众生医药有限公司</td>
    <td>514,286,650.34</td>
    <td>1,945,440.74</td>
    <td>1,945,440.74</td>
    <td>-5,110,147.07</td>
    <td>516,578,075.27</td>
    <td>1,489,105.91</td>
    <td>1,489,105.91</td>
    <td>-45,155,006.92</td>
  </tr>
  <tr>
    <td>成都英德生物医药装备技术有限公司</td>
    <td>368,727,525.88</td>
    <td>2,083,477.73</td>
    <td>2,083,477.73</td>
    <td>29,281,661.49</td>
    <td>378,681,976.38</td>
    <td>20,692,559.50</td>
    <td>20,692,559.50</td>
    <td>-36,153,742.28</td>
  </tr>
</table>

> Note: merged cells detected, rendered as HTML table.

---
（1）资产负债表日的各类金融资产的账面价值
①2026年6月30日
单位：元 币种：人民币
②2025年12月31日
单位：元 币种：人民币
（2）资产负债表日的各类金融负债的账面价值
①2026年6月30日
单位：元 币种：人民币
②2025年12月31日
单位：元 币种：人民币

---
## 金融负债按剩余到期日分类

<table id='b5fadc0da9ea69286e5a3d40cbd62e67' titleId='58591427-dbc3-43df-8657-c7b34ff7cddf'>
  <tr>
    <td rowspan=""2"">项目</td>
    <td colspan=""5"">2026年6月30日</td>
  </tr>
  <tr>
    <td>1年以内</td>
    <td>1至2年</td>
    <td>2至3年</td>
    <td>3年以上</td>
    <td>合计</td>
  </tr>
  <tr>
    <td>短期借款</td>
    <td>835,441,802.39</td>
    <td></td>
    <td></td>
    <td></td>
    <td>835,441,802.39</td>
  </tr>
  <tr>
    <td>应付票据</td>
    <td>314,493,711.77</td>
    <td></td>
    <td></td>
    <td></td>
    <td>314,493,711.77</td>
  </tr>
  <tr>
    <td>应付账款</td>
    <td>2,479,591,550.78</td>
    <td></td>
    <td></td>
    <td></td>
    <td>2,479,591,550.78</td>
  </tr>
  <tr>
    <td>其他应付款</td>
    <td>576,943,096.85</td>
    <td></td>
    <td></td>
    <td></td>
    <td>576,943,096.85</td>
  </tr>
  <tr>
    <td>租赁负债</td>
    <td></td>
    <td>10,469,688.54</td>
    <td>7,997,814.35</td>
    <td>29,013,360.78</td>
    <td>47,480,863.67</td>
  </tr>
  <tr>
    <td>一年内到期的非流动负债</td>
    <td>63,662,300.66</td>
    <td></td>
    <td></td>
    <td></td>
    <td>63,662,300.66</td>
  </tr>
  <tr>
    <td>长期借款</td>
    <td></td>
    <td>27,610,000.00</td>
    <td>84,537,000.00</td>
    <td>19,327,445.92</td>
    <td>131,474,445.92</td>
  </tr>
  <tr>
    <td>长期应付款</td>
    <td></td>
    <td>833,291.76</td>
    <td>219,567.45</td>
    <td></td>
    <td>1,052,859.21</td>
  </tr>
  <tr>
    <td>其他流动负债</td>
    <td>126,166,633.06</td>
    <td></td>
    <td></td>
    <td></td>
    <td>126,166,633.06</td>
  </tr>
</table>

> Note: merged cells detected, rendered as HTML table.

---
1、本企业的母公司情况
√适用□不适用
单位：万元币种：人民币
本企业的母公司情况的说明
山东健康集团有限公司于2018年7月20日经山东省市场监督管理局批准成立，注册资本为1,074,838.31万元人民币，法定代表人为王振江，注册地址为山东省济南市高新区经十路7000号汉峪金融商务中心一区2号楼，统一社会信用代码为91370000MA3M6J5842。
本企业最终控制方是山东省人民政府国有资产监督管理委员会
其他说明：
无。
2、本企业的子公司情况
本企业子公司的情况详见附注
√适用□不适用
本公司子公司的情况详见附注十、在其他主体中的权益。
3、本企业合营和联营企业情况
本企业重要的合营或联营企业详见附注
□适用√不适用
本期与本公司发生关联方交易，或前期与本公司发生关联方交易形成余额的其他合营或联营企业情况如下
√适用□不适用
其他说明
□适用√不适用
4、其他关联方情况
√适用□不适用
其他说明
无。

---
## 本企业合营和联营企业情况

| 合营或联营企业名称 | 与本企业关系 |
| :--: | :--: |
| 山东新华健康产业有限公司 | 合营企业 |
| 山东新马制药装备有限公司 | 联营企业 |
| 北京同仁堂淄博药店连锁有限责任公司 | 联营企业 |
| 山东新华联合骨科器材股份有限公司 | 联营企业 |
| 山东省文登整骨烟台医院有限公司 | 联营企业 |
| 湘阴县华雅医院有限公司 | 联营企业 |
| 山东高新医疗器械创新中心有限公司 | 联营企业 |
| 上海一康康复医院股份有限公司 | 联营企业 |

---
## 其他关联方情况

| 其他关联方名称 | 其他关联方与本企业关系 |
| :--: | :--: |
| 济宁华能制药厂有限公司 | 母公司的控股子公司 |
| 山东新兖医药有限公司 | 母公司的控股子公司 |
| 山东颐养健康集团药业有限公司 | 母公司的控股子公司 |
| 山东颐养健康集团淄博医院 | 母公司的控股子公司 |
| 山东颐养健康集团双山医院 | 母公司的控股子公司 |
| 山东万通药业有限公司 | 母公司的控股子公司 |
| 山东颐养健康集团莱芜中心医院 | 母公司的控股子公司 |
| 山东颐养健康集团新泰孙村医院 | 母公司的控股子公司 |
| 山东颐养健康集团新泰泉沟医院 | 母公司的控股子公司 |
| 山东颐养健康集团新泰翟镇医院 | 母公司的控股子公司 |
| 山东颐养健康集团逸乐医院管理有限公司 | 母公司的控股子公司 |
| 山东康之源医疗器械有限公司 | 母公司的控股子公司 |
| 山东颐养健康集团华丰医院 | 母公司的控股子公司 |
| 山东康力医疗器械科技有限公司 | 母公司的控股子公司 |
| 鲁康（珠海）置业有限公司 | 母公司的控股子公司 |
| 上海尧乾房地产开发有限公司 | 母公司的控股子公司 |
| 山东颐养健康集团数字植物工厂（莱芜）有限公司 | 母公司的控股子公司 |
| 山东康源堂药业股份有限公司 | 母公司的控股子公司 |
| 山东省装饰集团有限公司 | 母公司的控股子公司 |
| 济南高新东区医院（山东健康集团济南医院） | 母公司的控股子公司 |
| 山东颐养健康集团东岳医院有限公司 | 母公司的控股子公司 |
| 山东颐养健康集团新汶中心医院 | 母公司的控股子公司 |
| 山东国欣颐养集团枣庄医院 | 母公司的控股子公司 |
| 山东颐养健康集团肥城医院 | 母公司的控股子公司 |
| 山东颐养健康集团融资租赁有限公司 | 母公司的控股子公司 |
| 山东省颐康职业培训学校有限公司 | 母公司的控股子公司 |
| 山东颐养健康集团大数据有限公司 | 母公司的控股子公司 |
| 山东颐养健康集团医药发展有限公司 | 母公司的控股子公司 |
| 山东康力医疗器械科技有限公司 | 母公司的控股子公司 |
| 山东颐养健康集团新泰协庄医院 | 母公司的控股子公司 |
| 山东高创迈科自控技术有限公司 | 联营企业山东高新医疗器械创新中心有限公司之子公司 |
| 山东华卫健康产业研究院有限公司 | 联营企业山东高新医疗器械创新中心有限公司之子公司 |
| 山东新华普阳生物技术有限公司 | 联营企业山东高新医疗器械创新中心有限公司之子公司 |
| 山东华卫健康产业有限公司 | 联营企业山东高新医疗器械创新中心有限公司之子公司 |
| 陕西瑞生诊断试剂有限公司 | 联营企业山东高新医疗器械创新中心有限公司之子公司 |
| 吉林普阳医用科技有限公司 | 联营企业山东高新医疗器械创新中心有限公司之子公司 |
| 深圳高创新润医疗科技有限公司 | 联营企业山东高新医疗器械创新中心有限公司之子公司 |
| 联贸医疗用品技术（上海）有限公司 | 联营企业山东新华联合骨科器材股份有限公司之子公司 |
| 威士达医疗设备（上海）有限公司 | 联营企业ETHK Labs Inc.之子公司 |
| 威海新华医疗器械有限公司 | 联营企业山东省文登整骨烟台医院有限公司之子公司 |
| 山东健宝医疗服务有限公司 | 联营企业山东省文登整骨烟台医院有限公司之子公司 |
| 上海脉全医疗器械有限公司 | 公司参股公司Eastwood Medical Trading Co.,Limited之子公司 |
| 重庆金浦医疗健康服务产业股权投资基金合伙企业（有限合伙） | 公司参股公司 |
| 山东新华医院管理有限公司 | 公司参股公司 |
| 淄博新华中医医院管理有限公司 | 公司参股公司 |
| 上海聚力康医疗科技集团股份有限公司 | 公司参股公司 |
| 佛山禅成聚力康医疗消毒供应有限公司 | 公司参股公司上海聚力康医疗科技集团股份有限公司之子公司 |
| 驻马店聚力康医疗灭菌服务有限公司 | 公司参股公司上海聚力康医疗科技集团股份有限公司之子公司 |
| 厦门市聚力康灭菌技术有限公司 | 公司参股公司上海聚力康医疗科技集团股份有限公司之子公司 |
| 上海聚力康灭菌技术有限公司 | 公司参股公司上海聚力康医疗科技集团股份有限公司之子公司 |
| 云南华玲医疗科技有限公司 | 其他关联方 |

---
## 其他关联方情况

| 其他关联方名称 | 其他关联方与本企业关系 |
| :--: | :--: |
| 济宁华能制药厂有限公司 | 母公司的控股子公司 |
| 山东新兖医药有限公司 | 母公司的控股子公司 |
| 山东颐养健康集团药业有限公司 | 母公司的控股子公司 |
| 山东颐养健康集团淄博医院 | 母公司的控股子公司 |
| 山东颐养健康集团双山医院 | 母公司的控股子公司 |
| 山东万通药业有限公司 | 母公司的控股子公司 |
| 山东颐养健康集团莱芜中心医院 | 母公司的控股子公司 |
| 山东颐养健康集团新泰孙村医院 | 母公司的控股子公司 |
| 山东颐养健康集团新泰泉沟医院 | 母公司的控股子公司 |
| 山东颐养健康集团新泰翟镇医院 | 母公司的控股子公司 |
| 山东颐养健康集团逸乐医院管理有限公司 | 母公司的控股子公司 |
| 山东康之源医疗器械有限公司 | 母公司的控股子公司 |
| 山东颐养健康集团华丰医院 | 母公司的控股子公司 |
| 山东康力医疗器械科技有限公司 | 母公司的控股子公司 |
| 鲁康（珠海）置业有限公司 | 母公司的控股子公司 |
| 上海尧乾房地产开发有限公司 | 母公司的控股子公司 |
| 山东颐养健康集团数字植物工厂（莱芜）有限公司 | 母公司的控股子公司 |
| 山东康源堂药业股份有限公司 | 母公司的控股子公司 |
| 山东省装饰集团有限公司 | 母公司的控股子公司 |
| 济南高新东区医院（山东健康集团济南医院） | 母公司的控股子公司 |
| 山东颐养健康集团东岳医院有限公司 | 母公司的控股子公司 |
| 山东颐养健康集团新汶中心医院 | 母公司的控股子公司 |
| 山东国欣颐养集团枣庄医院 | 母公司的控股子公司 |
| 山东颐养健康集团肥城医院 | 母公司的控股子公司 |
| 山东颐养健康集团融资租赁有限公司 | 母公司的控股子公司 |
| 山东省颐康职业培训学校有限公司 | 母公司的控股子公司 |
| 山东颐养健康集团大数据有限公司 | 母公司的控股子公司 |
| 山东颐养健康集团医药发展有限公司 | 母公司的控股子公司 |
| 山东康力医疗器械科技有限公司 | 母公司的控股子公司 |
| 山东颐养健康集团新泰协庄医院 | 母公司的控股子公司 |
| 山东高创迈科自控技术有限公司 | 联营企业山东高新医疗器械创新中心有限公司之子公司 |
| 山东华卫健康产业研究院有限公司 | 联营企业山东高新医疗器械创新中心有限公司之子公司 |
| 山东新华普阳生物技术有限公司 | 联营企业山东高新医疗器械创新中心有限公司之子公司 |
| 山东华卫健康产业有限公司 | 联营企业山东高新医疗器械创新中心有限公司之子公司 |
| 陕西瑞生诊断试剂有限公司 | 联营企业山东高新医疗器械创新中心有限公司之子公司 |
| 吉林普阳医用科技有限公司 | 联营企业山东高新医疗器械创新中心有限公司之子公司 |
| 深圳高创新润医疗科技有限公司 | 联营企业山东高新医疗器械创新中心有限公司之子公司 |
| 联贸医疗用品技术（上海）有限公司 | 联营企业山东新华联合骨科器材股份有限公司之子公司 |
| 威士达医疗设备（上海）有限公司 | 联营企业ETHK Labs Inc.之子公司 |
| 威海新华医疗器械有限公司 | 联营企业山东省文登整骨烟台医院有限公司之子公司 |
| 山东健宝医疗服务有限公司 | 联营企业山东省文登整骨烟台医院有限公司之子公司 |
| 上海脉全医疗器械有限公司 | 公司参股公司Eastwood Medical Trading Co.,Limited之子公司 |
| 重庆金浦医疗健康服务产业股权投资基金合伙企业（有限合伙） | 公司参股公司 |
| 山东新华医院管理有限公司 | 公司参股公司 |
| 淄博新华中医医院管理有限公司 | 公司参股公司 |
| 上海聚力康医疗科技集团股份有限公司 | 公司参股公司 |
| 佛山禅成聚力康医疗消毒供应有限公司 | 公司参股公司上海聚力康医疗科技集团股份有限公司之子公司 |
| 驻马店聚力康医疗灭菌服务有限公司 | 公司参股公司上海聚力康医疗科技集团股份有限公司之子公司 |
| 厦门市聚力康灭菌技术有限公司 | 公司参股公司上海聚力康医疗科技集团股份有限公司之子公司 |
| 上海聚力康灭菌技术有限公司 | 公司参股公司上海聚力康医疗科技集团股份有限公司之子公司 |
| 云南华玲医疗科技有限公司 | 其他关联方 |

---
## 其他关联方情况

| 其他关联方名称 | 其他关联方与本企业关系 |
| :--: | :--: |
| 济宁华能制药厂有限公司 | 母公司的控股子公司 |
| 山东新兖医药有限公司 | 母公司的控股子公司 |
| 山东颐养健康集团药业有限公司 | 母公司的控股子公司 |
| 山东颐养健康集团淄博医院 | 母公司的控股子公司 |
| 山东颐养健康集团双山医院 | 母公司的控股子公司 |
| 山东万通药业有限公司 | 母公司的控股子公司 |
| 山东颐养健康集团莱芜中心医院 | 母公司的控股子公司 |
| 山东颐养健康集团新泰孙村医院 | 母公司的控股子公司 |
| 山东颐养健康集团新泰泉沟医院 | 母公司的控股子公司 |
| 山东颐养健康集团新泰翟镇医院 | 母公司的控股子公司 |
| 山东颐养健康集团逸乐医院管理有限公司 | 母公司的控股子公司 |
| 山东康之源医疗器械有限公司 | 母公司的控股子公司 |
| 山东颐养健康集团华丰医院 | 母公司的控股子公司 |
| 山东康力医疗器械科技有限公司 | 母公司的控股子公司 |
| 鲁康（珠海）置业有限公司 | 母公司的控股子公司 |
| 上海尧乾房地产开发有限公司 | 母公司的控股子公司 |
| 山东颐养健康集团数字植物工厂（莱芜）有限公司 | 母公司的控股子公司 |
| 山东康源堂药业股份有限公司 | 母公司的控股子公司 |
| 山东省装饰集团有限公司 | 母公司的控股子公司 |
| 济南高新东区医院（山东健康集团济南医院） | 母公司的控股子公司 |
| 山东颐养健康集团东岳医院有限公司 | 母公司的控股子公司 |
| 山东颐养健康集团新汶中心医院 | 母公司的控股子公司 |
| 山东国欣颐养集团枣庄医院 | 母公司的控股子公司 |
| 山东颐养健康集团肥城医院 | 母公司的控股子公司 |
| 山东颐养健康集团融资租赁有限公司 | 母公司的控股子公司 |
| 山东省颐康职业培训学校有限公司 | 母公司的控股子公司 |
| 山东颐养健康集团大数据有限公司 | 母公司的控股子公司 |
| 山东颐养健康集团医药发展有限公司 | 母公司的控股子公司 |
| 山东康力医疗器械科技有限公司 | 母公司的控股子公司 |
| 山东颐养健康集团新泰协庄医院 | 母公司的控股子公司 |
| 山东高创迈科自控技术有限公司 | 联营企业山东高新医疗器械创新中心有限公司之子公司 |
| 山东华卫健康产业研究院有限公司 | 联营企业山东高新医疗器械创新中心有限公司之子公司 |
| 山东新华普阳生物技术有限公司 | 联营企业山东高新医疗器械创新中心有限公司之子公司 |
| 山东华卫健康产业有限公司 | 联营企业山东高新医疗器械创新中心有限公司之子公司 |
| 陕西瑞生诊断试剂有限公司 | 联营企业山东高新医疗器械创新中心有限公司之子公司 |
| 吉林普阳医用科技有限公司 | 联营企业山东高新医疗器械创新中心有限公司之子公司 |
| 深圳高创新润医疗科技有限公司 | 联营企业山东高新医疗器械创新中心有限公司之子公司 |
| 联贸医疗用品技术（上海）有限公司 | 联营企业山东新华联合骨科器材股份有限公司之子公司 |
| 威士达医疗设备（上海）有限公司 | 联营企业ETHK Labs Inc.之子公司 |
| 威海新华医疗器械有限公司 | 联营企业山东省文登整骨烟台医院有限公司之子公司 |
| 山东健宝医疗服务有限公司 | 联营企业山东省文登整骨烟台医院有限公司之子公司 |
| 上海脉全医疗器械有限公司 | 公司参股公司Eastwood Medical Trading Co.,Limited之子公司 |
| 重庆金浦医疗健康服务产业股权投资基金合伙企业（有限合伙） | 公司参股公司 |
| 山东新华医院管理有限公司 | 公司参股公司 |
| 淄博新华中医医院管理有限公司 | 公司参股公司 |
| 上海聚力康医疗科技集团股份有限公司 | 公司参股公司 |
| 佛山禅成聚力康医疗消毒供应有限公司 | 公司参股公司上海聚力康医疗科技集团股份有限公司之子公司 |
| 驻马店聚力康医疗灭菌服务有限公司 | 公司参股公司上海聚力康医疗科技集团股份有限公司之子公司 |
| 厦门市聚力康灭菌技术有限公司 | 公司参股公司上海聚力康医疗科技集团股份有限公司之子公司 |
| 上海聚力康灭菌技术有限公司 | 公司参股公司上海聚力康医疗科技集团股份有限公司之子公司 |
| 云南华玲医疗科技有限公司 | 其他关联方 |

---
## 采购商品/接受劳务情况表

| 关联方 | 关联交易内容 | 本期发生额 | 获批的交易额度（如适用） | 是否超过交易额度（如适用） | 上期发生额 |
| :--: | :-- | --: | :--: | :--: | :--: |
| 山东高创迈科自控技术有限公司 | 采购商品 | 18,745,321.25 | 60,000,000.00 | 否 | 17,417,975.93 |
| 山东新华健康产业有限公司 | 采购商品 | 4,497,483.82 | 20,000,000.00 | 否 | 4,583,670.40 |
| 山东新华联合骨科器材股份有限公司 | 采购商品 | 1,984,338.24 |  |  |  |
| 联贸医疗用品技术（上海）有限公司 | 采购商品 | 550,276.42 |  |  |  |
| 深圳高创新润医疗科技有限公司 | 采购商品 | 93,362.83 |  |  | 367,699.11 |
| 山东颐养健康集团药业有限公司 | 采购商品 | 30,240.48 |  |  |  |
| 山东新马制药装备有限公司 | 采购商品 | 21,523.82 | 50,000,000.00 | 否 | 3,213,734.51 |
| 山东新华普阳生物技术有限公司 | 采购商品 | 2,256.64 |  |  | 215.40 |
| 颐养健康实业集团有限公司 | 采购商品 |  |  |  | 150,000.00 |
| 山东华卫健康产业有限公司 | 采购商品 |  |  |  | 38,700.00 |
| 山东华卫健康产业研究院有限公司 | 采购商品 |  |  |  | 7,695.36 |
| 山东颐养健康集团融资租赁有限公司 | 采购商品 |  |  |  | 100.00 |
| 山东颐养健康集团医药发展有限公司 | 采购商品 |  |  |  | -191.28 |
| 山东新马制药装备有限公司 | 采购设备 | 2,743,362.83 | 50,000,000.00 | 否 |  |
| 陕西瑞生诊断试剂有限公司 | 采购设备 | 45,177.88 |  |  |  |
| 山东高创迈科自控技术有限公司 | 采购设备 | 14,964.60 | 60,000,000.00 | 否 |  |
| 山东华卫健康产业研究院有限公司 | 采购设备 | 2,912.62 |  |  |  |
| 山东新马制药装备有限公司 | 其他 | 345,663.72 | 50,000,000.00 | 否 |  |
| 山东华卫健康产业研究院有限公司 | 其他 | 45,716.81 |  |  |  |
| 山东高创迈科自控技术有限公司 | 其他 | 7,620.00 | 60,000,000.00 | 否 |  |
| 山东新华健康产业有限公司 | 其他 | 7,592.92 |  |  |  |

---
## 出售商品/提供劳务情况表

单位：元币种：人民币

| 关联方 | 关联交易内容 | 本期发生额 | 上期发生额 |
| :--: | :--: | :--: | :--: |
| 山东颐养健康集团淄博医院 | 销售药品 | 14,448,249.43 | 17,121,471.66 |
| 山东颐养健康集团药业有限公司 | 销售药品 | 807,906.30 | 3,616,560.69 |
| 北京同仁堂淄博药店连锁有限责任公司 | 销售药品 | 436,327.39 | 459,871.95 |
| 山东万通药业有限公司 | 销售药品 | 121,104.09 | 36,920.00 |
| 山东颐养健康集团双山医院 | 销售药品 | 11,171.15 | 48,029.80 |
| 山东颐养健康集团康养发展有限公司淄博分公司 | 销售药品 | 230.57 |  |
| 山东颐养健康集团莱芜中心医院 | 销售药品 |  | 23,933.20 |
| 山东新华联合骨科器材股份有限公司 | 销售器械、耗材 | 455,201.29 | 11,440.00 |
| 威海新华医疗器械有限公司 | 销售器械、耗材 | 120,502.65 | 918,584.08 |
| 山东新华健康产业有限公司 | 销售器械、耗材 | 85,648.70 | 937,011.72 |
| 山东健宝医疗服务有限公司 | 销售器械、耗材 | 83,683.18 |  |
| 上海聚力康灭菌技术有限公司 | 销售器械、耗材 | 72,823.03 |  |
| 山东新马制药装备有限公司 | 销售器械、耗材 | 52,664.59 |  |
| 山东颐养健康集团药业有限公司 | 销售器械、耗材 | 37,262.81 | 880,853.11 |
| 佛山禅成聚力康医疗消毒供应有限公司 | 销售器械、耗材 | 36,983.92 |  |
| 云南华玲医疗科技有限公司 | 销售器械、耗材 | 21,345.14 |  |
| 驻马店聚力康医疗灭菌服务有限公司 | 销售器械、耗材 | 19,921.69 |  |
| 威士达医疗设备（上海）有限公司 | 销售器械、耗材 | 14,230.07 | 918,442.12 |
| 厦门市聚力康灭菌技术有限公司 | 销售器械、耗材 | 11,923.09 |  |
| 南阳聚力康灭菌技术有限公司 | 销售器械、耗材 | 9,823.01 |  |
| 合肥市聚力康灭菌技术有限公司 | 销售器械、耗材 | 8,844.55 |  |
| 山东颐养健康集团华丰医院 | 销售器械、耗材 | 2,123.90 |  |
| 山东华卫健康产业研究院有限公司 | 销售器械、耗材 | 1,170.80 |  |
| 山东高新医疗器械创新中心有限公司 | 销售器械、耗材 | 884.96 |  |
| 山东省文登整骨烟台医院有限公司 | 销售器械、耗材 |  | 400,000.00 |
| 上海聚力康医疗科技集团股份有限公司 | 销售器械、耗材 |  | 276,054.00 |
| 山东康之源医疗器械有限公司 | 销售器械、耗材 |  | 240,837.69 |
| 山东国欣颐养集团枣庄医院 | 销售器械、耗材 |  | 3,345.00 |
| 山东康源堂药业股份有限公司 | 销售设备、耗材 | 18,758,320.93 |  |
| 山东颐养健康集团融资租赁有限公司 | 销售设备、耗材 | 7,008,230.09 |  |
| 山东新马制药装备有限公司 | 销售设备、耗材 | 6,681,873.04 | 10,011,054.88 |
| 山东康力医疗器械科技有限公司 | 销售设备、耗材 | 5,856,769.51 | 44,200.00 |
| 深圳高创新润医疗科技有限公司 | 销售设备、耗材 | 5,333,628.32 |  |
| 深圳华创智新医疗科技有限公司 | 销售设备、耗材 | 2,491,946.90 |  |
| 山东颐养健康集团药业有限公司 | 销售设备、耗材 | 1,510,320.07 |  |
| 上海聚力康灭菌技术有限公司 | 销售设备、耗材 | 637,779.30 |  |
| 山东新华健康产业有限公司 | 销售设备、耗材 | 325,448.67 |  |
| 山东康之源医疗器械有限公司 | 销售设备、耗材 | 189,703.52 |  |
| 云南华玲医疗科技有限公司 | 销售设备、耗材 | 183,338.02 |  |
| 佛山禅成聚力康医疗消毒供应有限公司 | 销售设备、耗材 | 86,247.79 |  |
| 济南高新东区医院（山东健康集团济南医院） | 销售设备、耗材 | 74,336.28 |  |
| 山东省装饰集团有限公司 | 销售设备、耗材 | 55,061.97 |  |
| 山东省文登整骨烟台医院有限公司 | 销售设备、耗材 | 24,564.59 |  |

---
## 出售商品/提供劳务情况表

单位：元币种：人民币

| 关联方 | 关联交易内容 | 本期发生额 | 上期发生额 |
| :--: | :--: | :--: | :--: |
| 山东颐养健康集团淄博医院 | 销售药品 | 14,448,249.43 | 17,121,471.66 |
| 山东颐养健康集团药业有限公司 | 销售药品 | 807,906.30 | 3,616,560.69 |
| 北京同仁堂淄博药店连锁有限责任公司 | 销售药品 | 436,327.39 | 459,871.95 |
| 山东万通药业有限公司 | 销售药品 | 121,104.09 | 36,920.00 |
| 山东颐养健康集团双山医院 | 销售药品 | 11,171.15 | 48,029.80 |
| 山东颐养健康集团康养发展有限公司淄博分公司 | 销售药品 | 230.57 |  |
| 山东颐养健康集团莱芜中心医院 | 销售药品 |  | 23,933.20 |
| 山东新华联合骨科器材股份有限公司 | 销售器械、耗材 | 455,201.29 | 11,440.00 |
| 威海新华医疗器械有限公司 | 销售器械、耗材 | 120,502.65 | 918,584.08 |
| 山东新华健康产业有限公司 | 销售器械、耗材 | 85,648.70 | 937,011.72 |
| 山东健宝医疗服务有限公司 | 销售器械、耗材 | 83,683.18 |  |
| 上海聚力康灭菌技术有限公司 | 销售器械、耗材 | 72,823.03 |  |
| 山东新马制药装备有限公司 | 销售器械、耗材 | 52,664.59 |  |
| 山东颐养健康集团药业有限公司 | 销售器械、耗材 | 37,262.81 | 880,853.11 |
| 佛山禅成聚力康医疗消毒供应有限公司 | 销售器械、耗材 | 36,983.92 |  |
| 云南华玲医疗科技有限公司 | 销售器械、耗材 | 21,345.14 |  |
| 驻马店聚力康医疗灭菌服务有限公司 | 销售器械、耗材 | 19,921.69 |  |
| 威士达医疗设备（上海）有限公司 | 销售器械、耗材 | 14,230.07 | 918,442.12 |
| 厦门市聚力康灭菌技术有限公司 | 销售器械、耗材 | 11,923.09 |  |
| 南阳聚力康灭菌技术有限公司 | 销售器械、耗材 | 9,823.01 |  |
| 合肥市聚力康灭菌技术有限公司 | 销售器械、耗材 | 8,844.55 |  |
| 山东颐养健康集团华丰医院 | 销售器械、耗材 | 2,123.90 |  |
| 山东华卫健康产业研究院有限公司 | 销售器械、耗材 | 1,170.80 |  |
| 山东高新医疗器械创新中心有限公司 | 销售器械、耗材 | 884.96 |  |
| 山东省文登整骨烟台医院有限公司 | 销售器械、耗材 |  | 400,000.00 |
| 上海聚力康医疗科技集团股份有限公司 | 销售器械、耗材 |  | 276,054.00 |
| 山东康之源医疗器械有限公司 | 销售器械、耗材 |  | 240,837.69 |
| 山东国欣颐养集团枣庄医院 | 销售器械、耗材 |  | 3,345.00 |
| 山东康源堂药业股份有限公司 | 销售设备、耗材 | 18,758,320.93 |  |
| 山东颐养健康集团融资租赁有限公司 | 销售设备、耗材 | 7,008,230.09 |  |
| 山东新马制药装备有限公司 | 销售设备、耗材 | 6,681,873.04 | 10,011,054.88 |
| 山东康力医疗器械科技有限公司 | 销售设备、耗材 | 5,856,769.51 | 44,200.00 |
| 深圳高创新润医疗科技有限公司 | 销售设备、耗材 | 5,333,628.32 |  |
| 深圳华创智新医疗科技有限公司 | 销售设备、耗材 | 2,491,946.90 |  |
| 山东颐养健康集团药业有限公司 | 销售设备、耗材 | 1,510,320.07 |  |
| 上海聚力康灭菌技术有限公司 | 销售设备、耗材 | 637,779.30 |  |
| 山东新华健康产业有限公司 | 销售设备、耗材 | 325,448.67 |  |
| 山东康之源医疗器械有限公司 | 销售设备、耗材 | 189,703.52 |  |
| 云南华玲医疗科技有限公司 | 销售设备、耗材 | 183,338.02 |  |
| 佛山禅成聚力康医疗消毒供应有限公司 | 销售设备、耗材 | 86,247.79 |  |
| 济南高新东区医院（山东健康集团济南医院） | 销售设备、耗材 | 74,336.28 |  |
| 山东省装饰集团有限公司 | 销售设备、耗材 | 55,061.97 |  |
| 山东省文登整骨烟台医院有限公司 | 销售设备、耗材 | 24,564.59 |  |

---
## 关联租赁情况

单位：元币种：人民币

| 承租方名称 | 租赁资产种类 | 本期确认的租赁收入 | 上期确认的租赁收入 |
| :--: | :-- | --: | --: |
| 威士达医疗设备（上海）有限公司 | 房屋及建筑物 | 1,698,316.45 | 1,722,425.18 |
| 上海脉全医疗器械有限公司 | 房屋及建筑物 | 480,366.07 | 504,384.38 |
| 山东新华健康产业有限公司 | 专用设备 | 159,292.04 | 159,292.04 |

---
## 关联担保情况

单位：元币种：人民币

| 被担保方 | 担保金额 | 担保起始日 | 担保到期日 | 担保是否已经履行完毕 |
| :--: | :--: | :-- | :--: | :--: |
| 北京威泰科生物技术有限公司 | 9,000,000.00 | 2025-09-29 | 2026-09-28 | 否 |
| 北京威泰科生物技术有限公司 | 10,000,000.00 | 2025-08-27 | 2026-08-26 | 否 |
| 北京威泰科生物技术有限公司 | 10,000,000.00 | 2026-04-16 | 2027-04-15 | 否 |
| 成都英德生物医药设备有限公司 | 10,000,000.00 | 2025-12-10 | 2026-12-09 | 否 |
| 成都英德生物医药设备有限公司 | 17,500,000.00 | 2025-12-10 | 2026-12-09 | 否 |
| 合肥东南骨科医院 | 7,000,000.00 | 2025-08-14 | 2026-08-14 | 否 |
| 合肥东南骨科医院 | 7,000,000.00 | 2026-04-28 | 2027-04-28 | 否 |
| 合肥东南骨科医院 | 6,000,000.00 | 2026-05-12 | 2027-04-01 | 否 |
| 山东新华医用环保设备有限公司 | 10,000,000.00 | 2026-03-11 | 2027-03-10 | 否 |
| 上海秉程医疗器械有限公司 | 5,000,000.00 | 2025-12-29 | 2026-12-28 | 否 |
| 上海秉程医疗器械有限公司 | 5,000,000.00 | 2026-03-23 | 2026-12-28 | 否 |
| 上海秉程医疗器械有限公司 | 3,800,000.00 | 2026-04-21 | 2026-11-12 | 否 |
| 上海秉程医疗器械有限公司 | 6,980,000.00 | 2026-04-17 | 2026-10-16 | 否 |
| 上海秉程医疗器械有限公司 | 3,000,000.00 | 2026-04-16 | 2026-10-15 | 否 |
| 上海秉程医疗器械有限公司 | 6,000,000.00 | 2026-06-23 | 2027-06-22 | 否 |
| 上海秉程医疗器械有限公司 | 10,000,000.00 | 2026-06-17 | 2027-06-16 | 否 |
| 上海泰美医疗器械有限公司 | 40,000,000.00 | 2025-10-17 | 2026-10-17 | 否 |
| 上海泰美医疗器械有限公司 | 40,000,000.00 | 2025-08-21 | 2026-08-21 | 否 |
| 上海泰美医疗器械有限公司 | 70,000,000.00 | 2025-07-04 | 2026-07-04 | 否 |
| 上海泰美医疗器械有限公司 | 40,000,000.00 | 2025-11-17 | 2026-11-17 | 否 |
| 上海泰美医疗器械有限公司 | 20,000,000.00 | 2025-12-16 | 2026-12-16 | 否 |
| 上海泰美医疗器械有限公司 | 20,000,000.00 | 2025-12-17 | 2026-12-17 | 否 |
| 上海泰美医疗器械有限公司 | 10,000,000.00 | 2025-12-17 | 2026-12-17 | 否 |
| 上海泰美医疗器械有限公司 | 20,000,000.00 | 2026-01-16 | 2027-01-15 | 否 |
| 上海泰美医疗器械有限公司 | 42,000,000.00 | 2026-03-23 | 2027-03-22 | 否 |
| 上海泰美医疗器械有限公司 | 20,000,000.00 | 2026-03-20 | 2027-03-19 | 否 |
| 上海泰美医疗器械有限公司 | 32,000,000.00 | 2026-03-27 | 2027-03-26 | 否 |
| 苏州浙远自动化工程技术有限公司 | 6,000,000.00 | 2025-07-25 | 2026-07-21 | 否 |
| 苏州浙远自动化工程技术有限公司 | 2,990,240.30 | 2026-06-26 | 2027-06-24 | 否 |
| 淄博众生医药有限公司 | 9,900,000.00 | 2025-09-22 | 2026-09-01 | 否 |
| 淄博众生医药有限公司 | 15,100,000.00 | 2025-07-22 | 2026-07-02 | 否 |
| 淄博众生医药有限公司 | 10,000,000.00 | 2025-08-20 | 2026-08-03 | 否 |
| 淄博众生医药有限公司 | 10,000,000.00 | 2025-11-19 | 2026-10-09 | 否 |
| 淄博众生医药有限公司 | 10,000,000.00 | 2026-01-26 | 2027-01-05 | 否 |
| 淄博众生医药有限公司 | 10,000,000.00 | 2026-01-26 | 2027-01-05 | 否 |
| 淄博众生医药有限公司 | 10,000,000.00 | 2026-02-12 | 2026-11-01 | 否 |
| 淄博众生医药有限公司 | 5,000,000.00 | 2026-02-11 | 2026-12-30 | 否 |
| 淄博众生医药有限公司 | 5,000,000.00 | 2026-02-10 | 2026-12-22 | 否 |
| 淄博众生医药有限公司 | 10,000,000.00 | 2026-02-09 | 2026-12-01 | 否 |
| 淄博众生医药有限公司 | 10,000,000.00 | 2026-03-30 | 2027-03-30 | 否 |
| 淄博众生医药有限公司 | 4,200,000.00 | 2026-03-24 | 2026-07-18 | 否 |
| 淄博众生医药有限公司 | 10,000,000.00 | 2026-03-18 | 2027-02-01 | 否 |
| 淄博众生医药有限公司 | 10,000,000.00 | 2026-03-11 | 2027-02-01 | 否 |
| 淄博众生医药有限公司 | 15,000,000.00 | 2026-04-17 | 2027-04-01 | 否 |
| 淄博众生医药有限公司 | 10,000,000.00 | 2026-05-22 | 2027-05-06 | 否 |
| 淄博众生医药有限公司 | 5,000,000.00 | 2026-06-17 | 2027-06-15 | 否 |
| 淄博众生医药有限公司 | 5,000,000.00 | 2026-06-17 | 2027-06-15 | 否 |
| 淄博众生医药有限公司 | 5,000,000.00 | 2026-06-18 | 2027-06-01 | 否 |
| 淄博众生医药有限公司 | 4,972,000.00 | 2026-01-13 | 2026-07-13 | 否 |
| 淄博众生医药有限公司 | 6,480,000.00 | 2026-02-04 | 2026-08-04 | 否 |
| 淄博众生医药有限公司 | 6,860,800.00 | 2026-03-25 | 2026-09-25 | 否 |
| 淄博众生医药有限公司 | 4,128,000.00 | 2026-03-25 | 2026-09-25 | 否 |
| 淄博众生医药有限公司 | 3,200,000.00 | 2026-05-12 | 2026-11-12 | 否 |
| 淄博众生医药有限公司 | 8,428,700.00 | 2026-02-12 | 2026-05-12 | 是 |
| 淄博众生医药有限公司 | 2,800,000.00 | 2026-03-06 | 2026-06-20 | 是 |
| 淄博众生医药有限公司 | 3,000,000.00 | 2026-03-04 | 2026-06-04 | 是 |
| 淄博众生医药有限公司 | 5,963,000.00 | 2026-03-12 | 2026-06-12 | 是 |
| 淄博众生医药有限公司 | 3,500,000.00 | 2026-01-14 | 2026-04-14 | 是 |
| 山东新华医学检验技术有限公司 | 5,000,000.00 | 2025-11-07 | 2026-09-19 | 否 |
| 山东新华医学检验技术有限公司 | 4,000,000.00 | 2026-03-02 | 2026-09-19 | 否 |

---
## 关联担保情况

单位：元币种：人民币

| 被担保方 | 担保金额 | 担保起始日 | 担保到期日 | 担保是否已经履行完毕 |
| :--: | :--: | :-- | :--: | :--: |
| 北京威泰科生物技术有限公司 | 9,000,000.00 | 2025-09-29 | 2026-09-28 | 否 |
| 北京威泰科生物技术有限公司 | 10,000,000.00 | 2025-08-27 | 2026-08-26 | 否 |
| 北京威泰科生物技术有限公司 | 10,000,000.00 | 2026-04-16 | 2027-04-15 | 否 |
| 成都英德生物医药设备有限公司 | 10,000,000.00 | 2025-12-10 | 2026-12-09 | 否 |
| 成都英德生物医药设备有限公司 | 17,500,000.00 | 2025-12-10 | 2026-12-09 | 否 |
| 合肥东南骨科医院 | 7,000,000.00 | 2025-08-14 | 2026-08-14 | 否 |
| 合肥东南骨科医院 | 7,000,000.00 | 2026-04-28 | 2027-04-28 | 否 |
| 合肥东南骨科医院 | 6,000,000.00 | 2026-05-12 | 2027-04-01 | 否 |
| 山东新华医用环保设备有限公司 | 10,000,000.00 | 2026-03-11 | 2027-03-10 | 否 |
| 上海秉程医疗器械有限公司 | 5,000,000.00 | 2025-12-29 | 2026-12-28 | 否 |
| 上海秉程医疗器械有限公司 | 5,000,000.00 | 2026-03-23 | 2026-12-28 | 否 |
| 上海秉程医疗器械有限公司 | 3,800,000.00 | 2026-04-21 | 2026-11-12 | 否 |
| 上海秉程医疗器械有限公司 | 6,980,000.00 | 2026-04-17 | 2026-10-16 | 否 |
| 上海秉程医疗器械有限公司 | 3,000,000.00 | 2026-04-16 | 2026-10-15 | 否 |
| 上海秉程医疗器械有限公司 | 6,000,000.00 | 2026-06-23 | 2027-06-22 | 否 |
| 上海秉程医疗器械有限公司 | 10,000,000.00 | 2026-06-17 | 2027-06-16 | 否 |
| 上海泰美医疗器械有限公司 | 40,000,000.00 | 2025-10-17 | 2026-10-17 | 否 |
| 上海泰美医疗器械有限公司 | 40,000,000.00 | 2025-08-21 | 2026-08-21 | 否 |
| 上海泰美医疗器械有限公司 | 70,000,000.00 | 2025-07-04 | 2026-07-04 | 否 |
| 上海泰美医疗器械有限公司 | 40,000,000.00 | 2025-11-17 | 2026-11-17 | 否 |
| 上海泰美医疗器械有限公司 | 20,000,000.00 | 2025-12-16 | 2026-12-16 | 否 |
| 上海泰美医疗器械有限公司 | 20,000,000.00 | 2025-12-17 | 2026-12-17 | 否 |
| 上海泰美医疗器械有限公司 | 10,000,000.00 | 2025-12-17 | 2026-12-17 | 否 |
| 上海泰美医疗器械有限公司 | 20,000,000.00 | 2026-01-16 | 2027-01-15 | 否 |
| 上海泰美医疗器械有限公司 | 42,000,000.00 | 2026-03-23 | 2027-03-22 | 否 |
| 上海泰美医疗器械有限公司 | 20,000,000.00 | 2026-03-20 | 2027-03-19 | 否 |
| 上海泰美医疗器械有限公司 | 32,000,000.00 | 2026-03-27 | 2027-03-26 | 否 |
| 苏州浙远自动化工程技术有限公司 | 6,000,000.00 | 2025-07-25 | 2026-07-21 | 否 |
| 苏州浙远自动化工程技术有限公司 | 2,990,240.30 | 2026-06-26 | 2027-06-24 | 否 |
| 淄博众生医药有限公司 | 9,900,000.00 | 2025-09-22 | 2026-09-01 | 否 |
| 淄博众生医药有限公司 | 15,100,000.00 | 2025-07-22 | 2026-07-02 | 否 |
| 淄博众生医药有限公司 | 10,000,000.00 | 2025-08-20 | 2026-08-03 | 否 |
| 淄博众生医药有限公司 | 10,000,000.00 | 2025-11-19 | 2026-10-09 | 否 |
| 淄博众生医药有限公司 | 10,000,000.00 | 2026-01-26 | 2027-01-05 | 否 |
| 淄博众生医药有限公司 | 10,000,000.00 | 2026-01-26 | 2027-01-05 | 否 |
| 淄博众生医药有限公司 | 10,000,000.00 | 2026-02-12 | 2026-11-01 | 否 |
| 淄博众生医药有限公司 | 5,000,000.00 | 2026-02-11 | 2026-12-30 | 否 |
| 淄博众生医药有限公司 | 5,000,000.00 | 2026-02-10 | 2026-12-22 | 否 |
| 淄博众生医药有限公司 | 10,000,000.00 | 2026-02-09 | 2026-12-01 | 否 |
| 淄博众生医药有限公司 | 10,000,000.00 | 2026-03-30 | 2027-03-30 | 否 |
| 淄博众生医药有限公司 | 4,200,000.00 | 2026-03-24 | 2026-07-18 | 否 |
| 淄博众生医药有限公司 | 10,000,000.00 | 2026-03-18 | 2027-02-01 | 否 |
| 淄博众生医药有限公司 | 10,000,000.00 | 2026-03-11 | 2027-02-01 | 否 |
| 淄博众生医药有限公司 | 15,000,000.00 | 2026-04-17 | 2027-04-01 | 否 |
| 淄博众生医药有限公司 | 10,000,000.00 | 2026-05-22 | 2027-05-06 | 否 |
| 淄博众生医药有限公司 | 5,000,000.00 | 2026-06-17 | 2027-06-15 | 否 |
| 淄博众生医药有限公司 | 5,000,000.00 | 2026-06-17 | 2027-06-15 | 否 |
| 淄博众生医药有限公司 | 5,000,000.00 | 2026-06-18 | 2027-06-01 | 否 |
| 淄博众生医药有限公司 | 4,972,000.00 | 2026-01-13 | 2026-07-13 | 否 |
| 淄博众生医药有限公司 | 6,480,000.00 | 2026-02-04 | 2026-08-04 | 否 |
| 淄博众生医药有限公司 | 6,860,800.00 | 2026-03-25 | 2026-09-25 | 否 |
| 淄博众生医药有限公司 | 4,128,000.00 | 2026-03-25 | 2026-09-25 | 否 |
| 淄博众生医药有限公司 | 3,200,000.00 | 2026-05-12 | 2026-11-12 | 否 |
| 淄博众生医药有限公司 | 8,428,700.00 | 2026-02-12 | 2026-05-12 | 是 |
| 淄博众生医药有限公司 | 2,800,000.00 | 2026-03-06 | 2026-06-20 | 是 |
| 淄博众生医药有限公司 | 3,000,000.00 | 2026-03-04 | 2026-06-04 | 是 |
| 淄博众生医药有限公司 | 5,963,000.00 | 2026-03-12 | 2026-06-12 | 是 |
| 淄博众生医药有限公司 | 3,500,000.00 | 2026-01-14 | 2026-04-14 | 是 |
| 山东新华医学检验技术有限公司 | 5,000,000.00 | 2025-11-07 | 2026-09-19 | 否 |
| 山东新华医学检验技术有限公司 | 4,000,000.00 | 2026-03-02 | 2026-09-19 | 否 |

---
## 关联担保情况

单位：元币种：人民币

| 被担保方 | 担保金额 | 担保起始日 | 担保到期日 | 担保是否已经履行完毕 |
| :--: | :--: | :-- | :--: | :--: |
| 北京威泰科生物技术有限公司 | 9,000,000.00 | 2025-09-29 | 2026-09-28 | 否 |
| 北京威泰科生物技术有限公司 | 10,000,000.00 | 2025-08-27 | 2026-08-26 | 否 |
| 北京威泰科生物技术有限公司 | 10,000,000.00 | 2026-04-16 | 2027-04-15 | 否 |
| 成都英德生物医药设备有限公司 | 10,000,000.00 | 2025-12-10 | 2026-12-09 | 否 |
| 成都英德生物医药设备有限公司 | 17,500,000.00 | 2025-12-10 | 2026-12-09 | 否 |
| 合肥东南骨科医院 | 7,000,000.00 | 2025-08-14 | 2026-08-14 | 否 |
| 合肥东南骨科医院 | 7,000,000.00 | 2026-04-28 | 2027-04-28 | 否 |
| 合肥东南骨科医院 | 6,000,000.00 | 2026-05-12 | 2027-04-01 | 否 |
| 山东新华医用环保设备有限公司 | 10,000,000.00 | 2026-03-11 | 2027-03-10 | 否 |
| 上海秉程医疗器械有限公司 | 5,000,000.00 | 2025-12-29 | 2026-12-28 | 否 |
| 上海秉程医疗器械有限公司 | 5,000,000.00 | 2026-03-23 | 2026-12-28 | 否 |
| 上海秉程医疗器械有限公司 | 3,800,000.00 | 2026-04-21 | 2026-11-12 | 否 |
| 上海秉程医疗器械有限公司 | 6,980,000.00 | 2026-04-17 | 2026-10-16 | 否 |
| 上海秉程医疗器械有限公司 | 3,000,000.00 | 2026-04-16 | 2026-10-15 | 否 |
| 上海秉程医疗器械有限公司 | 6,000,000.00 | 2026-06-23 | 2027-06-22 | 否 |
| 上海秉程医疗器械有限公司 | 10,000,000.00 | 2026-06-17 | 2027-06-16 | 否 |
| 上海泰美医疗器械有限公司 | 40,000,000.00 | 2025-10-17 | 2026-10-17 | 否 |
| 上海泰美医疗器械有限公司 | 40,000,000.00 | 2025-08-21 | 2026-08-21 | 否 |
| 上海泰美医疗器械有限公司 | 70,000,000.00 | 2025-07-04 | 2026-07-04 | 否 |
| 上海泰美医疗器械有限公司 | 40,000,000.00 | 2025-11-17 | 2026-11-17 | 否 |
| 上海泰美医疗器械有限公司 | 20,000,000.00 | 2025-12-16 | 2026-12-16 | 否 |
| 上海泰美医疗器械有限公司 | 20,000,000.00 | 2025-12-17 | 2026-12-17 | 否 |
| 上海泰美医疗器械有限公司 | 10,000,000.00 | 2025-12-17 | 2026-12-17 | 否 |
| 上海泰美医疗器械有限公司 | 20,000,000.00 | 2026-01-16 | 2027-01-15 | 否 |
| 上海泰美医疗器械有限公司 | 42,000,000.00 | 2026-03-23 | 2027-03-22 | 否 |
| 上海泰美医疗器械有限公司 | 20,000,000.00 | 2026-03-20 | 2027-03-19 | 否 |
| 上海泰美医疗器械有限公司 | 32,000,000.00 | 2026-03-27 | 2027-03-26 | 否 |
| 苏州浙远自动化工程技术有限公司 | 6,000,000.00 | 2025-07-25 | 2026-07-21 | 否 |
| 苏州浙远自动化工程技术有限公司 | 2,990,240.30 | 2026-06-26 | 2027-06-24 | 否 |
| 淄博众生医药有限公司 | 9,900,000.00 | 2025-09-22 | 2026-09-01 | 否 |
| 淄博众生医药有限公司 | 15,100,000.00 | 2025-07-22 | 2026-07-02 | 否 |
| 淄博众生医药有限公司 | 10,000,000.00 | 2025-08-20 | 2026-08-03 | 否 |
| 淄博众生医药有限公司 | 10,000,000.00 | 2025-11-19 | 2026-10-09 | 否 |
| 淄博众生医药有限公司 | 10,000,000.00 | 2026-01-26 | 2027-01-05 | 否 |
| 淄博众生医药有限公司 | 10,000,000.00 | 2026-01-26 | 2027-01-05 | 否 |
| 淄博众生医药有限公司 | 10,000,000.00 | 2026-02-12 | 2026-11-01 | 否 |
| 淄博众生医药有限公司 | 5,000,000.00 | 2026-02-11 | 2026-12-30 | 否 |
| 淄博众生医药有限公司 | 5,000,000.00 | 2026-02-10 | 2026-12-22 | 否 |
| 淄博众生医药有限公司 | 10,000,000.00 | 2026-02-09 | 2026-12-01 | 否 |
| 淄博众生医药有限公司 | 10,000,000.00 | 2026-03-30 | 2027-03-30 | 否 |
| 淄博众生医药有限公司 | 4,200,000.00 | 2026-03-24 | 2026-07-18 | 否 |
| 淄博众生医药有限公司 | 10,000,000.00 | 2026-03-18 | 2027-02-01 | 否 |
| 淄博众生医药有限公司 | 10,000,000.00 | 2026-03-11 | 2027-02-01 | 否 |
| 淄博众生医药有限公司 | 15,000,000.00 | 2026-04-17 | 2027-04-01 | 否 |
| 淄博众生医药有限公司 | 10,000,000.00 | 2026-05-22 | 2027-05-06 | 否 |
| 淄博众生医药有限公司 | 5,000,000.00 | 2026-06-17 | 2027-06-15 | 否 |
| 淄博众生医药有限公司 | 5,000,000.00 | 2026-06-17 | 2027-06-15 | 否 |
| 淄博众生医药有限公司 | 5,000,000.00 | 2026-06-18 | 2027-06-01 | 否 |
| 淄博众生医药有限公司 | 4,972,000.00 | 2026-01-13 | 2026-07-13 | 否 |
| 淄博众生医药有限公司 | 6,480,000.00 | 2026-02-04 | 2026-08-04 | 否 |
| 淄博众生医药有限公司 | 6,860,800.00 | 2026-03-25 | 2026-09-25 | 否 |
| 淄博众生医药有限公司 | 4,128,000.00 | 2026-03-25 | 2026-09-25 | 否 |
| 淄博众生医药有限公司 | 3,200,000.00 | 2026-05-12 | 2026-11-12 | 否 |
| 淄博众生医药有限公司 | 8,428,700.00 | 2026-02-12 | 2026-05-12 | 是 |
| 淄博众生医药有限公司 | 2,800,000.00 | 2026-03-06 | 2026-06-20 | 是 |
| 淄博众生医药有限公司 | 3,000,000.00 | 2026-03-04 | 2026-06-04 | 是 |
| 淄博众生医药有限公司 | 5,963,000.00 | 2026-03-12 | 2026-06-12 | 是 |
| 淄博众生医药有限公司 | 3,500,000.00 | 2026-01-14 | 2026-04-14 | 是 |
| 山东新华医学检验技术有限公司 | 5,000,000.00 | 2025-11-07 | 2026-09-19 | 否 |
| 山东新华医学检验技术有限公司 | 4,000,000.00 | 2026-03-02 | 2026-09-19 | 否 |

---
## 关联担保情况

单位：元币种：人民币

| 被担保方 | 担保金额 | 担保起始日 | 担保到期日 | 担保是否已经履行完毕 |
| :--: | :--: | :-- | :--: | :--: |
| 北京威泰科生物技术有限公司 | 9,000,000.00 | 2025-09-29 | 2026-09-28 | 否 |
| 北京威泰科生物技术有限公司 | 10,000,000.00 | 2025-08-27 | 2026-08-26 | 否 |
| 北京威泰科生物技术有限公司 | 10,000,000.00 | 2026-04-16 | 2027-04-15 | 否 |
| 成都英德生物医药设备有限公司 | 10,000,000.00 | 2025-12-10 | 2026-12-09 | 否 |
| 成都英德生物医药设备有限公司 | 17,500,000.00 | 2025-12-10 | 2026-12-09 | 否 |
| 合肥东南骨科医院 | 7,000,000.00 | 2025-08-14 | 2026-08-14 | 否 |
| 合肥东南骨科医院 | 7,000,000.00 | 2026-04-28 | 2027-04-28 | 否 |
| 合肥东南骨科医院 | 6,000,000.00 | 2026-05-12 | 2027-04-01 | 否 |
| 山东新华医用环保设备有限公司 | 10,000,000.00 | 2026-03-11 | 2027-03-10 | 否 |
| 上海秉程医疗器械有限公司 | 5,000,000.00 | 2025-12-29 | 2026-12-28 | 否 |
| 上海秉程医疗器械有限公司 | 5,000,000.00 | 2026-03-23 | 2026-12-28 | 否 |
| 上海秉程医疗器械有限公司 | 3,800,000.00 | 2026-04-21 | 2026-11-12 | 否 |
| 上海秉程医疗器械有限公司 | 6,980,000.00 | 2026-04-17 | 2026-10-16 | 否 |
| 上海秉程医疗器械有限公司 | 3,000,000.00 | 2026-04-16 | 2026-10-15 | 否 |
| 上海秉程医疗器械有限公司 | 6,000,000.00 | 2026-06-23 | 2027-06-22 | 否 |
| 上海秉程医疗器械有限公司 | 10,000,000.00 | 2026-06-17 | 2027-06-16 | 否 |
| 上海泰美医疗器械有限公司 | 40,000,000.00 | 2025-10-17 | 2026-10-17 | 否 |
| 上海泰美医疗器械有限公司 | 40,000,000.00 | 2025-08-21 | 2026-08-21 | 否 |
| 上海泰美医疗器械有限公司 | 70,000,000.00 | 2025-07-04 | 2026-07-04 | 否 |
| 上海泰美医疗器械有限公司 | 40,000,000.00 | 2025-11-17 | 2026-11-17 | 否 |
| 上海泰美医疗器械有限公司 | 20,000,000.00 | 2025-12-16 | 2026-12-16 | 否 |
| 上海泰美医疗器械有限公司 | 20,000,000.00 | 2025-12-17 | 2026-12-17 | 否 |
| 上海泰美医疗器械有限公司 | 10,000,000.00 | 2025-12-17 | 2026-12-17 | 否 |
| 上海泰美医疗器械有限公司 | 20,000,000.00 | 2026-01-16 | 2027-01-15 | 否 |
| 上海泰美医疗器械有限公司 | 42,000,000.00 | 2026-03-23 | 2027-03-22 | 否 |
| 上海泰美医疗器械有限公司 | 20,000,000.00 | 2026-03-20 | 2027-03-19 | 否 |
| 上海泰美医疗器械有限公司 | 32,000,000.00 | 2026-03-27 | 2027-03-26 | 否 |
| 苏州浙远自动化工程技术有限公司 | 6,000,000.00 | 2025-07-25 | 2026-07-21 | 否 |
| 苏州浙远自动化工程技术有限公司 | 2,990,240.30 | 2026-06-26 | 2027-06-24 | 否 |
| 淄博众生医药有限公司 | 9,900,000.00 | 2025-09-22 | 2026-09-01 | 否 |
| 淄博众生医药有限公司 | 15,100,000.00 | 2025-07-22 | 2026-07-02 | 否 |
| 淄博众生医药有限公司 | 10,000,000.00 | 2025-08-20 | 2026-08-03 | 否 |
| 淄博众生医药有限公司 | 10,000,000.00 | 2025-11-19 | 2026-10-09 | 否 |
| 淄博众生医药有限公司 | 10,000,000.00 | 2026-01-26 | 2027-01-05 | 否 |
| 淄博众生医药有限公司 | 10,000,000.00 | 2026-01-26 | 2027-01-05 | 否 |
| 淄博众生医药有限公司 | 10,000,000.00 | 2026-02-12 | 2026-11-01 | 否 |
| 淄博众生医药有限公司 | 5,000,000.00 | 2026-02-11 | 2026-12-30 | 否 |
| 淄博众生医药有限公司 | 5,000,000.00 | 2026-02-10 | 2026-12-22 | 否 |
| 淄博众生医药有限公司 | 10,000,000.00 | 2026-02-09 | 2026-12-01 | 否 |
| 淄博众生医药有限公司 | 10,000,000.00 | 2026-03-30 | 2027-03-30 | 否 |
| 淄博众生医药有限公司 | 4,200,000.00 | 2026-03-24 | 2026-07-18 | 否 |
| 淄博众生医药有限公司 | 10,000,000.00 | 2026-03-18 | 2027-02-01 | 否 |
| 淄博众生医药有限公司 | 10,000,000.00 | 2026-03-11 | 2027-02-01 | 否 |
| 淄博众生医药有限公司 | 15,000,000.00 | 2026-04-17 | 2027-04-01 | 否 |
| 淄博众生医药有限公司 | 10,000,000.00 | 2026-05-22 | 2027-05-06 | 否 |
| 淄博众生医药有限公司 | 5,000,000.00 | 2026-06-17 | 2027-06-15 | 否 |
| 淄博众生医药有限公司 | 5,000,000.00 | 2026-06-17 | 2027-06-15 | 否 |
| 淄博众生医药有限公司 | 5,000,000.00 | 2026-06-18 | 2027-06-01 | 否 |
| 淄博众生医药有限公司 | 4,972,000.00 | 2026-01-13 | 2026-07-13 | 否 |
| 淄博众生医药有限公司 | 6,480,000.00 | 2026-02-04 | 2026-08-04 | 否 |
| 淄博众生医药有限公司 | 6,860,800.00 | 2026-03-25 | 2026-09-25 | 否 |
| 淄博众生医药有限公司 | 4,128,000.00 | 2026-03-25 | 2026-09-25 | 否 |
| 淄博众生医药有限公司 | 3,200,000.00 | 2026-05-12 | 2026-11-12 | 否 |
| 淄博众生医药有限公司 | 8,428,700.00 | 2026-02-12 | 2026-05-12 | 是 |
| 淄博众生医药有限公司 | 2,800,000.00 | 2026-03-06 | 2026-06-20 | 是 |
| 淄博众生医药有限公司 | 3,000,000.00 | 2026-03-04 | 2026-06-04 | 是 |
| 淄博众生医药有限公司 | 5,963,000.00 | 2026-03-12 | 2026-06-12 | 是 |
| 淄博众生医药有限公司 | 3,500,000.00 | 2026-01-14 | 2026-04-14 | 是 |
| 山东新华医学检验技术有限公司 | 5,000,000.00 | 2025-11-07 | 2026-09-19 | 否 |
| 山东新华医学检验技术有限公司 | 4,000,000.00 | 2026-03-02 | 2026-09-19 | 否 |

---
## 关联方资金拆借

单位：元币种：人民币

<table id='04089ce9471d179734663d53667ba0e2' titleId='81281f61-2b03-4b08-a427-c4b7b565bb23' headId='04089ce9471d179734663d53667ba0e2'>
  <tr>
    <td>关联方</td>
    <td>拆借金额</td>
    <td>起始日</td>
    <td>到期日</td>
    <td>说明</td>
  </tr>
  <tr>
    <td colspan=""5"">拆出</td>
  </tr>
  <tr>
    <td>湘阴县华雅医院有限公司</td>
    <td>3,487,000.00</td>
    <td>2021年3 月31日</td>
    <td>2022年12 月31日</td>
    <td>公司向湘阴县华雅医院有限公司拆出资金的利息收入为53,604.25元</td>
  </tr>
  <tr>
    <td>湘阴县华雅医院有限公司</td>
    <td>4,881,800.00</td>
    <td>2019年6 月12日</td>
    <td>2022年12 月31日</td>
    <td>子公司济南新华医院投资管理有限公司向湘阴县华雅医院有限公司拆出资金的利息收入为115,720.60元</td>
  </tr>
</table>

> Note: merged cells detected, rendered as HTML table.

---
## 应收项目

单位：元币种：人民币

<table id='bdaa5bfbb728a46beb011d7037d51d6e' titleId='f3fcee18-92c6-4c76-bd36-c781ab5d3f47' headId='bdaa5bfbb728a46beb011d7037d51d6e'>
  <tr>
    <td rowspan=""2"">项目名称</td>
    <td rowspan=""2"">关联方</td>
    <td colspan=""2"">期末余额</td>
    <td colspan=""2"">期初余额</td>
  </tr>
  <tr>
    <td>账面余额</td>
    <td>坏账准备</td>
    <td>账面余额</td>
    <td>坏账准备</td>
  </tr>
  <tr>
    <td>应收账款</td>
    <td>山东颐养健康集团淄博医院</td>
    <td>35,856,253.41</td>
    <td>2,077,812.67</td>
    <td>31,218,658.20</td>
    <td>1,566,824.60</td>
  </tr>
  <tr>
    <td>应收账款</td>
    <td>山东省文登整骨烟台医院有限公司</td>
    <td>22,689,224.20</td>
    <td>22,689,224.20</td>
    <td>31,676,061.53</td>
    <td>31,676,061.53</td>
  </tr>
  <tr>
    <td>应收账款</td>
    <td>上海聚力康灭菌技术有限公司</td>
    <td>9,475,037.37</td>
    <td>784,625.75</td>
    <td></td>
    <td></td>
  </tr>
  <tr>
    <td>应收账款</td>
    <td>山东康源堂药业股份有限公司</td>
    <td>7,505,101.75</td>
    <td>391,343.12</td>
    <td>321,760.65</td>
    <td>16,088.03</td>
  </tr>
  <tr>
    <td>应收账款</td>
    <td>湘阴县华雅医院有限公司</td>
    <td>3,760,231.60</td>
    <td>3,760,231.60</td>
    <td>3,768,304.00</td>
    <td>3,768,304.00</td>
  </tr>
  <tr>
    <td>应收账款</td>
    <td>淄博新华中医医院管理有限公司</td>
    <td>1,550,631.90</td>
    <td>227,903.72</td>
    <td>1,550,631.90</td>
    <td>224,678.73</td>
  </tr>
  <tr>
    <td>应收账款</td>
    <td>山东颐养健康集团药业有限公司</td>
    <td>1,396,771.56</td>
    <td>71,116.08</td>
    <td>280,769.09</td>
    <td>14,199.25</td>
  </tr>
  <tr>
    <td>应收账款</td>
    <td>合肥市聚力康灭菌技术有限公司</td>
    <td>745,057.50</td>
    <td>85,259.85</td>
    <td></td>
    <td></td>
  </tr>
  <tr>
    <td>应收账款</td>
    <td>山东康之源医疗器械有限公司</td>
    <td>648,879.89</td>
    <td>108,543.30</td>
    <td>734,514.91</td>
    <td>52,442.23</td>
  </tr>
  <tr>
    <td>应收账款</td>
    <td>佛山禅成聚力康医疗消毒供应有限公司</td>
    <td>415,976.00</td>
    <td>20,798.80</td>
    <td></td>
    <td></td>
  </tr>
  <tr>
    <td>应收账款</td>
    <td>山东省装饰集团有限公司</td>
    <td>350,175.53</td>
    <td>31,199.24</td>
    <td>290,157.98</td>
    <td>29,015.80</td>
  </tr>
  <tr>
    <td>应收账款</td>
    <td>上海聚力康医疗科技集团股份有限公司</td>
    <td>315,228.00</td>
    <td>31,522.80</td>
    <td>315,228.00</td>
    <td>17,720.10</td>
  </tr>
  <tr>
    <td>应收账款</td>
    <td>上海泽远医药科技有限公司</td>
    <td>265,200.00</td>
    <td>26,520.00</td>
    <td></td>
    <td></td>
  </tr>
  <tr>
    <td>应收账款</td>
    <td>长沙聚力康灭菌技术有限公司</td>
    <td>248,852.00</td>
    <td>49,770.40</td>
    <td></td>
    <td></td>
  </tr>
  <tr>
    <td>应收账款</td>
    <td>山东国欣颐养集团药业有限公司</td>
    <td>172,913.72</td>
    <td>34,582.74</td>
    <td></td>
    <td></td>
  </tr>
  <tr>
    <td>应收账款</td>
    <td>佛山聚力康灭菌技术有限公司</td>
    <td>164,083.00</td>
    <td>32,816.60</td>
    <td></td>
    <td></td>
  </tr>
  <tr>
    <td>应收账款</td>
    <td>济南高新东区医院（山东健康集团济南医院）</td>
    <td>134,000.00</td>
    <td>9,200.00</td>
    <td>100,000.00</td>
    <td>10,000.00</td>
  </tr>
  <tr>
    <td>应收账款</td>
    <td>山东健宝医疗服务有限公司</td>
    <td>94,562.00</td>
    <td>4,728.10</td>
    <td></td>
    <td></td>
  </tr>
  <tr>
    <td>应收账款</td>
    <td>山东颐养健康集团逸乐医院管理有限公司</td>
    <td>77,000.00</td>
    <td>3,850.00</td>
    <td>77,000.00</td>
    <td>7,875.00</td>
  </tr>
  <tr>
    <td>应收账款</td>
    <td>山东新华健康产业有限公司</td>
    <td>67,028.65</td>
    <td>3,351.43</td>
    <td>2,843.00</td>
    <td>142.15</td>
  </tr>
  <tr>
    <td>应收账款</td>
    <td>济宁华能制药厂有限公司</td>
    <td>60,000.00</td>
    <td>12,000.00</td>
    <td>60,000.00</td>
    <td>9,000.00</td>
  </tr>
  <tr>
    <td>应收账款</td>
    <td>北京同仁堂淄博药店连锁有限责任公司</td>
    <td>57,701.85</td>
    <td>2,885.09</td>
    <td>156,478.45</td>
    <td>7,823.92</td>
  </tr>
  <tr>
    <td>应收账款</td>
    <td>山东颐养健康集团东岳医院有限公司</td>
    <td>44,623.09</td>
    <td>44,623.09</td>
    <td>44,623.09</td>
    <td>44,623.09</td>
  </tr>
  <tr>
    <td>应收账款</td>
    <td>南阳聚力康灭菌技术有限公司</td>
    <td>41,270.00</td>
    <td>8,254.00</td>
    <td></td>
    <td></td>
  </tr>
  <tr>
    <td>应收账款</td>
    <td>深圳高创新润医疗科技有限公司</td>
    <td>27,000.00</td>
    <td>1,350.00</td>
    <td></td>
    <td></td>
  </tr>
  <tr>
    <td>应收账款</td>
    <td>山东颐养健康集团华丰医院</td>
    <td>20,400.00</td>
    <td>1,920.00</td>
    <td>58,500.00</td>
    <td>5,825.00</td>
  </tr>
  <tr>
    <td>应收账款</td>
    <td>山东新马制药装备有限公司</td>
    <td>15,056.00</td>
    <td>752.80</td>
    <td>69,000.00</td>
    <td>3,450.00</td>
  </tr>
  <tr>
    <td>应收账款</td>
    <td>上海一康康复医院股份有限公司</td>
    <td>10,336.58</td>
    <td>10,336.58</td>
    <td>10,336.58</td>
    <td>10,336.58</td>
  </tr>
  <tr>
    <td>应收账款</td>
    <td>山东颐养健康集团双山医院</td>
    <td>3,850.44</td>
    <td>192.52</td>
    <td>635.20</td>
    <td>31.76</td>
  </tr>
  <tr>
    <td>应收账款</td>
    <td>山东颐养健康集团融资租赁有限公司</td>
    <td>1,932.74</td>
    <td>193.27</td>
    <td>1,932.74</td>
    <td>96.64</td>
  </tr>
  <tr>
    <td>应收账款</td>
    <td>山东高新医疗器械创新中心有限公司</td>
    <td>1,092.00</td>
    <td>54.60</td>
    <td></td>
    <td></td>
  </tr>
  <tr>
    <td>应收账款</td>
    <td>威海新华医疗器械有限公司</td>
    <td>684.00</td>
    <td>684.00</td>
    <td>684.00</td>
    <td>684.00</td>
  </tr>
  <tr>
    <td>应收账款</td>
    <td>山东颐养健康集团肥城医院</td>
    <td>40.00</td>
    <td>4.00</td>
    <td>40.00</td>
    <td>4.00</td>
  </tr>
  <tr>
    <td>合同资产</td>
    <td>山东新马制药装备有限公司</td>
    <td>258,000.00</td>
    <td>25,800.00</td>
    <td>258,000.00</td>
    <td>12,900.00</td>
  </tr>
  <tr>
    <td>预付账款</td>
    <td>山东新马制药装备有限公司</td>
    <td>12,041,409.77</td>
    <td></td>
    <td>2,276,491.00</td>
    <td></td>
  </tr>
  <tr>
    <td>预付账款</td>
    <td>山东新华联合骨科器材股份有限公司</td>
    <td>5,441,915.74</td>
    <td></td>
    <td></td>
    <td></td>
  </tr>
  <tr>
    <td>预付账款</td>
    <td>山东华卫健康产业研究院有限公司</td>
    <td>6,000.00</td>
    <td></td>
    <td></td>
    <td></td>
  </tr>
  <tr>
    <td>预付账款</td>
    <td>深圳高创新润医疗科技有限公司</td>
    <td>5,176.99</td>
    <td></td>
    <td></td>
    <td></td>
  </tr>
  <tr>
    <td>预付账款</td>
    <td>山东新华普阳生物技术有限公司</td>
    <td>4,892.00</td>
    <td></td>
    <td>1,442.00</td>
    <td></td>
  </tr>
  <tr>
    <td>预付账款</td>
    <td>山东新华健康产业有限公司</td>
    <td>3,300.00</td>
    <td></td>
    <td></td>
    <td></td>
  </tr>
  <tr>
    <td>应收利息</td>
    <td>湘阴县华雅医院有限公司</td>
    <td>1,073,616.75</td>
    <td>1,073,616.75</td>
    <td>1,073,616.75</td>
    <td>1,073,616.75</td>
  </tr>
  <tr>
    <td>其他应收款</td>
    <td>湘阴县华雅医院有限公司</td>
    <td>10,915,824.94</td>
    <td>10,915,824.94</td>
    <td>10,915,824.94</td>
    <td>10,915,824.94</td>
  </tr>
  <tr>
    <td>其他应收款</td>
    <td>上海脉全医疗器械有限公司</td>
    <td>3,408,031.20</td>
    <td>243,528.98</td>
    <td></td>
    <td></td>
  </tr>
  <tr>
    <td>其他应收款</td>
    <td>山东惠远华检医疗投资合伙企业（有限合伙）</td>
    <td>1,560,194.20</td>
    <td>312,038.84</td>
    <td>1,560,194.20</td>
    <td>312,038.84</td>
  </tr>
  <tr>
    <td>其他应收款</td>
    <td>山东颐养健康集团教育发展有限公司</td>
    <td>1,181,366.51</td>
    <td>141,432.12</td>
    <td>1,181,366.51</td>
    <td>141,432.12</td>
  </tr>
  <tr>
    <td>其他应收款</td>
    <td>山东万通药业有限公司</td>
    <td>1,164,159.07</td>
    <td>208,630.01</td>
    <td>1,164,159.07</td>
    <td>208,630.01</td>
  </tr>
  <tr>
    <td>其他应收款</td>
    <td>山东新马制药装备有限公司</td>
    <td>606,500.00</td>
    <td>121,300.00</td>
    <td>606,500.00</td>
    <td>121,300.00</td>
  </tr>
  <tr>
    <td>其他应收款</td>
    <td>山东省颐康职业培训学校有限公司</td>
    <td>480,837.32</td>
    <td>39,224.57</td>
    <td>605,512.84</td>
    <td>57,925.90</td>
  </tr>
  <tr>
    <td>其他应收款</td>
    <td>山东新华健康产业有限公司</td>
    <td>247,808.21</td>
    <td>40,046.05</td>
    <td>247,808.21</td>
    <td>35,288.25</td>
  </tr>
  <tr>
    <td>其他应收款</td>
    <td>山东高新医疗器械创新中心有限公司</td>
    <td>230,663.91</td>
    <td>14,353.48</td>
    <td>171,054.51</td>
    <td>9,265.29</td>
  </tr>
  <tr>
    <td>其他应收款</td>
    <td>山东新华联合骨科器材股份有限公司</td>
    <td>191,921.02</td>
    <td>14,192.10</td>
    <td>158,521.02</td>
    <td>7,926.05</td>
  </tr>
  <tr>
    <td>其他应收款</td>
    <td>山东省文登整骨烟台医院有限公司</td>
    <td>177,019.07</td>
    <td>177,019.07</td>
    <td>452,849.87</td>
    <td>452,849.87</td>
  </tr>
  <tr>
    <td>其他应收款</td>
    <td>株洲新兴医院有限责任公司</td>
    <td>126,224.72</td>
    <td>14,234.31</td>
    <td></td>
    <td></td>
  </tr>
  <tr>
    <td>其他应收款</td>
    <td>上海泽远医药科技有限公司</td>
    <td>105,067.86</td>
    <td>7,032.77</td>
    <td></td>
    <td></td>
  </tr>
  <tr>
    <td>其他应收款</td>
    <td>淄博新华中医医院管理有限公司</td>
    <td>95,000.00</td>
    <td>19,000.00</td>
    <td>95,000.00</td>
    <td>19,000.00</td>
  </tr>
  <tr>
    <td>其他应收款</td>
    <td>山东颐养健康集团环境科技有限公司</td>
    <td>78,726.15</td>
    <td>78,726.15</td>
    <td>78,726.15</td>
    <td>78,726.15</td>
  </tr>
  <tr>
    <td>其他应收款</td>
    <td>山东颐养健康集团融资租赁有限公司</td>
    <td>54,438.42</td>
    <td>2,721.92</td>
    <td></td>
    <td></td>
  </tr>
  <tr>
    <td>其他应收款</td>
    <td>上海一康康复医院股份有限公司</td>
    <td>35,947.19</td>
    <td>4,894.12</td>
    <td>35,947.19</td>
    <td>3,746.47</td>
  </tr>
  <tr>
    <td>其他应收款</td>
    <td>山东华卫健康产业研究院有限公司</td>
    <td>30,000.00</td>
    <td>1,500.00</td>
    <td>20,000.00</td>
    <td>1,000.00</td>
  </tr>
  <tr>
    <td>其他应收款</td>
    <td>威海新华医疗器械有限公司</td>
    <td>22,772.30</td>
    <td>3,209.04</td>
    <td>22,772.30</td>
    <td>2,536.33</td>
  </tr>
  <tr>
    <td>其他应收款</td>
    <td>山东颐养健康集团淄博医院</td>
    <td>10,000.00</td>
    <td>2,000.00</td>
    <td>10,000.00</td>
    <td>2,000.00</td>
  </tr>
  <tr>
    <td>其他应收款</td>
    <td>深圳高创新润医疗科技有限公司</td>
    <td>9,100.00</td>
    <td>455.00</td>
    <td></td>
    <td></td>
  </tr>
</table>

> Note: merged cells detected, rendered as HTML table.

---
## 应收项目

单位：元币种：人民币

<table id='bdaa5bfbb728a46beb011d7037d51d6e' titleId='f3fcee18-92c6-4c76-bd36-c781ab5d3f47' headId='bdaa5bfbb728a46beb011d7037d51d6e'>
  <tr>
    <td rowspan=""2"">项目名称</td>
    <td rowspan=""2"">关联方</td>
    <td colspan=""2"">期末余额</td>
    <td colspan=""2"">期初余额</td>
  </tr>
  <tr>
    <td>账面余额</td>
    <td>坏账准备</td>
    <td>账面余额</td>
    <td>坏账准备</td>
  </tr>
  <tr>
    <td>应收账款</td>
    <td>山东颐养健康集团淄博医院</td>
    <td>35,856,253.41</td>
    <td>2,077,812.67</td>
    <td>31,218,658.20</td>
    <td>1,566,824.60</td>
  </tr>
  <tr>
    <td>应收账款</td>
    <td>山东省文登整骨烟台医院有限公司</td>
    <td>22,689,224.20</td>
    <td>22,689,224.20</td>
    <td>31,676,061.53</td>
    <td>31,676,061.53</td>
  </tr>
  <tr>
    <td>应收账款</td>
    <td>上海聚力康灭菌技术有限公司</td>
    <td>9,475,037.37</td>
    <td>784,625.75</td>
    <td></td>
    <td></td>
  </tr>
  <tr>
    <td>应收账款</td>
    <td>山东康源堂药业股份有限公司</td>
    <td>7,505,101.75</td>
    <td>391,343.12</td>
    <td>321,760.65</td>
    <td>16,088.03</td>
  </tr>
  <tr>
    <td>应收账款</td>
    <td>湘阴县华雅医院有限公司</td>
    <td>3,760,231.60</td>
    <td>3,760,231.60</td>
    <td>3,768,304.00</td>
    <td>3,768,304.00</td>
  </tr>
  <tr>
    <td>应收账款</td>
    <td>淄博新华中医医院管理有限公司</td>
    <td>1,550,631.90</td>
    <td>227,903.72</td>
    <td>1,550,631.90</td>
    <td>224,678.73</td>
  </tr>
  <tr>
    <td>应收账款</td>
    <td>山东颐养健康集团药业有限公司</td>
    <td>1,396,771.56</td>
    <td>71,116.08</td>
    <td>280,769.09</td>
    <td>14,199.25</td>
  </tr>
  <tr>
    <td>应收账款</td>
    <td>合肥市聚力康灭菌技术有限公司</td>
    <td>745,057.50</td>
    <td>85,259.85</td>
    <td></td>
    <td></td>
  </tr>
  <tr>
    <td>应收账款</td>
    <td>山东康之源医疗器械有限公司</td>
    <td>648,879.89</td>
    <td>108,543.30</td>
    <td>734,514.91</td>
    <td>52,442.23</td>
  </tr>
  <tr>
    <td>应收账款</td>
    <td>佛山禅成聚力康医疗消毒供应有限公司</td>
    <td>415,976.00</td>
    <td>20,798.80</td>
    <td></td>
    <td></td>
  </tr>
  <tr>
    <td>应收账款</td>
    <td>山东省装饰集团有限公司</td>
    <td>350,175.53</td>
    <td>31,199.24</td>
    <td>290,157.98</td>
    <td>29,015.80</td>
  </tr>
  <tr>
    <td>应收账款</td>
    <td>上海聚力康医疗科技集团股份有限公司</td>
    <td>315,228.00</td>
    <td>31,522.80</td>
    <td>315,228.00</td>
    <td>17,720.10</td>
  </tr>
  <tr>
    <td>应收账款</td>
    <td>上海泽远医药科技有限公司</td>
    <td>265,200.00</td>
    <td>26,520.00</td>
    <td></td>
    <td></td>
  </tr>
  <tr>
    <td>应收账款</td>
    <td>长沙聚力康灭菌技术有限公司</td>
    <td>248,852.00</td>
    <td>49,770.40</td>
    <td></td>
    <td></td>
  </tr>
  <tr>
    <td>应收账款</td>
    <td>山东国欣颐养集团药业有限公司</td>
    <td>172,913.72</td>
    <td>34,582.74</td>
    <td></td>
    <td></td>
  </tr>
  <tr>
    <td>应收账款</td>
    <td>佛山聚力康灭菌技术有限公司</td>
    <td>164,083.00</td>
    <td>32,816.60</td>
    <td></td>
    <td></td>
  </tr>
  <tr>
    <td>应收账款</td>
    <td>济南高新东区医院（山东健康集团济南医院）</td>
    <td>134,000.00</td>
    <td>9,200.00</td>
    <td>100,000.00</td>
    <td>10,000.00</td>
  </tr>
  <tr>
    <td>应收账款</td>
    <td>山东健宝医疗服务有限公司</td>
    <td>94,562.00</td>
    <td>4,728.10</td>
    <td></td>
    <td></td>
  </tr>
  <tr>
    <td>应收账款</td>
    <td>山东颐养健康集团逸乐医院管理有限公司</td>
    <td>77,000.00</td>
    <td>3,850.00</td>
    <td>77,000.00</td>
    <td>7,875.00</td>
  </tr>
  <tr>
    <td>应收账款</td>
    <td>山东新华健康产业有限公司</td>
    <td>67,028.65</td>
    <td>3,351.43</td>
    <td>2,843.00</td>
    <td>142.15</td>
  </tr>
  <tr>
    <td>应收账款</td>
    <td>济宁华能制药厂有限公司</td>
    <td>60,000.00</td>
    <td>12,000.00</td>
    <td>60,000.00</td>
    <td>9,000.00</td>
  </tr>
  <tr>
    <td>应收账款</td>
    <td>北京同仁堂淄博药店连锁有限责任公司</td>
    <td>57,701.85</td>
    <td>2,885.09</td>
    <td>156,478.45</td>
    <td>7,823.92</td>
  </tr>
  <tr>
    <td>应收账款</td>
    <td>山东颐养健康集团东岳医院有限公司</td>
    <td>44,623.09</td>
    <td>44,623.09</td>
    <td>44,623.09</td>
    <td>44,623.09</td>
  </tr>
  <tr>
    <td>应收账款</td>
    <td>南阳聚力康灭菌技术有限公司</td>
    <td>41,270.00</td>
    <td>8,254.00</td>
    <td></td>
    <td></td>
  </tr>
  <tr>
    <td>应收账款</td>
    <td>深圳高创新润医疗科技有限公司</td>
    <td>27,000.00</td>
    <td>1,350.00</td>
    <td></td>
    <td></td>
  </tr>
  <tr>
    <td>应收账款</td>
    <td>山东颐养健康集团华丰医院</td>
    <td>20,400.00</td>
    <td>1,920.00</td>
    <td>58,500.00</td>
    <td>5,825.00</td>
  </tr>
  <tr>
    <td>应收账款</td>
    <td>山东新马制药装备有限公司</td>
    <td>15,056.00</td>
    <td>752.80</td>
    <td>69,000.00</td>
    <td>3,450.00</td>
  </tr>
  <tr>
    <td>应收账款</td>
    <td>上海一康康复医院股份有限公司</td>
    <td>10,336.58</td>
    <td>10,336.58</td>
    <td>10,336.58</td>
    <td>10,336.58</td>
  </tr>
  <tr>
    <td>应收账款</td>
    <td>山东颐养健康集团双山医院</td>
    <td>3,850.44</td>
    <td>192.52</td>
    <td>635.20</td>
    <td>31.76</td>
  </tr>
  <tr>
    <td>应收账款</td>
    <td>山东颐养健康集团融资租赁有限公司</td>
    <td>1,932.74</td>
    <td>193.27</td>
    <td>1,932.74</td>
    <td>96.64</td>
  </tr>
  <tr>
    <td>应收账款</td>
    <td>山东高新医疗器械创新中心有限公司</td>
    <td>1,092.00</td>
    <td>54.60</td>
    <td></td>
    <td></td>
  </tr>
  <tr>
    <td>应收账款</td>
    <td>威海新华医疗器械有限公司</td>
    <td>684.00</td>
    <td>684.00</td>
    <td>684.00</td>
    <td>684.00</td>
  </tr>
  <tr>
    <td>应收账款</td>
    <td>山东颐养健康集团肥城医院</td>
    <td>40.00</td>
    <td>4.00</td>
    <td>40.00</td>
    <td>4.00</td>
  </tr>
  <tr>
    <td>合同资产</td>
    <td>山东新马制药装备有限公司</td>
    <td>258,000.00</td>
    <td>25,800.00</td>
    <td>258,000.00</td>
    <td>12,900.00</td>
  </tr>
  <tr>
    <td>预付账款</td>
    <td>山东新马制药装备有限公司</td>
    <td>12,041,409.77</td>
    <td></td>
    <td>2,276,491.00</td>
    <td></td>
  </tr>
  <tr>
    <td>预付账款</td>
    <td>山东新华联合骨科器材股份有限公司</td>
    <td>5,441,915.74</td>
    <td></td>
    <td></td>
    <td></td>
  </tr>
  <tr>
    <td>预付账款</td>
    <td>山东华卫健康产业研究院有限公司</td>
    <td>6,000.00</td>
    <td></td>
    <td></td>
    <td></td>
  </tr>
  <tr>
    <td>预付账款</td>
    <td>深圳高创新润医疗科技有限公司</td>
    <td>5,176.99</td>
    <td></td>
    <td></td>
    <td></td>
  </tr>
  <tr>
    <td>预付账款</td>
    <td>山东新华普阳生物技术有限公司</td>
    <td>4,892.00</td>
    <td></td>
    <td>1,442.00</td>
    <td></td>
  </tr>
  <tr>
    <td>预付账款</td>
    <td>山东新华健康产业有限公司</td>
    <td>3,300.00</td>
    <td></td>
    <td></td>
    <td></td>
  </tr>
  <tr>
    <td>应收利息</td>
    <td>湘阴县华雅医院有限公司</td>
    <td>1,073,616.75</td>
    <td>1,073,616.75</td>
    <td>1,073,616.75</td>
    <td>1,073,616.75</td>
  </tr>
  <tr>
    <td>其他应收款</td>
    <td>湘阴县华雅医院有限公司</td>
    <td>10,915,824.94</td>
    <td>10,915,824.94</td>
    <td>10,915,824.94</td>
    <td>10,915,824.94</td>
  </tr>
  <tr>
    <td>其他应收款</td>
    <td>上海脉全医疗器械有限公司</td>
    <td>3,408,031.20</td>
    <td>243,528.98</td>
    <td></td>
    <td></td>
  </tr>
  <tr>
    <td>其他应收款</td>
    <td>山东惠远华检医疗投资合伙企业（有限合伙）</td>
    <td>1,560,194.20</td>
    <td>312,038.84</td>
    <td>1,560,194.20</td>
    <td>312,038.84</td>
  </tr>
  <tr>
    <td>其他应收款</td>
    <td>山东颐养健康集团教育发展有限公司</td>
    <td>1,181,366.51</td>
    <td>141,432.12</td>
    <td>1,181,366.51</td>
    <td>141,432.12</td>
  </tr>
  <tr>
    <td>其他应收款</td>
    <td>山东万通药业有限公司</td>
    <td>1,164,159.07</td>
    <td>208,630.01</td>
    <td>1,164,159.07</td>
    <td>208,630.01</td>
  </tr>
  <tr>
    <td>其他应收款</td>
    <td>山东新马制药装备有限公司</td>
    <td>606,500.00</td>
    <td>121,300.00</td>
    <td>606,500.00</td>
    <td>121,300.00</td>
  </tr>
  <tr>
    <td>其他应收款</td>
    <td>山东省颐康职业培训学校有限公司</td>
    <td>480,837.32</td>
    <td>39,224.57</td>
    <td>605,512.84</td>
    <td>57,925.90</td>
  </tr>
  <tr>
    <td>其他应收款</td>
    <td>山东新华健康产业有限公司</td>
    <td>247,808.21</td>
    <td>40,046.05</td>
    <td>247,808.21</td>
    <td>35,288.25</td>
  </tr>
  <tr>
    <td>其他应收款</td>
    <td>山东高新医疗器械创新中心有限公司</td>
    <td>230,663.91</td>
    <td>14,353.48</td>
    <td>171,054.51</td>
    <td>9,265.29</td>
  </tr>
  <tr>
    <td>其他应收款</td>
    <td>山东新华联合骨科器材股份有限公司</td>
    <td>191,921.02</td>
    <td>14,192.10</td>
    <td>158,521.02</td>
    <td>7,926.05</td>
  </tr>
  <tr>
    <td>其他应收款</td>
    <td>山东省文登整骨烟台医院有限公司</td>
    <td>177,019.07</td>
    <td>177,019.07</td>
    <td>452,849.87</td>
    <td>452,849.87</td>
  </tr>
  <tr>
    <td>其他应收款</td>
    <td>株洲新兴医院有限责任公司</td>
    <td>126,224.72</td>
    <td>14,234.31</td>
    <td></td>
    <td></td>
  </tr>
  <tr>
    <td>其他应收款</td>
    <td>上海泽远医药科技有限公司</td>
    <td>105,067.86</td>
    <td>7,032.77</td>
    <td></td>
    <td></td>
  </tr>
  <tr>
    <td>其他应收款</td>
    <td>淄博新华中医医院管理有限公司</td>
    <td>95,000.00</td>
    <td>19,000.00</td>
    <td>95,000.00</td>
    <td>19,000.00</td>
  </tr>
  <tr>
    <td>其他应收款</td>
    <td>山东颐养健康集团环境科技有限公司</td>
    <td>78,726.15</td>
    <td>78,726.15</td>
    <td>78,726.15</td>
    <td>78,726.15</td>
  </tr>
  <tr>
    <td>其他应收款</td>
    <td>山东颐养健康集团融资租赁有限公司</td>
    <td>54,438.42</td>
    <td>2,721.92</td>
    <td></td>
    <td></td>
  </tr>
  <tr>
    <td>其他应收款</td>
    <td>上海一康康复医院股份有限公司</td>
    <td>35,947.19</td>
    <td>4,894.12</td>
    <td>35,947.19</td>
    <td>3,746.47</td>
  </tr>
  <tr>
    <td>其他应收款</td>
    <td>山东华卫健康产业研究院有限公司</td>
    <td>30,000.00</td>
    <td>1,500.00</td>
    <td>20,000.00</td>
    <td>1,000.00</td>
  </tr>
  <tr>
    <td>其他应收款</td>
    <td>威海新华医疗器械有限公司</td>
    <td>22,772.30</td>
    <td>3,209.04</td>
    <td>22,772.30</td>
    <td>2,536.33</td>
  </tr>
  <tr>
    <td>其他应收款</td>
    <td>山东颐养健康集团淄博医院</td>
    <td>10,000.00</td>
    <td>2,000.00</td>
    <td>10,000.00</td>
    <td>2,000.00</td>
  </tr>
  <tr>
    <td>其他应收款</td>
    <td>深圳高创新润医疗科技有限公司</td>
    <td>9,100.00</td>
    <td>455.00</td>
    <td></td>
    <td></td>
  </tr>
</table>

> Note: merged cells detected, rendered as HTML table.

---
## 应收项目

单位：元币种：人民币

<table id='bdaa5bfbb728a46beb011d7037d51d6e' titleId='f3fcee18-92c6-4c76-bd36-c781ab5d3f47' headId='bdaa5bfbb728a46beb011d7037d51d6e'>
  <tr>
    <td rowspan=""2"">项目名称</td>
    <td rowspan=""2"">关联方</td>
    <td colspan=""2"">期末余额</td>
    <td colspan=""2"">期初余额</td>
  </tr>
  <tr>
    <td>账面余额</td>
    <td>坏账准备</td>
    <td>账面余额</td>
    <td>坏账准备</td>
  </tr>
  <tr>
    <td>应收账款</td>
    <td>山东颐养健康集团淄博医院</td>
    <td>35,856,253.41</td>
    <td>2,077,812.67</td>
    <td>31,218,658.20</td>
    <td>1,566,824.60</td>
  </tr>
  <tr>
    <td>应收账款</td>
    <td>山东省文登整骨烟台医院有限公司</td>
    <td>22,689,224.20</td>
    <td>22,689,224.20</td>
    <td>31,676,061.53</td>
    <td>31,676,061.53</td>
  </tr>
  <tr>
    <td>应收账款</td>
    <td>上海聚力康灭菌技术有限公司</td>
    <td>9,475,037.37</td>
    <td>784,625.75</td>
    <td></td>
    <td></td>
  </tr>
  <tr>
    <td>应收账款</td>
    <td>山东康源堂药业股份有限公司</td>
    <td>7,505,101.75</td>
    <td>391,343.12</td>
    <td>321,760.65</td>
    <td>16,088.03</td>
  </tr>
  <tr>
    <td>应收账款</td>
    <td>湘阴县华雅医院有限公司</td>
    <td>3,760,231.60</td>
    <td>3,760,231.60</td>
    <td>3,768,304.00</td>
    <td>3,768,304.00</td>
  </tr>
  <tr>
    <td>应收账款</td>
    <td>淄博新华中医医院管理有限公司</td>
    <td>1,550,631.90</td>
    <td>227,903.72</td>
    <td>1,550,631.90</td>
    <td>224,678.73</td>
  </tr>
  <tr>
    <td>应收账款</td>
    <td>山东颐养健康集团药业有限公司</td>
    <td>1,396,771.56</td>
    <td>71,116.08</td>
    <td>280,769.09</td>
    <td>14,199.25</td>
  </tr>
  <tr>
    <td>应收账款</td>
    <td>合肥市聚力康灭菌技术有限公司</td>
    <td>745,057.50</td>
    <td>85,259.85</td>
    <td></td>
    <td></td>
  </tr>
  <tr>
    <td>应收账款</td>
    <td>山东康之源医疗器械有限公司</td>
    <td>648,879.89</td>
    <td>108,543.30</td>
    <td>734,514.91</td>
    <td>52,442.23</td>
  </tr>
  <tr>
    <td>应收账款</td>
    <td>佛山禅成聚力康医疗消毒供应有限公司</td>
    <td>415,976.00</td>
    <td>20,798.80</td>
    <td></td>
    <td></td>
  </tr>
  <tr>
    <td>应收账款</td>
    <td>山东省装饰集团有限公司</td>
    <td>350,175.53</td>
    <td>31,199.24</td>
    <td>290,157.98</td>
    <td>29,015.80</td>
  </tr>
  <tr>
    <td>应收账款</td>
    <td>上海聚力康医疗科技集团股份有限公司</td>
    <td>315,228.00</td>
    <td>31,522.80</td>
    <td>315,228.00</td>
    <td>17,720.10</td>
  </tr>
  <tr>
    <td>应收账款</td>
    <td>上海泽远医药科技有限公司</td>
    <td>265,200.00</td>
    <td>26,520.00</td>
    <td></td>
    <td></td>
  </tr>
  <tr>
    <td>应收账款</td>
    <td>长沙聚力康灭菌技术有限公司</td>
    <td>248,852.00</td>
    <td>49,770.40</td>
    <td></td>
    <td></td>
  </tr>
  <tr>
    <td>应收账款</td>
    <td>山东国欣颐养集团药业有限公司</td>
    <td>172,913.72</td>
    <td>34,582.74</td>
    <td></td>
    <td></td>
  </tr>
  <tr>
    <td>应收账款</td>
    <td>佛山聚力康灭菌技术有限公司</td>
    <td>164,083.00</td>
    <td>32,816.60</td>
    <td></td>
    <td></td>
  </tr>
  <tr>
    <td>应收账款</td>
    <td>济南高新东区医院（山东健康集团济南医院）</td>
    <td>134,000.00</td>
    <td>9,200.00</td>
    <td>100,000.00</td>
    <td>10,000.00</td>
  </tr>
  <tr>
    <td>应收账款</td>
    <td>山东健宝医疗服务有限公司</td>
    <td>94,562.00</td>
    <td>4,728.10</td>
    <td></td>
    <td></td>
  </tr>
  <tr>
    <td>应收账款</td>
    <td>山东颐养健康集团逸乐医院管理有限公司</td>
    <td>77,000.00</td>
    <td>3,850.00</td>
    <td>77,000.00</td>
    <td>7,875.00</td>
  </tr>
  <tr>
    <td>应收账款</td>
    <td>山东新华健康产业有限公司</td>
    <td>67,028.65</td>
    <td>3,351.43</td>
    <td>2,843.00</td>
    <td>142.15</td>
  </tr>
  <tr>
    <td>应收账款</td>
    <td>济宁华能制药厂有限公司</td>
    <td>60,000.00</td>
    <td>12,000.00</td>
    <td>60,000.00</td>
    <td>9,000.00</td>
  </tr>
  <tr>
    <td>应收账款</td>
    <td>北京同仁堂淄博药店连锁有限责任公司</td>
    <td>57,701.85</td>
    <td>2,885.09</td>
    <td>156,478.45</td>
    <td>7,823.92</td>
  </tr>
  <tr>
    <td>应收账款</td>
    <td>山东颐养健康集团东岳医院有限公司</td>
    <td>44,623.09</td>
    <td>44,623.09</td>
    <td>44,623.09</td>
    <td>44,623.09</td>
  </tr>
  <tr>
    <td>应收账款</td>
    <td>南阳聚力康灭菌技术有限公司</td>
    <td>41,270.00</td>
    <td>8,254.00</td>
    <td></td>
    <td></td>
  </tr>
  <tr>
    <td>应收账款</td>
    <td>深圳高创新润医疗科技有限公司</td>
    <td>27,000.00</td>
    <td>1,350.00</td>
    <td></td>
    <td></td>
  </tr>
  <tr>
    <td>应收账款</td>
    <td>山东颐养健康集团华丰医院</td>
    <td>20,400.00</td>
    <td>1,920.00</td>
    <td>58,500.00</td>
    <td>5,825.00</td>
  </tr>
  <tr>
    <td>应收账款</td>
    <td>山东新马制药装备有限公司</td>
    <td>15,056.00</td>
    <td>752.80</td>
    <td>69,000.00</td>
    <td>3,450.00</td>
  </tr>
  <tr>
    <td>应收账款</td>
    <td>上海一康康复医院股份有限公司</td>
    <td>10,336.58</td>
    <td>10,336.58</td>
    <td>10,336.58</td>
    <td>10,336.58</td>
  </tr>
  <tr>
    <td>应收账款</td>
    <td>山东颐养健康集团双山医院</td>
    <td>3,850.44</td>
    <td>192.52</td>
    <td>635.20</td>
    <td>31.76</td>
  </tr>
  <tr>
    <td>应收账款</td>
    <td>山东颐养健康集团融资租赁有限公司</td>
    <td>1,932.74</td>
    <td>193.27</td>
    <td>1,932.74</td>
    <td>96.64</td>
  </tr>
  <tr>
    <td>应收账款</td>
    <td>山东高新医疗器械创新中心有限公司</td>
    <td>1,092.00</td>
    <td>54.60</td>
    <td></td>
    <td></td>
  </tr>
  <tr>
    <td>应收账款</td>
    <td>威海新华医疗器械有限公司</td>
    <td>684.00</td>
    <td>684.00</td>
    <td>684.00</td>
    <td>684.00</td>
  </tr>
  <tr>
    <td>应收账款</td>
    <td>山东颐养健康集团肥城医院</td>
    <td>40.00</td>
    <td>4.00</td>
    <td>40.00</td>
    <td>4.00</td>
  </tr>
  <tr>
    <td>合同资产</td>
    <td>山东新马制药装备有限公司</td>
    <td>258,000.00</td>
    <td>25,800.00</td>
    <td>258,000.00</td>
    <td>12,900.00</td>
  </tr>
  <tr>
    <td>预付账款</td>
    <td>山东新马制药装备有限公司</td>
    <td>12,041,409.77</td>
    <td></td>
    <td>2,276,491.00</td>
    <td></td>
  </tr>
  <tr>
    <td>预付账款</td>
    <td>山东新华联合骨科器材股份有限公司</td>
    <td>5,441,915.74</td>
    <td></td>
    <td></td>
    <td></td>
  </tr>
  <tr>
    <td>预付账款</td>
    <td>山东华卫健康产业研究院有限公司</td>
    <td>6,000.00</td>
    <td></td>
    <td></td>
    <td></td>
  </tr>
  <tr>
    <td>预付账款</td>
    <td>深圳高创新润医疗科技有限公司</td>
    <td>5,176.99</td>
    <td></td>
    <td></td>
    <td></td>
  </tr>
  <tr>
    <td>预付账款</td>
    <td>山东新华普阳生物技术有限公司</td>
    <td>4,892.00</td>
    <td></td>
    <td>1,442.00</td>
    <td></td>
  </tr>
  <tr>
    <td>预付账款</td>
    <td>山东新华健康产业有限公司</td>
    <td>3,300.00</td>
    <td></td>
    <td></td>
    <td></td>
  </tr>
  <tr>
    <td>应收利息</td>
    <td>湘阴县华雅医院有限公司</td>
    <td>1,073,616.75</td>
    <td>1,073,616.75</td>
    <td>1,073,616.75</td>
    <td>1,073,616.75</td>
  </tr>
  <tr>
    <td>其他应收款</td>
    <td>湘阴县华雅医院有限公司</td>
    <td>10,915,824.94</td>
    <td>10,915,824.94</td>
    <td>10,915,824.94</td>
    <td>10,915,824.94</td>
  </tr>
  <tr>
    <td>其他应收款</td>
    <td>上海脉全医疗器械有限公司</td>
    <td>3,408,031.20</td>
    <td>243,528.98</td>
    <td></td>
    <td></td>
  </tr>
  <tr>
    <td>其他应收款</td>
    <td>山东惠远华检医疗投资合伙企业（有限合伙）</td>
    <td>1,560,194.20</td>
    <td>312,038.84</td>
    <td>1,560,194.20</td>
    <td>312,038.84</td>
  </tr>
  <tr>
    <td>其他应收款</td>
    <td>山东颐养健康集团教育发展有限公司</td>
    <td>1,181,366.51</td>
    <td>141,432.12</td>
    <td>1,181,366.51</td>
    <td>141,432.12</td>
  </tr>
  <tr>
    <td>其他应收款</td>
    <td>山东万通药业有限公司</td>
    <td>1,164,159.07</td>
    <td>208,630.01</td>
    <td>1,164,159.07</td>
    <td>208,630.01</td>
  </tr>
  <tr>
    <td>其他应收款</td>
    <td>山东新马制药装备有限公司</td>
    <td>606,500.00</td>
    <td>121,300.00</td>
    <td>606,500.00</td>
    <td>121,300.00</td>
  </tr>
  <tr>
    <td>其他应收款</td>
    <td>山东省颐康职业培训学校有限公司</td>
    <td>480,837.32</td>
    <td>39,224.57</td>
    <td>605,512.84</td>
    <td>57,925.90</td>
  </tr>
  <tr>
    <td>其他应收款</td>
    <td>山东新华健康产业有限公司</td>
    <td>247,808.21</td>
    <td>40,046.05</td>
    <td>247,808.21</td>
    <td>35,288.25</td>
  </tr>
  <tr>
    <td>其他应收款</td>
    <td>山东高新医疗器械创新中心有限公司</td>
    <td>230,663.91</td>
    <td>14,353.48</td>
    <td>171,054.51</td>
    <td>9,265.29</td>
  </tr>
  <tr>
    <td>其他应收款</td>
    <td>山东新华联合骨科器材股份有限公司</td>
    <td>191,921.02</td>
    <td>14,192.10</td>
    <td>158,521.02</td>
    <td>7,926.05</td>
  </tr>
  <tr>
    <td>其他应收款</td>
    <td>山东省文登整骨烟台医院有限公司</td>
    <td>177,019.07</td>
    <td>177,019.07</td>
    <td>452,849.87</td>
    <td>452,849.87</td>
  </tr>
  <tr>
    <td>其他应收款</td>
    <td>株洲新兴医院有限责任公司</td>
    <td>126,224.72</td>
    <td>14,234.31</td>
    <td></td>
    <td></td>
  </tr>
  <tr>
    <td>其他应收款</td>
    <td>上海泽远医药科技有限公司</td>
    <td>105,067.86</td>
    <td>7,032.77</td>
    <td></td>
    <td></td>
  </tr>
  <tr>
    <td>其他应收款</td>
    <td>淄博新华中医医院管理有限公司</td>
    <td>95,000.00</td>
    <td>19,000.00</td>
    <td>95,000.00</td>
    <td>19,000.00</td>
  </tr>
  <tr>
    <td>其他应收款</td>
    <td>山东颐养健康集团环境科技有限公司</td>
    <td>78,726.15</td>
    <td>78,726.15</td>
    <td>78,726.15</td>
    <td>78,726.15</td>
  </tr>
  <tr>
    <td>其他应收款</td>
    <td>山东颐养健康集团融资租赁有限公司</td>
    <td>54,438.42</td>
    <td>2,721.92</td>
    <td></td>
    <td></td>
  </tr>
  <tr>
    <td>其他应收款</td>
    <td>上海一康康复医院股份有限公司</td>
    <td>35,947.19</td>
    <td>4,894.12</td>
    <td>35,947.19</td>
    <td>3,746.47</td>
  </tr>
  <tr>
    <td>其他应收款</td>
    <td>山东华卫健康产业研究院有限公司</td>
    <td>30,000.00</td>
    <td>1,500.00</td>
    <td>20,000.00</td>
    <td>1,000.00</td>
  </tr>
  <tr>
    <td>其他应收款</td>
    <td>威海新华医疗器械有限公司</td>
    <td>22,772.30</td>
    <td>3,209.04</td>
    <td>22,772.30</td>
    <td>2,536.33</td>
  </tr>
  <tr>
    <td>其他应收款</td>
    <td>山东颐养健康集团淄博医院</td>
    <td>10,000.00</td>
    <td>2,000.00</td>
    <td>10,000.00</td>
    <td>2,000.00</td>
  </tr>
  <tr>
    <td>其他应收款</td>
    <td>深圳高创新润医疗科技有限公司</td>
    <td>9,100.00</td>
    <td>455.00</td>
    <td></td>
    <td></td>
  </tr>
</table>

> Note: merged cells detected, rendered as HTML table.

---
## 应付项目

单位：元币种：人民币

| 项目名称 | 关联方 | 期末账面余额 | 期初账面余额 |
| :--: | :--: | :--: | :--: |
| 应付账款 | 山东高创迈科自控技术有限公司 | 15,604,649.41 | 10,650,064.26 |
| 应付账款 | 山东新华健康产业有限公司 | 1,307,637.81 | 705,093.15 |
| 应付账款 | 山东新马制药装备有限公司 | 374,671.53 | 562,955.98 |
| 应付账款 | 济宁华能制药厂有限公司 | 164,854.00 | 164,854.00 |
| 应付账款 | 联贸医疗用品技术（上海）有限公司 | 118,950.30 |  |
| 应付账款 | 山东颐养健康集团药业有限公司 | 65,056.81 | 30,885.07 |
| 应付账款 | 山东新兖医药有限公司 | 16,927.78 | 16,927.78 |
| 应付账款 | 山东华卫健康产业研究院有限公司 | 7,484.34 | 4,105.05 |
| 合同负债 | 山东新马制药装备有限公司 | 8,059,966.99 | 1,352,298.03 |
| 合同负债 | 山东康源堂药业股份有限公司 | 2,217,398.57 | 12,401,381.91 |
| 合同负债 | 威士达医疗设备（上海）有限公司 | 940,938.05 | 955,168.14 |
| 合同负债 | 山东新华健康产业有限公司 | 622,789.61 | 622,789.61 |
| 合同负债 | 淄博新华中医医院管理有限公司 | 292,156.50 | 247,908.72 |
| 合同负债 | 山东华卫健康产业研究院有限公司 | 79,712.39 |  |
| 合同负债 | 山东省装饰集团有限公司 | 57,168.14 |  |
| 合同负债 | 山东康力医疗器械科技有限公司 | 55,221.24 | 1,613,141.19 |
| 合同负债 | 威海新华医疗器械有限公司 | 31,211.62 | 10,848.79 |
| 合同负债 | 山东新华联合骨科器材股份有限公司 | 21,379.55 | 16,396.02 |
| 合同负债 | 山东颐养健康集团逸乐医院管理有限公司 | 19,532.95 | 19,532.95 |
| 合同负债 | 陕西瑞生诊断试剂有限公司 | 11,858.41 | 11,858.41 |
| 合同负债 | 山东颐养健康集团新曙光眼科医院有限公司 | 11,061.95 |  |
| 合同负债 | 山东省颐康职业培训学校有限公司 | 10,150.44 | 10,150.44 |
| 合同负债 | 上海一康康复医院股份有限公司 | 7,964.60 | 7,964.60 |
| 合同负债 | 佛山禅成聚力康医疗消毒供应有限公司 | 4,284.96 |  |
| 合同负债 | 厦门市聚力康灭菌技术有限公司 | 3,651.15 |  |
| 合同负债 | 山东华卫健康产业有限公司 | 2,991.15 | 424.78 |
| 合同负债 | 联贸医疗用品技术（上海）有限公司 | 2,192.92 |  |
| 合同负债 | 上海聚力康灭菌技术有限公司 | 1,557.61 |  |
| 合同负债 | 驻马店聚力康医疗灭菌服务有限公司 | 530.97 |  |
| 合同负债 | 山东颐养健康集团大数据有限公司 | 212.39 | 212.39 |
| 合同负债 | 长沙聚力康灭菌技术有限公司 | 157.17 |  |
| 合同负债 | 山东颐养健康集团新汶中心医院 | 26.55 | 26.55 |
| 其他应付款 | 重庆金浦医疗健康服务产业股权投资基金合伙企业（有限合伙） | 3,480,505.00 | 3,480,505.00 |
| 其他应付款 | 山东华卫健康产业研究院有限公司 | 299,179.60 | 333,006.60 |
| 其他应付款 | 威士达医疗设备（上海）有限公司 | 267,383.79 | 267,383.79 |
| 其他应付款 | 山东华卫健康产业有限公司 | 10,000.00 | 10,000.00 |
| 其他应付款 | 山东新华健康产业有限公司 | 10,000.00 | 10,000.00 |
| 其他应付款 | 深圳高创新润医疗科技有限公司 | 9,100.00 |  |
| 其他应付款 | 山东颐养健康集团融资租赁有限公司 | 100.00 |  |

---
## 应付项目

单位：元币种：人民币

| 项目名称 | 关联方 | 期末账面余额 | 期初账面余额 |
| :--: | :--: | :--: | :--: |
| 应付账款 | 山东高创迈科自控技术有限公司 | 15,604,649.41 | 10,650,064.26 |
| 应付账款 | 山东新华健康产业有限公司 | 1,307,637.81 | 705,093.15 |
| 应付账款 | 山东新马制药装备有限公司 | 374,671.53 | 562,955.98 |
| 应付账款 | 济宁华能制药厂有限公司 | 164,854.00 | 164,854.00 |
| 应付账款 | 联贸医疗用品技术（上海）有限公司 | 118,950.30 |  |
| 应付账款 | 山东颐养健康集团药业有限公司 | 65,056.81 | 30,885.07 |
| 应付账款 | 山东新兖医药有限公司 | 16,927.78 | 16,927.78 |
| 应付账款 | 山东华卫健康产业研究院有限公司 | 7,484.34 | 4,105.05 |
| 合同负债 | 山东新马制药装备有限公司 | 8,059,966.99 | 1,352,298.03 |
| 合同负债 | 山东康源堂药业股份有限公司 | 2,217,398.57 | 12,401,381.91 |
| 合同负债 | 威士达医疗设备（上海）有限公司 | 940,938.05 | 955,168.14 |
| 合同负债 | 山东新华健康产业有限公司 | 622,789.61 | 622,789.61 |
| 合同负债 | 淄博新华中医医院管理有限公司 | 292,156.50 | 247,908.72 |
| 合同负债 | 山东华卫健康产业研究院有限公司 | 79,712.39 |  |
| 合同负债 | 山东省装饰集团有限公司 | 57,168.14 |  |
| 合同负债 | 山东康力医疗器械科技有限公司 | 55,221.24 | 1,613,141.19 |
| 合同负债 | 威海新华医疗器械有限公司 | 31,211.62 | 10,848.79 |
| 合同负债 | 山东新华联合骨科器材股份有限公司 | 21,379.55 | 16,396.02 |
| 合同负债 | 山东颐养健康集团逸乐医院管理有限公司 | 19,532.95 | 19,532.95 |
| 合同负债 | 陕西瑞生诊断试剂有限公司 | 11,858.41 | 11,858.41 |
| 合同负债 | 山东颐养健康集团新曙光眼科医院有限公司 | 11,061.95 |  |
| 合同负债 | 山东省颐康职业培训学校有限公司 | 10,150.44 | 10,150.44 |
| 合同负债 | 上海一康康复医院股份有限公司 | 7,964.60 | 7,964.60 |
| 合同负债 | 佛山禅成聚力康医疗消毒供应有限公司 | 4,284.96 |  |
| 合同负债 | 厦门市聚力康灭菌技术有限公司 | 3,651.15 |  |
| 合同负债 | 山东华卫健康产业有限公司 | 2,991.15 | 424.78 |
| 合同负债 | 联贸医疗用品技术（上海）有限公司 | 2,192.92 |  |
| 合同负债 | 上海聚力康灭菌技术有限公司 | 1,557.61 |  |
| 合同负债 | 驻马店聚力康医疗灭菌服务有限公司 | 530.97 |  |
| 合同负债 | 山东颐养健康集团大数据有限公司 | 212.39 | 212.39 |
| 合同负债 | 长沙聚力康灭菌技术有限公司 | 157.17 |  |
| 合同负债 | 山东颐养健康集团新汶中心医院 | 26.55 | 26.55 |
| 其他应付款 | 重庆金浦医疗健康服务产业股权投资基金合伙企业（有限合伙） | 3,480,505.00 | 3,480,505.00 |
| 其他应付款 | 山东华卫健康产业研究院有限公司 | 299,179.60 | 333,006.60 |
| 其他应付款 | 威士达医疗设备（上海）有限公司 | 267,383.79 | 267,383.79 |
| 其他应付款 | 山东华卫健康产业有限公司 | 10,000.00 | 10,000.00 |
| 其他应付款 | 山东新华健康产业有限公司 | 10,000.00 | 10,000.00 |
| 其他应付款 | 深圳高创新润医疗科技有限公司 | 9,100.00 |  |
| 其他应付款 | 山东颐养健康集团融资租赁有限公司 | 100.00 |  |

---
十五、股份支付
1、各项权益工具
(1)明细情况
□适用√不适用
(2)期末发行在外的股票期权或其他权益工具
√适用□不适用
其他说明
无。
2、以权益结算的股份支付情况
√适用□不适用
单位：元币种：人民币
其他说明
无。
3、以现金结算的股份支付情况
□适用√不适用
4、本期股份支付费用
√适用□不适用
单位：元币种：人民币
其他说明
无。
5、股份支付的修改、终止情况
□适用√不适用
6、其他
□适用√不适用
十六、承诺及或有事项
1、重要承诺事项
√适用□不适用
资产负债表日存在的对外重要承诺、性质、金额
截至2026年6月30日，公司及其子公司开具的各类未到期的保函如下：
2、或有事项
(1)资产负债表日存在的重要或有事项
□适用√不适用
(2)公司没有需要披露的重要或有事项，也应予以说明
□适用√不适用
3、其他
□适用√不适用
十七、资产负债表日后事项
1、重要的非调整事项
□适用√不适用
2、利润分配情况
□适用√不适用
3、销售退回
□适用√不适用
4、其他资产负债表日后事项说明
□适用√不适用

---
## 期末发行在外的股票期权或其他权益工具

<table id='d93e487e71e7225ddf64f1d2a339f0c3' titleId='25a19774-4e7f-4f2b-94c5-420f5025506f'>
  <tr>
    <td rowspan=""2"">授予对象类别</td>
    <td colspan=""2"">期末发行在外的股票期权</td>
    <td colspan=""2"">期末发行在外的其他权益工具</td>
  </tr>
  <tr>
    <td>行权价格的范围</td>
    <td>合同剩余期限</td>
    <td>行权价格的范围</td>
    <td>合同剩余期限</td>
  </tr>
  <tr>
    <td>新华手术器械有限公司董事、中高级经营管理人员以及经公司执行董事认定的对公司经营业绩和未来发展有直接影响的科技人才和业务骨干</td>
    <td></td>
    <td></td>
    <td>2023年的限制性股票激励计划授予价格2.66元/股</td>
    <td>授予日起5年内为锁定期，除另有约定外，锁定期内激励对象不得转让、捐赠等。</td>
  </tr>
  <tr>
    <td>公司董事和高、中层管理人员及核心业务骨干</td>
    <td></td>
    <td></td>
    <td>2021年的限制性股票激励计划授予价格11.26元/股</td>
    <td>本激励计划有效期自限制性股票首次授予登记完成之日起至激励对象获授的限制性股票全部解除限售或回购之日止，最长不超过72个月。</td>
  </tr>
</table>

> Note: merged cells detected, rendered as HTML table.

---
## 以权益结算的股份支付情况

单位：元币种：人民币

| 以权益结算的股份支付对象 | 新华医疗 |
| :-- | :-- |
| 授予日权益工具公允价值的确定方法 | 授予日收盘价与授予价格之间的差额作为限制性股票的公允价值 |
| 授予日权益工具公允价值的重要参数 |  |
| 可行权权益工具数量的确定依据 | 根据最新取得的可行权职工人数变动等后 续信息作出最佳估计 |
| 本期估计与上期估计有重大差异的原因 | 无 |
| 以权益结算的股份支付计入资本公积的累计金额 | 98,180,992.35 |
| 以权益结算的股份支付对象 | 新华手术器械有限公司 |
| 授予日权益工具公允价值的确定方法 | 授予日评估值与授予价格之间的差额作为限制性股票的公允价值 |
| 授予日权益工具公允价值的重要参数 |  |
| 可行权权益工具数量的确定依据 | 根据最新取得的可行权职工人数变动等后 续信息作出最佳估计 |
| 本期估计与上期估计有重大差异的原因 | 无 |
| 以权益结算的股份支付计入资本公积的累计金额 | 2,000,734.50 |

---
## 本期股份支付费用

单位：元币种：人民币

| 授予对象类别 | 以权益结算的股份支付费用 | 以现金结算的股份支付费用 |
| :--: | :--: | :--: |
| 新华手术器械有限公司相关人员 | 180,690.09 |  |
| 新华医疗相关人员 |  |  |
| 合计 | 180,690.09 |  |

---
## 公司及其子公司开具的各类未到期的保函如下

| 开证银行 | 申请单位 | 保函类别 | 保函金额 | 保证金金额 |
| :--: | :--: | :--: | :--: | :--: |
| 中国进出口银行 | 山东新华医疗器械股份有限公司 | 预付款保函 | 10,244,929.60 | 4,000,000.00 |
| 中国银行股份有限公司 | 山东新华医疗器械股份有限公司 | 履约保函 | 872,328.00 | 872,328.00 |
| 中国银行股份有限公司 | 山东新华医疗器械股份有限公司 | 预付款保函 | 2,799,021.94 | 2,799,021.94 |
| 招商银行股份有限公司淄博分行 | 山东新华医疗器械股份有限公司 | 履约保函 | 58,168,125.32 | 31,804,384.82 |
| 中国建设银行股份有限公司 | 山东新华医疗器械股份有限公司 | 履约保函 | 754,000.00 | 754,000.00 |
| 交通银行股份有限公司淄博分行 | 山东新华医疗器械股份有限公司 | 履约保函 | 88,437.48 | 88,437.48 |
| 中国邮政储蓄银行股份有限公司 | 山东新华医疗器械股份有限公司 | 履约保函 | 128,700.00 | 128,700.00 |
| 中国农业银行股份有限公司 | 山东新华医疗器械股份有限公司 | 预付款保函 | 7,738,545.00 | 7,738,545.00 |
| 中国农业银行股份有限公司 | 山东新华医疗器械股份有限公司 | 履约保函 | 2,158,856.07 | 2,158,856.07 |
| 中国农业银行股份有限公司 | 山东新华医疗器械股份有限公司 | 质量保函 | 2,400,855.00 | 2,400,855.00 |
| 兴业银行股份有限公司 | 山东新华医疗器械股份有限公司 | 预付款保函 | 1,710,000.00 | 171,000.00 |
| 兴业银行股份有限公司 | 山东新华医疗器械股份有限公司 | 履约保函 | 3,420,000.00 | 342,000.00 |
| 上海浦东发展银行股份有限公司 | 山东新华医疗器械股份有限公司 | 预付款保函 | 6,141,500.00 |  |
| 上海浦东发展银行股份有限公司 | 山东新华医疗器械股份有限公司 | 履约保函 | 840,000.00 |  |
| 中国建设银行股份有限公司北京恩济支行 | 北京威泰科生物技术有限公司 | 投标保函 | 352,869.46 | 352,869.46 |
| 中国光大银行股份有限公司上海分行 | 上海泰美医疗器械有限公司 | 非融资性保函 | 40,000,000.00 | 8,000,000.00 |
| 中国工商银行股份有限公司银川西城支行 | 山东新华医疗器械股份有限公司宁夏分公司 | 履约保函 | 6,100.00 | 6,100.00 |
| 中国农业银行股份有限公司上海长三角一体化示范区支行 | 上海远跃制药机械有限公司 | 履约保函 | 252,000.00 | 252,000.00 |
| 齐鲁银行股份有限公司济南历下支行 | 山东基匹欧医疗系统有限公司 | 履约保函 | 3,525,363.00 | 1,073,172.00 |

---
## 公司及其子公司开具的各类未到期的保函如下

| 开证银行 | 申请单位 | 保函类别 | 保函金额 | 保证金金额 |
| :--: | :--: | :--: | :--: | :--: |
| 中国进出口银行 | 山东新华医疗器械股份有限公司 | 预付款保函 | 10,244,929.60 | 4,000,000.00 |
| 中国银行股份有限公司 | 山东新华医疗器械股份有限公司 | 履约保函 | 872,328.00 | 872,328.00 |
| 中国银行股份有限公司 | 山东新华医疗器械股份有限公司 | 预付款保函 | 2,799,021.94 | 2,799,021.94 |
| 招商银行股份有限公司淄博分行 | 山东新华医疗器械股份有限公司 | 履约保函 | 58,168,125.32 | 31,804,384.82 |
| 中国建设银行股份有限公司 | 山东新华医疗器械股份有限公司 | 履约保函 | 754,000.00 | 754,000.00 |
| 交通银行股份有限公司淄博分行 | 山东新华医疗器械股份有限公司 | 履约保函 | 88,437.48 | 88,437.48 |
| 中国邮政储蓄银行股份有限公司 | 山东新华医疗器械股份有限公司 | 履约保函 | 128,700.00 | 128,700.00 |
| 中国农业银行股份有限公司 | 山东新华医疗器械股份有限公司 | 预付款保函 | 7,738,545.00 | 7,738,545.00 |
| 中国农业银行股份有限公司 | 山东新华医疗器械股份有限公司 | 履约保函 | 2,158,856.07 | 2,158,856.07 |
| 中国农业银行股份有限公司 | 山东新华医疗器械股份有限公司 | 质量保函 | 2,400,855.00 | 2,400,855.00 |
| 兴业银行股份有限公司 | 山东新华医疗器械股份有限公司 | 预付款保函 | 1,710,000.00 | 171,000.00 |
| 兴业银行股份有限公司 | 山东新华医疗器械股份有限公司 | 履约保函 | 3,420,000.00 | 342,000.00 |
| 上海浦东发展银行股份有限公司 | 山东新华医疗器械股份有限公司 | 预付款保函 | 6,141,500.00 |  |
| 上海浦东发展银行股份有限公司 | 山东新华医疗器械股份有限公司 | 履约保函 | 840,000.00 |  |
| 中国建设银行股份有限公司北京恩济支行 | 北京威泰科生物技术有限公司 | 投标保函 | 352,869.46 | 352,869.46 |
| 中国光大银行股份有限公司上海分行 | 上海泰美医疗器械有限公司 | 非融资性保函 | 40,000,000.00 | 8,000,000.00 |
| 中国工商银行股份有限公司银川西城支行 | 山东新华医疗器械股份有限公司宁夏分公司 | 履约保函 | 6,100.00 | 6,100.00 |
| 中国农业银行股份有限公司上海长三角一体化示范区支行 | 上海远跃制药机械有限公司 | 履约保函 | 252,000.00 | 252,000.00 |
| 齐鲁银行股份有限公司济南历下支行 | 山东基匹欧医疗系统有限公司 | 履约保函 | 3,525,363.00 | 1,073,172.00 |

---
1、前期会计差错更正
(1)追溯重述法
□适用√不适用
(2)未来适用法
□适用√不适用
2、重要债务重组
□适用√不适用
3、资产置换
(1)非货币性资产交换
□适用√不适用
(2)其他资产置换
□适用√不适用
4、年金计划
□适用√不适用
5、终止经营
□适用√不适用
6、分部信息
(1)报告分部的确定依据与会计政策
√适用□不适用
公司以内部组织结构、管理要求、内部报告制度等为依据确定报告分部，并以主要产品分部为基础确定报告分部。分别对医疗器械制造产品、医疗商贸产品、制药装备产品、医疗服务业务的经营业绩进行考核。与各分部共同使用的资产、负债按照规模比例在不同的分部之间分配。
(2)报告分部的财务信息
√适用□不适用
单位：元 币种：人民币
(3)公司无报告分部的，或者不能披露各报告分部的资产总额和负债总额的，应说明原因
□适用√不适用
(4)其他说明
□适用√不适用
7、其他对投资者决策有影响的重要交易和事项
□适用√不适用
8、其他
□适用√不适用

---
## 报告分部的财务信息

单位：元 币种：人民币

| 项目 | 医疗器械制造产品 | 医疗商贸产品 | 制药装备产品 | 医疗服务 | 分部间抵销 | 合计 |
| :--: | :--: | --: | --: | :--: | :--: | :--: |
| 主营业务收入 | 1,963,192,829.44 | 1,554,399,591.04 | 1,210,055,037.33 | 305,552,688.16 |  | 5,033,200,145.97 |
| 主营业务成本 | 1,159,514,398.34 | 1,418,028,610.16 | 966,710,756.12 | 272,827,174.59 |  | 3,817,080,939.21 |
| 资产总额 | 11,057,260,262.34 | 4,795,725,437.07 | 3,956,290,611.21 | 1,160,455,546.71 | -6,025,537,227.07 | 14,944,194,630.26 |
| 负债总额 | 4,276,826,927.30 | 2,324,420,356.35 | 2,897,761,650.06 | 866,233,374.89 | -3,608,318,371.32 | 6,756,923,937.28 |

---
## 按组合计提坏账准备-组合计提项目：账龄信用风险特征组合

单位：元币种：人民币

<table id='2fa15918cb8c8822dac77a6567e056c4' titleId='914e147a-7da9-47b2-9ba7-7d0c1dda4723' headId='2fa15918cb8c8822dac77a6567e056c4'>
  <tr>
    <td rowspan=""2"">名称</td>
    <td colspan=""3"">期末余额</td>
  </tr>
  <tr>
    <td>账面余额</td>
    <td>坏账准备</td>
    <td>计提比例（%）</td>
  </tr>
  <tr>
    <td>1年以内小计</td>
    <td>997,135,874.79</td>
    <td>49,856,793.74</td>
    <td>5.00</td>
  </tr>
  <tr>
    <td>1至2年</td>
    <td>233,492,045.33</td>
    <td>23,349,204.53</td>
    <td>10.00</td>
  </tr>
  <tr>
    <td>2至3年</td>
    <td>149,577,916.17</td>
    <td>22,436,687.43</td>
    <td>15.00</td>
  </tr>
  <tr>
    <td>3年以上</td>
    <td>101,051,254.85</td>
    <td>20,210,250.97</td>
    <td>20.00</td>
  </tr>
  <tr>
    <td>合计</td>
    <td>1,481,257,091.14</td>
    <td>115,852,936.67</td>
    <td></td>
  </tr>
</table>

> Note: merged cells detected, rendered as HTML table.

---
## 按欠款方归集的期末余额前五名的应收账款和合同资产情况

单位：元币种：人民币

| 单位名称 | 应收账款期末余额 | 合同资产期末余额 | 应收账款和合同资产期末余额 | 占应收账款和合同资产期末余额合计数的比例（%） | 坏账准备期末余额 |
| :-- | :--: | :--: | :--: | --: | :--: |
| 第一名 | 91,370,517.07 |  | 91,370,517.07 | 5.80 | 8,505,864.74 |
| 第二名 | 52,973,602.50 |  | 52,973,602.50 | 3.36 | 2,648,680.13 |
| 第三名 | 49,636,516.89 |  | 49,636,516.89 | 3.15 | 6,593,283.63 |
| 第四名 | 42,665,112.91 |  | 42,665,112.91 | 2.71 | 2,133,255.65 |
| 第五名 | 30,400,629.00 |  | 30,400,629.00 | 1.93 | 1,520,031.45 |
| 合计 | 267,046,378.37 |  | 267,046,378.37 | 16.95 | 21,401,115.60 |

---
## 按预期信用损失一般模型计提坏账准备

单位：元币种：人民币

<table id='6074732390bf73bb9b5857d755d510e7' titleId='2f665100-4843-43dd-bc9c-14ff9aee5581' headId='6074732390bf73bb9b5857d755d510e7'>
  <tr>
    <td rowspan=""2"">坏账准备</td>
    <td>第一阶段</td>
    <td>第二阶段</td>
    <td>第三阶段</td>
    <td rowspan=""2"">合计</td>
  </tr>
  <tr>
    <td>未来12个月预期信用损失</td>
    <td>整个存续期预期信用损失(未发生信用减值)</td>
    <td>整个存续期预期信用损失(已发生信用减值)</td>
  </tr>
  <tr>
    <td>2026年1月1日余额</td>
    <td>21,381,567.56</td>
    <td></td>
    <td>1,694,564.72</td>
    <td>23,076,132.28</td>
  </tr>
  <tr>
    <td>2026年1月1日余额在本期</td>
    <td></td>
    <td></td>
    <td></td>
    <td></td>
  </tr>
  <tr>
    <td>--转入第二阶段</td>
    <td></td>
    <td></td>
    <td></td>
    <td></td>
  </tr>
  <tr>
    <td>--转入第三阶段</td>
    <td></td>
    <td></td>
    <td></td>
    <td></td>
  </tr>
  <tr>
    <td>--转回第二阶段</td>
    <td></td>
    <td></td>
    <td></td>
    <td></td>
  </tr>
  <tr>
    <td>--转回第一阶段</td>
    <td></td>
    <td></td>
    <td></td>
    <td></td>
  </tr>
  <tr>
    <td>本期计提</td>
    <td>-1,087,872.29</td>
    <td></td>
    <td></td>
    <td>-1,087,872.29</td>
  </tr>
  <tr>
    <td>本期转回</td>
    <td></td>
    <td></td>
    <td></td>
    <td></td>
  </tr>
  <tr>
    <td>本期转销</td>
    <td></td>
    <td></td>
    <td></td>
    <td></td>
  </tr>
  <tr>
    <td>本期核销</td>
    <td></td>
    <td></td>
    <td></td>
    <td></td>
  </tr>
  <tr>
    <td>其他变动</td>
    <td></td>
    <td></td>
    <td></td>
    <td></td>
  </tr>
  <tr>
    <td>2026年6月30日余额</td>
    <td>20,293,695.27</td>
    <td></td>
    <td>1,694,564.72</td>
    <td>21,988,259.99</td>
  </tr>
</table>

> Note: merged cells detected, rendered as HTML table.

---
## 应收股利

单位：元币种：人民币

| 项目(或被投资单位) | 期末余额 | 期初余额 |
| :--: | :--: | :--: |
| 新华手术器械有限公司 | 21,037,117.60 | 21,037,117.60 |
| 山东新华医疗（上海）有限公司 | 320,746,169.55 | 320,746,169.55 |
| 合计 | 341,783,287.15 | 341,783,287.15 |

---
(1)按账龄披露
√适用□不适用
单位：元币种：人民币
(2)按款项性质分类情况
√适用□不适用
单位：元币种：人民币
(3)坏账准备计提情况
√适用□不适用
单位：元币种：人民币
各阶段划分依据和坏账准备计提比例
无。
对本期发生损失准备变动的其他应收款账面余额显著变动的情况说明：
□适用√不适用
本期坏账准备计提金额以及评估金融工具的信用风险是否显著增加的采用依据：
□适用√不适用
(4)坏账准备的情况
√适用□不适用
单位：元币种：人民币
其中本期坏账准备转回或收回金额重要的：
□适用√不适用
其他说明
无。
(5)本期实际核销的其他应收款情况
□适用√不适用
其中重要的其他应收款核销情况：
□适用√不适用
其他应收款核销说明：
□适用√不适用
(6)按欠款方归集的期末余额前五名的其他应收款情况
√适用□不适用
单位：元币种：人民币
(7)因资金集中管理而列报于其他应收款
□适用√不适用
其他说明：
□适用√不适用

---
## 坏账准备计提情况

单位：元币种：人民币

<table id='7bc20342cbd53556ece779295779a0fb' titleId='37d9fd49-1aa4-4316-beb7-14c47c10b873' headId='7bc20342cbd53556ece779295779a0fb'>
  <tr>
    <td rowspan=""2"">坏账准备</td>
    <td>第一阶段</td>
    <td>第二阶段</td>
    <td>第三阶段</td>
    <td rowspan=""2"">合计</td>
  </tr>
  <tr>
    <td>未来12个月预期信用损失</td>
    <td>整个存续期预期信用损失(未发生信用减值)</td>
    <td>整个存续期预期信用损失(已发生信用减值)</td>
  </tr>
  <tr>
    <td>2026年1月1日余额</td>
    <td>155,088,946.63</td>
    <td></td>
    <td>38,302,202.68</td>
    <td>193,391,149.31</td>
  </tr>
  <tr>
    <td>2026年1月1日余额在本期</td>
    <td></td>
    <td></td>
    <td></td>
    <td></td>
  </tr>
  <tr>
    <td>--转入第二阶段</td>
    <td></td>
    <td></td>
    <td></td>
    <td></td>
  </tr>
  <tr>
    <td>--转入第三阶段</td>
    <td></td>
    <td></td>
    <td></td>
    <td></td>
  </tr>
  <tr>
    <td>--转回第二阶段</td>
    <td></td>
    <td></td>
    <td></td>
    <td></td>
  </tr>
  <tr>
    <td>--转回第一阶段</td>
    <td></td>
    <td></td>
    <td></td>
    <td></td>
  </tr>
  <tr>
    <td>本期计提</td>
    <td>6,387,375.96</td>
    <td></td>
    <td>274,223.24</td>
    <td>6,661,599.20</td>
  </tr>
  <tr>
    <td>本期转回</td>
    <td></td>
    <td></td>
    <td>550,054.04</td>
    <td>550,054.04</td>
  </tr>
  <tr>
    <td>本期转销</td>
    <td></td>
    <td></td>
    <td></td>
    <td></td>
  </tr>
  <tr>
    <td>本期核销</td>
    <td></td>
    <td></td>
    <td></td>
    <td></td>
  </tr>
  <tr>
    <td>其他变动</td>
    <td></td>
    <td></td>
    <td></td>
    <td></td>
  </tr>
  <tr>
    <td>2026年6月30日余额</td>
    <td>161,476,322.59</td>
    <td></td>
    <td>38,026,371.88</td>
    <td>199,502,694.47</td>
  </tr>
</table>

> Note: merged cells detected, rendered as HTML table.

---
## 按欠款方归集的期末余额前五名的其他应收款情况

单位：元币种：人民币

| 单位名称 | 期末余额 | 占其他应收款期末余额合计数的比例(%) | 款项的性质 | 账龄 | 坏账准备期末余额 |
| :--: | :--: | :--: | :--: | :--: | :--: |
| 上海远跃制药机械有限公司 | 298,386,206.09 | 28.02 | 关联方往来款 | 1年以内；1-5年 | 59,560,365.03 |
| 新华手术器械有限公司 | 187,539,897.27 | 17.61 | 关联方往来款 | 1年以内；1-5年 | 22,993,084.22 |
| 上海新华泰康生物技术有限公司 | 105,523,849.47 | 9.91 | 关联方往来款 | 1年以内；5年以上 | 21,099,719.87 |
| 新华医疗健康产业（湖北）有限公司 | 64,429,042.36 | 6.05 | 关联方往来款 | 1年以内；1-5年 | 12,819,731.90 |
| 上海泰美医疗器械有限公司 | 61,828,259.22 | 5.81 | 关联方往来款 | 1年以内；1-5年 | 3,093,477.44 |
| 合计 | 717,707,254.41 | 67.40 | / | / | 119,566,378.46 |

---
## 对子公司投资

单位：元币种：人民币

<table id='851d0f9bb25ce23de3237fd95554b09d' titleId='e70db5e7-ef68-4ebf-993c-bd04329c971a' headId='851d0f9bb25ce23de3237fd95554b09d'>
  <tr>
    <td rowspan=""2"">被投资单位</td>
    <td rowspan=""2"">期初余额（账面价值）</td>
    <td rowspan=""2"">减值准备期初余额</td>
    <td colspan=""4"">本期增减变动</td>
    <td rowspan=""2"">期末余额（账面价值）</td>
    <td rowspan=""2"">减值准备期末余额</td>
  </tr>
  <tr>
    <td>追加投资</td>
    <td>减少投资</td>
    <td>计提减值准备</td>
    <td>其他</td>
  </tr>
  <tr>
    <td>安徽合肥东南外科医院</td>
    <td>4,004,924.50</td>
    <td>746,375.50</td>
    <td></td>
    <td></td>
    <td></td>
    <td></td>
    <td>4,004,924.50</td>
    <td>746,375.50</td>
  </tr>
  <tr>
    <td>北京威泰科生物技术有限公司</td>
    <td>19,500,000.00</td>
    <td></td>
    <td></td>
    <td></td>
    <td></td>
    <td></td>
    <td>19,500,000.00</td>
    <td></td>
  </tr>
  <tr>
    <td>成都英德生物医药装备技术有限公司</td>
    <td>226,542,817.74</td>
    <td>235,840,111.28</td>
    <td></td>
    <td></td>
    <td></td>
    <td></td>
    <td>226,542,817.74</td>
    <td>235,840,111.28</td>
  </tr>
  <tr>
    <td>合肥东南骨科医院</td>
    <td>43,890,104.22</td>
    <td>2,128,395.78</td>
    <td></td>
    <td></td>
    <td></td>
    <td></td>
    <td>43,890,104.22</td>
    <td>2,128,395.78</td>
  </tr>
  <tr>
    <td>华佗国际发展有限公司</td>
    <td>501,802,648.00</td>
    <td></td>
    <td></td>
    <td></td>
    <td></td>
    <td></td>
    <td>501,802,648.00</td>
    <td></td>
  </tr>
  <tr>
    <td>济南新华医院投资管理有限公司</td>
    <td>157,213,681.16</td>
    <td></td>
    <td></td>
    <td></td>
    <td></td>
    <td></td>
    <td>157,213,681.16</td>
    <td></td>
  </tr>
  <tr>
    <td>济南信华健康产业有限公司</td>
    <td>7,166,500.00</td>
    <td></td>
    <td></td>
    <td></td>
    <td></td>
    <td></td>
    <td>7,166,500.00</td>
    <td></td>
  </tr>
  <tr>
    <td>山东弘华投资有限公司</td>
    <td>206,979,554.56</td>
    <td></td>
    <td></td>
    <td></td>
    <td></td>
    <td></td>
    <td>206,979,554.56</td>
    <td></td>
  </tr>
  <tr>
    <td>山东基匹欧医疗系统有限公司</td>
    <td>21,420,000.00</td>
    <td></td>
    <td></td>
    <td></td>
    <td></td>
    <td></td>
    <td>21,420,000.00</td>
    <td></td>
  </tr>
  <tr>
    <td>山东神思医疗设备有限公司</td>
    <td>11,956,456.08</td>
    <td>3,487,043.92</td>
    <td></td>
    <td></td>
    <td></td>
    <td></td>
    <td>11,956,456.08</td>
    <td>3,487,043.92</td>
  </tr>
  <tr>
    <td>山东新华奇林软件技术有限公司</td>
    <td>4,975,836.97</td>
    <td></td>
    <td></td>
    <td></td>
    <td></td>
    <td></td>
    <td>4,975,836.97</td>
    <td></td>
  </tr>
  <tr>
    <td>山东新华莎罗雅生物技术有限公司</td>
    <td>2,487,937.50</td>
    <td></td>
    <td></td>
    <td></td>
    <td></td>
    <td></td>
    <td>2,487,937.50</td>
    <td></td>
  </tr>
  <tr>
    <td>山东新华肾病医疗投资有限公司</td>
    <td>25,710,000.00</td>
    <td></td>
    <td></td>
    <td></td>
    <td></td>
    <td></td>
    <td>25,710,000.00</td>
    <td></td>
  </tr>
  <tr>
    <td>山东新华血液技术有限公司</td>
    <td>21,022,437.50</td>
    <td></td>
    <td></td>
    <td></td>
    <td></td>
    <td></td>
    <td>21,022,437.50</td>
    <td></td>
  </tr>
  <tr>
    <td>山东新华医疗（上海）有限公司</td>
    <td>6,518,929.84</td>
    <td></td>
    <td></td>
    <td></td>
    <td></td>
    <td></td>
    <td>6,518,929.84</td>
    <td></td>
  </tr>
  <tr>
    <td>山东新华医学检验技术有限公司</td>
    <td>34,670,000.00</td>
    <td></td>
    <td></td>
    <td></td>
    <td></td>
    <td></td>
    <td>34,670,000.00</td>
    <td></td>
  </tr>
  <tr>
    <td>山东新华医用环保设备有限公司</td>
    <td>50,989,444.00</td>
    <td></td>
    <td></td>
    <td></td>
    <td></td>
    <td></td>
    <td>50,989,444.00</td>
    <td></td>
  </tr>
  <tr>
    <td>上海盛本包装材料有限公司</td>
    <td>60,167,821.28</td>
    <td>6,432,178.72</td>
    <td></td>
    <td></td>
    <td></td>
    <td></td>
    <td>60,167,821.28</td>
    <td>6,432,178.72</td>
  </tr>
  <tr>
    <td>上海泰美医疗器械有限公司</td>
    <td>95,692,905.82</td>
    <td></td>
    <td></td>
    <td></td>
    <td></td>
    <td></td>
    <td>95,692,905.82</td>
    <td></td>
  </tr>
  <tr>
    <td>上海天清生物材料有限公司</td>
    <td>18,305,681.37</td>
    <td>3,256,858.55</td>
    <td></td>
    <td></td>
    <td></td>
    <td></td>
    <td>18,305,681.37</td>
    <td>3,256,858.55</td>
  </tr>
  <tr>
    <td>上海新华瑞思医疗科技有限公司</td>
    <td>6,000,000.00</td>
    <td></td>
    <td></td>
    <td></td>
    <td></td>
    <td></td>
    <td>6,000,000.00</td>
    <td></td>
  </tr>
  <tr>
    <td>上海新华泰康生物技术有限公司</td>
    <td>51,600,000.00</td>
    <td></td>
    <td></td>
    <td></td>
    <td></td>
    <td></td>
    <td>51,600,000.00</td>
    <td></td>
  </tr>
  <tr>
    <td>上海远跃制药机械有限公司</td>
    <td>157,930,522.77</td>
    <td>218,813,086.93</td>
    <td></td>
    <td></td>
    <td></td>
    <td></td>
    <td>157,930,522.77</td>
    <td>218,813,086.93</td>
  </tr>
  <tr>
    <td>苏州远跃生物技术有限公司</td>
    <td>49,761,492.81</td>
    <td></td>
    <td></td>
    <td></td>
    <td></td>
    <td></td>
    <td>49,761,492.81</td>
    <td></td>
  </tr>
  <tr>
    <td>新华手术器械有限公司</td>
    <td>83,410,712.35</td>
    <td></td>
    <td></td>
    <td></td>
    <td></td>
    <td></td>
    <td>83,410,712.35</td>
    <td></td>
  </tr>
  <tr>
    <td>新华泰康投资控股（北京）有限公司</td>
    <td>32,791,800.00</td>
    <td></td>
    <td></td>
    <td></td>
    <td></td>
    <td></td>
    <td>32,791,800.00</td>
    <td></td>
  </tr>
  <tr>
    <td>新华医疗（海南）有限公司</td>
    <td>25,500,000.00</td>
    <td></td>
    <td></td>
    <td></td>
    <td></td>
    <td></td>
    <td>25,500,000.00</td>
    <td></td>
  </tr>
  <tr>
    <td>新华医疗健康产业（湖北）有限公司</td>
    <td>30,000,000.00</td>
    <td></td>
    <td></td>
    <td></td>
    <td></td>
    <td></td>
    <td>30,000,000.00</td>
    <td></td>
  </tr>
  <tr>
    <td>新华医疗健康产业（湖南）有限公司</td>
    <td>1,170,000.00</td>
    <td></td>
    <td></td>
    <td></td>
    <td></td>
    <td></td>
    <td>1,170,000.00</td>
    <td></td>
  </tr>
  <tr>
    <td>新华医疗康复产业（西安）有限公司</td>
    <td>20,000,000.00</td>
    <td></td>
    <td>10,000,000.00</td>
    <td></td>
    <td></td>
    <td></td>
    <td>30,000,000.00</td>
    <td></td>
  </tr>
  <tr>
    <td>长春博迅生物技术有限责任公司</td>
    <td>456,938,573.32</td>
    <td></td>
    <td></td>
    <td></td>
    <td></td>
    <td></td>
    <td>456,938,573.32</td>
    <td></td>
  </tr>
  <tr>
    <td>淄博弘新医疗科技有限公司</td>
    <td>187,211,226.89</td>
    <td>35,275,842.27</td>
    <td></td>
    <td></td>
    <td></td>
    <td></td>
    <td>187,211,226.89</td>
    <td>35,275,842.27</td>
  </tr>
  <tr>
    <td>淄博市张店区人民医院南院有限公司</td>
    <td>11,542,642.00</td>
    <td></td>
    <td></td>
    <td></td>
    <td></td>
    <td></td>
    <td>11,542,642.00</td>
    <td></td>
  </tr>
  <tr>
    <td>淄博众生医药有限公司</td>
    <td>11,885,160.83</td>
    <td>3,114,839.17</td>
    <td></td>
    <td></td>
    <td></td>
    <td></td>
    <td>11,885,160.83</td>
    <td>3,114,839.17</td>
  </tr>
  <tr>
    <td>山东新华医院管理有限公司</td>
    <td>33,691,545.66</td>
    <td></td>
    <td></td>
    <td></td>
    <td></td>
    <td></td>
    <td>33,691,545.66</td>
    <td></td>
  </tr>
  <tr>
    <td>合计</td>
    <td>2,680,451,357.17</td>
    <td>509,094,732.12</td>
    <td>10,000,000.00</td>
    <td></td>
    <td></td>
    <td></td>
    <td>2,690,451,357.17</td>
    <td>509,094,732.12</td>
  </tr>
</table>

> Note: merged cells detected, rendered as HTML table.

---
## 对联营、合营企业投资

<table id='096c701396dabc429fe31635ae07a70a' titleId='0ae7f8ea-2bc6-4ceb-ad94-f4ffacf3741b'>
  <tr>
    <td rowspan=""2"">投资单位</td>
    <td rowspan=""2"">期初余额（账面价值）</td>
    <td rowspan=""2"">减值准备期初余额</td>
    <td colspan=""8"">本期增减变动</td>
    <td rowspan=""2"">期末余额（账面价值）</td>
    <td rowspan=""2"">减值准备期末余额</td>
  </tr>
  <tr>
    <td>追加投资</td>
    <td>减少投资</td>
    <td>权益法下确认的投资损益</td>
    <td>其他综合收益调整</td>
    <td>其他权益变动</td>
    <td>宣告发放现金股利或利润</td>
    <td>计提减值准备</td>
    <td>其他</td>
  </tr>
  <tr>
    <td colspan=""13"">一、合营企业</td>
  </tr>
  <tr>
    <td>北京普瑞海思医疗科技有限公司</td>
    <td>2,955,016.44</td>
    <td></td>
    <td></td>
    <td></td>
    <td>-511.99</td>
    <td></td>
    <td></td>
    <td></td>
    <td></td>
    <td></td>
    <td>2,954,504.45</td>
    <td></td>
  </tr>
  <tr>
    <td>山东新华健康产业有限公司</td>
    <td>6,104,464.03</td>
    <td></td>
    <td></td>
    <td></td>
    <td>260,240.19</td>
    <td></td>
    <td></td>
    <td></td>
    <td></td>
    <td></td>
    <td>6,364,704.22</td>
    <td></td>
  </tr>
  <tr>
    <td>小计</td>
    <td>9,059,480.47</td>
    <td></td>
    <td></td>
    <td></td>
    <td>259,728.20</td>
    <td></td>
    <td></td>
    <td></td>
    <td></td>
    <td></td>
    <td>9,319,208.67</td>
    <td></td>
  </tr>
  <tr>
    <td colspan=""13"">二、联营企业</td>
  </tr>
  <tr>
    <td>山东高新医疗器械创新中心有限公司</td>
    <td>15,994,378.67</td>
    <td></td>
    <td>9,800,000.00</td>
    <td></td>
    <td>-2,434,498.55</td>
    <td></td>
    <td></td>
    <td></td>
    <td></td>
    <td></td>
    <td>23,359,880.12</td>
    <td></td>
  </tr>
  <tr>
    <td>山东省文登整骨烟台医院有限公司</td>
    <td>20,613,331.70</td>
    <td></td>
    <td></td>
    <td></td>
    <td>-6,842,680.08</td>
    <td></td>
    <td></td>
    <td></td>
    <td></td>
    <td></td>
    <td>13,770,651.62</td>
    <td></td>
  </tr>
  <tr>
    <td>山东新华联合骨科器材股份有限公司</td>
    <td>47,494,124.59</td>
    <td></td>
    <td></td>
    <td></td>
    <td>-855,633.83</td>
    <td></td>
    <td></td>
    <td></td>
    <td></td>
    <td></td>
    <td>46,638,490.76</td>
    <td></td>
  </tr>
  <tr>
    <td>山东新马制药装备有限公司</td>
    <td>77,244,882.73</td>
    <td></td>
    <td></td>
    <td></td>
    <td>3,308,142.60</td>
    <td></td>
    <td></td>
    <td>5,137,502.25</td>
    <td></td>
    <td></td>
    <td>75,415,523.08</td>
    <td></td>
  </tr>
  <tr>
    <td>小计</td>
    <td>161,346,717.69</td>
    <td></td>
    <td>9,800,000.00</td>
    <td></td>
    <td>-6,824,669.86</td>
    <td></td>
    <td></td>
    <td>5,137,502.25</td>
    <td></td>
    <td></td>
    <td>159,184,545.58</td>
    <td></td>
  </tr>
  <tr>
    <td>合计</td>
    <td>170,406,198.16</td>
    <td></td>
    <td>9,800,000.00</td>
    <td></td>
    <td>-6,564,941.66</td>
    <td></td>
    <td></td>
    <td>5,137,502.25</td>
    <td></td>
    <td></td>
    <td>168,503,754.25</td>
    <td></td>
  </tr>
</table>

> Note: merged cells detected, rendered as HTML table.

---
## 营业收入、营业成本的分解信息

单位：元 币种：人民币

<table id='1cc6847f607164b562280bcdcb61c725' titleId='8db0100e-758a-4cd0-8bf2-fff1b337c575' headId='1cc6847f607164b562280bcdcb61c725'>
  <tr>
    <td rowspan=""2"">合同分类</td>
    <td colspan=""2"">分部</td>
    <td colspan=""2"">合计</td>
  </tr>
  <tr>
    <td>营业收入</td>
    <td>营业成本</td>
    <td>营业收入</td>
    <td>营业成本</td>
  </tr>
  <tr>
    <td>商品类型</td>
    <td>2,552,001,379.15</td>
    <td>1,674,055,178.08</td>
    <td>2,552,001,379.15</td>
    <td>1,674,055,178.08</td>
  </tr>
  <tr>
    <td>医疗器械制造产品</td>
    <td>1,689,891,170.82</td>
    <td>1,063,950,939.86</td>
    <td>1,689,891,170.82</td>
    <td>1,063,950,939.86</td>
  </tr>
  <tr>
    <td>制药装备产品</td>
    <td>770,754,342.65</td>
    <td>565,511,921.76</td>
    <td>770,754,342.65</td>
    <td>565,511,921.76</td>
  </tr>
  <tr>
    <td>其他</td>
    <td>91,355,865.68</td>
    <td>44,592,316.46</td>
    <td>91,355,865.68</td>
    <td>44,592,316.46</td>
  </tr>
  <tr>
    <td>按经营地区分类</td>
    <td>2,552,001,379.15</td>
    <td>1,674,055,178.08</td>
    <td>2,552,001,379.15</td>
    <td>1,674,055,178.08</td>
  </tr>
  <tr>
    <td>境内</td>
    <td>2,329,729,166.82</td>
    <td>1,547,377,597.63</td>
    <td>2,329,729,166.82</td>
    <td>1,547,377,597.63</td>
  </tr>
  <tr>
    <td>境外</td>
    <td>222,272,212.33</td>
    <td>126,677,580.45</td>
    <td>222,272,212.33</td>
    <td>126,677,580.45</td>
  </tr>
  <tr>
    <td>合计</td>
    <td>2,552,001,379.15</td>
    <td>1,674,055,178.08</td>
    <td>2,552,001,379.15</td>
    <td>1,674,055,178.08</td>
  </tr>
</table>

> Note: merged cells detected, rendered as HTML table.

---
1、当期非经常性损益明细表
√适用□不适用
单位：元币种：人民币
对公司将《公开发行证券的公司信息披露解释性公告第1号——非经常性损益》未列举的项目认定为非经常性损益项目且金额重大的，以及将《公开发行证券的公司信息披露解释性公告第1号——非经常性损益》中列举的非经常性损益项目界定为经常性损益的项目，应说明原因。
□适用√不适用
其他说明
□适用√不适用
2、净资产收益率及每股收益
√适用□不适用
3、境内外会计准则下会计数据差异
□适用√不适用
4、其他
□适用√不适用
法定代表人：王玉全
董事会批准报送日期：2026年8月29日
修订信息
□适用√不适用
",2026-08-29,announcement,0.6683,新华医疗:2026年半年度报告,https://m.wind.com.cn/mobwftweb/M/?code=2595B0358585&lan=zh&device=pc&terminaltype=COM.WINDRAG&version=26.5.0.39845&gateway=na#/NA/75E759E957DD32B5FB4829D62F12DE9B
"## 公司简介

<table id='87b264d1a29758bcf4a22d73f03ae021' titleId='c41252d6-61c0-4908-b48b-8b912767b301'>
  <tr>
    <td colspan=""5"">公司股票简况</td>
  </tr>
  <tr>
    <td>股票种类</td>
    <td>股票上市交易所</td>
    <td>股票简称</td>
    <td>股票代码</td>
    <td>变更前股票简称</td>
  </tr>
  <tr>
    <td>A股</td>
    <td>上海证券交易所</td>
    <td>新华医疗</td>
    <td>600587</td>
    <td></td>
  </tr>
</table>

> Note: merged cells detected, rendered as HTML table.

---
## 公司简介

| 联系人和联系方式 | 董事会秘书 | 证券事务代表 |
| :--: | :--: | :--: |
| 姓名 | 李财祥 | 李静 |
| 电话 | 0533-3587766 | 0533-3587766 |
| 办公地址 | 山东省淄博市高新技术产业开发区新华医疗科技园 | 山东省淄博市高新技术产业开发区新华医疗科技园 |
| 电子信箱 | shinva@163.com | shinva@163.com |

---
## 主要财务数据

单位：元 币种：人民币

|  | 本报告期末 | 上年度末 | 本报告期末比上年度末增减(%) |
| :-- | :--: | :--: | --: |
| 总资产 | 14,944,194,630.26 | 14,819,570,255.17 | 0.84 |
| 归属于上市公司股东的净资产 | 7,865,019,288.24 | 7,634,042,504.40 | 3.03 |
|  | 本报告期 | 上年同期 | 本报告期比上年同期增减(%) |
| 营业收入 | 5,160,672,255.84 | 4,790,414,888.01 | 7.73 |
| 利润总额 | 359,461,057.56 | 454,476,869.54 | -20.91 |
| 归属于上市公司股东的净利润 | 285,277,175.78 | 385,717,607.04 | -26.04 |
| 归属于上市公司股东的扣除非经常性损益的净利润 | 263,144,555.60 | 332,742,127.52 | -20.92 |
| 经营活动产生的现金流量净额 | 264,731,632.72 | 242,751,249.85 | 9.05 |
| 加权平均净资产收益率（%） | 3.68 | 4.99 | 减少1.31个百分点 |
| 基本每股收益（元／股） | 0.47 | 0.64 | -26.56 |
| 稀释每股收益（元／股） | 0.47 | 0.64 | -26.56 |

---
## 前10名股东持股情况表

单位:股

<table id='23a21af588c13791ec718d201e69bcaf' titleId='309883f1-f9c3-426b-abc1-7cca5fb037a4' headId='29ada238-2551-4705-a1e6-d77a3b9e7490'>
  <tr>
    <td colspan=""4"">截至报告期末股东总数（户）</td>
    <td colspan=""3"">42,756</td>
  </tr>
  <tr>
    <td colspan=""4"">截至报告期末表决权恢复的优先股股东总数（户）</td>
    <td colspan=""3"">0</td>
  </tr>
  <tr>
    <td colspan=""7"">前10名股东持股情况</td>
  </tr>
  <tr>
    <td>股东名称</td>
    <td>股东性质</td>
    <td>持股比例(%)</td>
    <td>持股数量</td>
    <td>持有有限售条件的股份数量</td>
    <td colspan=""2"">质押、标记或冻结的股份数量</td>
  </tr>
  <tr>
    <td>山东健康集团有限公司</td>
    <td>国有法人</td>
    <td>29.99</td>
    <td>181,959,527</td>
    <td></td>
    <td>无</td>
    <td></td>
  </tr>
  <tr>
    <td>山东省国有资产投资控股有限公司</td>
    <td>国有法人</td>
    <td>4.15</td>
    <td>25,153,613</td>
    <td></td>
    <td>未知</td>
    <td></td>
  </tr>
  <tr>
    <td>冯国尤</td>
    <td>未知</td>
    <td>1.02</td>
    <td>6,190,800</td>
    <td></td>
    <td>未知</td>
    <td></td>
  </tr>
  <tr>
    <td>张树森</td>
    <td>未知</td>
    <td>0.74</td>
    <td>4,476,430</td>
    <td></td>
    <td>未知</td>
    <td></td>
  </tr>
  <tr>
    <td>通用技术集团投资管理有限公司</td>
    <td>未知</td>
    <td>0.72</td>
    <td>4,391,172</td>
    <td></td>
    <td>未知</td>
    <td></td>
  </tr>
  <tr>
    <td>香港中央结算有限公司</td>
    <td>未知</td>
    <td>0.71</td>
    <td>4,329,743</td>
    <td></td>
    <td>未知</td>
    <td></td>
  </tr>
  <tr>
    <td>马敬娥</td>
    <td>未知</td>
    <td>0.71</td>
    <td>4,320,500</td>
    <td></td>
    <td>未知</td>
    <td></td>
  </tr>
  <tr>
    <td>何锡恩</td>
    <td>未知</td>
    <td>0.68</td>
    <td>4,118,000</td>
    <td></td>
    <td>未知</td>
    <td></td>
  </tr>
  <tr>
    <td>上海处厚私募基金管理有限公司－处厚新动能私募证券投资基金</td>
    <td>未知</td>
    <td>0.68</td>
    <td>4,097,100</td>
    <td></td>
    <td>未知</td>
    <td></td>
  </tr>
  <tr>
    <td>中国工商银行股份有限公司－国联优势产业混合型证券投资基金</td>
    <td>未知</td>
    <td>0.63</td>
    <td>3,847,841</td>
    <td></td>
    <td>未知</td>
    <td></td>
  </tr>
  <tr>
    <td colspan=""2"">上述股东关联关系或一致行动的说明</td>
    <td colspan=""5"">公司未知前十名无限售条件股东的关联关系，也未知是否属于《上市公司股东持股变动信息披露管理办法》规定的一致行动人。</td>
  </tr>
  <tr>
    <td colspan=""2"">表决权恢复的优先股股东及持股数量的说明</td>
    <td colspan=""5"">无。</td>
  </tr>
</table>

> Note: merged cells detected, rendered as HTML table.

---
公司应当根据重要性原则，说明报告期内公司经营情况的重大变化，以及报告期内发生的对公司经营情况有重大影响和预计未来会有重大影响的事项

---
董事长：王玉全
董事会批准报送日期：2026年8月29日
",2026-08-29,announcement,0.4854,新华医疗:2026年半年度报告摘要,https://m.wind.com.cn/mobwftweb/M/?code=C6326E89CDE7&lan=zh&device=pc&terminaltype=COM.WINDRAG&version=26.5.0.39845&gateway=na#/NA/C77AF63993C607FC26A2BD11C6AFC5CA
