content,date,doc_type,relevance,title,url
"东富龙科技集团股份有限公司
TOFFLON SCIENCE AND TECHNOLOGY GROUP CO.,LTD
上海市 闵行区 都会路 1509号
Tofflon
2026年半年度报告
2026年8月

---
1、载有公司法定代表人、主管会计工作负责人、会计机构负责人（会计主管人员）签字并盖章的财务报表；
2、载有公司法定代表人签字和公司盖章的2026年半年度报告及摘要文件；
3、报告期内公开披露的所有公司文件的正本及公告的原稿；
4、董事及高级管理人员签署的对本次2026年半年度报告的书面确认意见。
以上报备文件备置地点：公司董事会秘书办公室。
释义

---
## 释义

| 释义项 | 指 | 释义内容 |
| :--: | :--: | :--: |
| 本公司、公司、东富龙 | 指 | 东富龙科技集团股份有限公司 |
| 中国证监会 | 指 | 中国证券监督管理委员会 |
| 深交所 | 指 | 深圳证券交易所 |
| 《公司法》 | 指 | 《中华人民共和国公司法》 |
| 《证券法》 | 指 | 《中华人民共和国证券法》 |
| 《公司章程》 | 指 | 《东富龙科技集团股份有限公司章程》 |
| 保荐机构、中信证券 | 指 | 中信证券股份有限公司 |
| 招商证券 | 指 | 招商证券股份有限公司 |
| 会计师事务所 | 指 | 立信会计师事务所（特殊普通合伙） |
| 报告期 | 指 | 2026年1月1日-2026年06月30日 |
| 上年同期 | 指 | 2025年1月1日-2025年06月30日 |

---
## 公司简介

<table id='43f2e3ceea9049ec14ac3430c35a5dbb' titleId='43f2e3ceea9049ec14ac3430c35a5dbb'>
  <tr>
    <td>股票简称</td>
    <td>东富龙</td>
    <td>股票代码</td>
    <td>300171</td>
  </tr>
  <tr>
    <td>股票上市证券交易所</td>
    <td colspan=""3"">深圳证券交易所</td>
  </tr>
  <tr>
    <td>公司的中文名称</td>
    <td colspan=""3"">东富龙科技集团股份有限公司</td>
  </tr>
  <tr>
    <td>公司的中文简称</td>
    <td colspan=""3"">东富龙</td>
  </tr>
  <tr>
    <td>公司的外文名称</td>
    <td colspan=""3"">Tofflon Science and Technology Group Co., Ltd.</td>
  </tr>
  <tr>
    <td>公司的外文名称缩写</td>
    <td colspan=""3"">Tofflon</td>
  </tr>
  <tr>
    <td>公司的法定代表人</td>
    <td colspan=""3"">郑效东</td>
  </tr>
</table>

> Note: merged cells detected, rendered as HTML table.

---
三、其他情况
1、公司联系方式
公司注册地址、公司办公地址及其邮政编码、公司网址、电子信箱等在报告期是否变化□适用 不适用
公司注册地址、公司办公地址及其邮政编码、公司网址、电子信箱等在报告期无变化，具体可参见2025年年报。
2、信息披露及备置地点
信息披露及备置地点在报告期是否变化
□适用 不适用
公司披露半年度报告的证券交易所网站和媒体名称及网址，公司半年度报告备置地在报告期无变化，具体可参见2025年年报。
3、注册变更情况
注册情况在报告期是否变更情况
□适用 不适用
公司注册情况在报告期无变化，具体可参见2025年年报。
四、主要会计数据和财务指标
公司是否需追溯调整或重述以前年度会计数据
□是 否
五、境内外会计准则下会计数据差异
1、同时按照国际会计准则与按照中国会计准则披露的财务报告中净利润和净资产差异情况
□适用 不适用
公司报告期不存在按照国际会计准则与按照中国会计准则披露的财务报告中净利润和净资产差异情况。
2、同时按照境外会计准则与按照中国会计准则披露的财务报告中净利润和净资产差异情况
□适用 不适用
公司报告期不存在按照境外会计准则与按照中国会计准则披露的财务报告中净利润和净资产差异情况。

---
## 主要会计数据和财务指标

|  | 本报告期 | 上年同期 | 本报告期比上年同期增减 |
| :--: | :--: | :--: | :--: |
| 营业收入（元） | 2,534,573,184.09 | 2,428,518,866.54 | 4.37% |
| 归属于上市公司股东的净利润（元） | 107,678,132.77 | 45,919,546.96 | 134.49% |
| 归属于上市公司股东的扣除非经常性损益的净利润（元） | 94,443,548.36 | 25,475,215.29 | 270.73% |
| 经营活动产生的现金流量净额（元） | 91,104,156.17 | 276,361,353.22 | -67.03% |
| 基本每股收益（元/股） | 0.1415 | 0.0604 | 134.27% |
| 稀释每股收益（元/股） | 0.1415 | 0.0604 | 134.27% |
| 加权平均净资产收益率 | 1.35% | 0.59% | 0.76% |
|  | 本报告期末 | 上年度末 | 本报告期末比上年度末增减 |
| 总资产（元） | 13,613,390,684.54 | 13,512,064,775.49 | 0.75% |
| 归属于上市公司股东的净资产（元） | 7,971,770,484.30 | 7,933,588,531.90 | 0.48% |

---
东富龙是一家为全球制药企业提供制药工艺、核心装备、系统工程整体解决方案的综合性制药装备服务商。东富龙经过33年的艰苦奋斗，已有超10,000台制药设备、药品制造系统服务于全球50多个国家和地区的近3,000家全球知名制药企业，积极投身全球制药产能基础建设，致力于成为智慧药厂的交付者、全球化药机头部企业。

---
除了为下游客户提供满足其不同应用场景的设备、仪器以及耗材以外，东富龙致力于为客户提供一站式整体解决方案。东富龙可以为客户提供符合美国FDA、欧盟GMP、中国GMP、澳大利亚TGA、世界卫生组织WHO等相关法规/标准的合规性咨询、验证和 PQS体系建立服务，帮助客户实现并维持整个产品生命周期内的GMP合规性。为客户提供咨询、设计（概念设计、基本设计、详细设计）、机电安装、项目管理、验收培训以及 CQV服务，提供空调净化系统、制药用水系统等公用设施装备以及交钥匙工程。为客户提供MES、WMS、QMS、LIMS、DMS、TMS、SCADA等各类信息化系统软件，可以为客户提供智能制造整体解决方案。服务场景覆盖所有的制药（化学原料药、生物原料药、中药提取、注射剂、口服固体制剂OSD等）、细胞与基因医疗CGT、医美等。
该图片是一张展示制药工厂内部布局的三维剖面示意图，核心对象包括制药生产线、空调净化系统、制药用水系统等公用设施装备以及各类信息化系统软件。图中详细描绘了不同生产模块之间的空间布局与连接关系，如化学原料药、生物原料药、中药提取、注射剂、口服固体制剂OSD等生产线的具体配置。此外，还展示了MES、WMS、QMS、LIMS、DMS、TMS、SCADA等信息化系统的集成应用，体现了东富龙为客户提供的一站式整体解决方案，涵盖从咨询、设计、机电安装、项目管理到验收培训及CQV服务的全流程。此图直观反映了东富龙在制药行业中的综合服务能力，特别是在符合美国FDA、欧盟GMP、中国GMP、澳大利亚TGA、世界卫生组织WHO等相关法规/标准的合规性咨询、验证和PQS体系建立方面的专业水平。

---
公司以控股子公司上海承欢轻工机械有限公司、江苏辉河包装机械有限公司、东富龙包装设备制造（江苏）有限公司为平台，从事液态食品领域的核心装备、系统方案、工艺工程及整体解决方案，为果蔬深加工产品、乳制品、饮料、酒饮类产品、生物发酵类产品、农牧产品、保健品、调味品、食品添加剂等领域提供包括工艺技术研发、工程设计、设备制造、工程安装、培训服务在内的装备及交钥匙工程服务。主要产品为液态食品前处理线、食品冻干系统、液体灌装线及无菌灌装线等包装设备。
该图片为食品工程领域的解决方案示意图，展示了公司在液态食品生产全流程中的核心装备与系统方案。图片左上角以红色圆形标识“食品工程”主题，主体内容分为三大模块：左侧为“食品前处理解决方案”，呈现了从原料接收、清洗、破碎、榨汁到过滤、浓缩等工序的完整前处理生产线布局；右上方为“液态灌装解决方案”，展示了一条包含储罐、输送、灌装、封盖等单元的连续式液态灌装线；右下方为“无菌灌装解决方案”，突出显示一台大型封闭式无菌灌装设备，强调其在高洁净环境下的操作能力。三者共同构成从原料预处理到成品灌装的完整工艺链条，体现公司在果蔬深加工、乳制品、饮料、酒饮、生物发酵、农牧产品、保健品、调味品及食品添加剂等领域提供交钥匙工程服务的能力，涵盖工艺研发、工程设计、设备制造、安装与培训等全生命周期支持。

---
公司2026年半年度实现营业收入253,457.32万元，较上年同期增长4.37%，实现归母净利润10,767.81万元，较上年同期增长134.49%，实现扣非归母净利润9,444.35万元，较上年同期增长270.73%，主要原因系：
（1）公司国际化战略布局效果显现，国际营业收入持续增长。公司实现国际营业收入103,983.34万元，较上年同期增长29.24%。公司坚持国内国际双市场驱动的战略，依靠国际化战略布局，公司积极开拓国际市场，通过交付标杆项目提升国际品牌知名度，逐步建立国际客户圈层及信任度，进一步提升国际业务收入。
（2）国内业务毛利企稳，运营效率提升。报告期内，公司实现国内营业收入149,473.97万元，国内业务毛利率为25.81%，较上年同期增长6.36%；国内市场凭着品牌优势和长期积累的客户资源，继续夯实制药装备行业市场地位。经过行业洗牌，淘汰了部分中小产能，行业集中度进一步提升，行业从“价格战”转向“价值战”，回归到靠产品为核心等差异化竞争解决客户在生产研发过程中遇到的痛点，因此报告期内公司订单质量有所提升；
（3）期间费用合计44,379.46万元，较上年同期38,860.73万元增加5,518.73万元。公司严格按照预算费用指标采取降本增效举措，严控费用支出，管理费用及销售费用均比上年同期下降，取得较好成效。财务费用3,228.28万元，较上年同期-3,253.93万元增加6,482.21万元，主要原因系①外汇汇率波动幅度较大，公司汇兑损益金额为4,526.94万元，较上年同期-742.42万元增加5,269.36万元，公司将充分利用外汇套期保值工具，降低汇率波动对财务费用的影响。②利息收入较上年同期减少1,010.33万元。
报告期内，公司实现的部分重大产品及系统的研发和交付：

---
## 主要财务数据同比变动情况

单位：元

|  | 本报告期 | 上年同期 | 同比增减 | 变动原因 |
| :--: | :--: | :--: | --: | :--: |
| 营业收入 | 2,534,573,184.09 | 2,428,518,866.54 | 4.37% |  |
| 营业成本 | 1,719,246,453.48 | 1,726,151,588.76 | -0.40% |  |
| 销售费用 | 136,115,354.66 | 143,379,487.28 | -5.07% |  |
| 管理费用 | 275,396,475.98 | 277,767,094.01 | -0.85% |  |
| 财务费用 | 32,282,768.33 | -32,539,322.75 | -199.21% | 主要因本期利息收入及汇 兑损益综合影响所致。 |
| 所得税费用 | 22,767,760.29 | 20,090,048.29 | 13.33% |  |
| 研发投入 | 143,617,571.07 | 158,451,587.98 | -9.36% |  |
| 经营活动产生的现金流量净额 | 91,104,156.17 | 276,361,353.22 | -67.03% | 主要系本期订单交付预先 支付的购买商品、税费增加等共同影响所致。 |
| 投资活动产生的现金流量净额 | -438,153,643.64 | 112,887,421.59 | -488.13% | 主要系本期购买定期存 款、大额存单、理财的投资收益现金较上期增加、购建固定资产、无形资产支出减少等共同影响所 致。 |
| 筹资活动产生的现金流量净额 | -41,339,417.87 | -22,983,776.47 | 79.86% | 主要系子公司取得借款增 加、偿还债务增加等共同 影响所致。 |
| 现金及现金等价物净增加额 | -413,943,159.31 | 376,463,122.70 | -209.96% |  |

---
## 占比10%以上的产品或服务情况

单位：元

<table id='a3c34f315a785e43d6af03e4a2d2cc9a' titleId='428a1cfe-3694-4479-97c5-cad936c11445' headId='a3c34f315a785e43d6af03e4a2d2cc9a'>
  <tr>
    <td></td>
    <td>营业收入</td>
    <td>营业成本</td>
    <td>毛利率</td>
    <td>营业收入比上年同期增减</td>
    <td>营业成本比上年同期增减</td>
    <td>毛利率比上年同期增减</td>
  </tr>
  <tr>
    <td colspan=""7"">分产品或服务</td>
  </tr>
  <tr>
    <td>制剂装备事业部</td>
    <td>1,109,792,507.86</td>
    <td>736,358,660.20</td>
    <td>33.65%</td>
    <td>1.73%</td>
    <td>3.30%</td>
    <td>-1.01%</td>
  </tr>
  <tr>
    <td>生物工艺装备及耗材事业部</td>
    <td>716,140,623.72</td>
    <td>455,382,306.75</td>
    <td>36.41%</td>
    <td>-1.15%</td>
    <td>-23.17%</td>
    <td>18.22%</td>
  </tr>
  <tr>
    <td>制药工程事业部</td>
    <td>293,296,867.68</td>
    <td>250,320,316.30</td>
    <td>14.65%</td>
    <td>31.40%</td>
    <td>46.76%</td>
    <td>-8.93%</td>
  </tr>
  <tr>
    <td>食品工程及装备事业部</td>
    <td>256,441,606.27</td>
    <td>186,938,998.57</td>
    <td>27.10%</td>
    <td>15.32%</td>
    <td>16.30%</td>
    <td>-0.62%</td>
  </tr>
  <tr>
    <td>售后服务与配件</td>
    <td>155,873,586.76</td>
    <td>89,188,856.22</td>
    <td>42.78%</td>
    <td>-5.77%</td>
    <td>0.59%</td>
    <td>-3.62%</td>
  </tr>
  <tr>
    <td>其他业务收入</td>
    <td>3,027,991.80</td>
    <td>1,057,315.44</td>
    <td>65.08%</td>
    <td>43.57%</td>
    <td>60.82%</td>
    <td>-3.75%</td>
  </tr>
  <tr>
    <td colspan=""7"">分地区</td>
  </tr>
  <tr>
    <td>国内</td>
    <td>1,494,739,735.34</td>
    <td>1,108,897,642.98</td>
    <td>25.81%</td>
    <td>-7.96%</td>
    <td>-15.23%</td>
    <td>6.36%</td>
  </tr>
  <tr>
    <td>国际</td>
    <td>1,039,833,448.75</td>
    <td>610,348,810.50</td>
    <td>41.30%</td>
    <td>29.24%</td>
    <td>45.98%</td>
    <td>-6.73%</td>
  </tr>
  <tr>
    <td colspan=""7"">分销售模式</td>
  </tr>
  <tr>
    <td>直销</td>
    <td>2,534,573,184.09</td>
    <td>1,719,246,453.48</td>
    <td>32.17%</td>
    <td>4.37%</td>
    <td>-0.40%</td>
    <td>3.25%</td>
  </tr>
</table>

> Note: merged cells detected, rendered as HTML table.

---
五、资产及负债状况分析
2、主要境外资产情况
□适用不适用
六、投资状况分析
2、报告期内获取的重大的股权投资情况
□适用不适用
3、报告期内正在进行的重大的非股权投资情况
□适用不适用
5、募集资金使用情况
适用 □不适用
（3） 募集资金变更项目情况
□适用 不适用
公司报告期不存在募集资金变更项目情况。
6、委托理财、衍生品投资情况
（2） 衍生品投资情况
适用 □不适用
2） 报告期内以投机为目的的衍生品投资
□适用 不适用
公司报告期不存在以投机为目的的衍生品投资。
七、重大资产和股权出售
1、出售重大资产情况
□适用 不适用
公司报告期未出售重大资产。
2、出售重大股权情况
□适用 不适用
九、公司控制的结构化主体情况
□适用 不适用

---
## 募集资金总体使用情况

单位：万元

| 募集年份 | 募集方式 | 证券上市日期 | 募集资金总额 | 募集资金净额（1） | 本期已使用募集资金总额 | 已累计使用募集资金总额（2） | 报告期末募集资金使用比例（3）=（2）/（1） | 报告期内变更用途的募集资金总额 | 累计变更用途的募集资金总额 | 累计变更用途的募集资金总额比例 | 尚未使用募集资金总额 | 尚未使用募集资金用途及去向 | 闲置两年以上募集资金金额 |
| :--: | :--: | :--: | --: | :--: | --: | --: | :--: | :--: | :--: | :--: | :--: | :--: | --: |
| 2011 | 首次公 开发行 | 2011年02月01 日 | 172,000.00 | 157,052.82 | 0 | 173,032.29 | 110.17% | 0 | 0 | 0.00% | 18,222.25 | 存放于募集资金专户用于现 金管理 | 0 |
| 2022 | 向特定 对象发 行股票 | 2023年01月13日 | 246,840.00 | 242,831.35 | 4,238.38 | 158,210.06 | 65.15% | 0 | 0 | 0.00% | 92,861.72 | 在保证募投项目资金使用计 划的同 时，使用闲置募集资金进行 现金管 理，提高资金的使 用效率 | 0 |
| 合计 | -- | -- | 418,840.00 | 399,884.17 | 4,238.38 | 331,242.35 | 82.83% | 0 | 0 | 0.00% | 111,083.97 | -- | 0 |

---
## 募集资金承诺项目情况

单位：万元

<table id='eeef4ed3a52b95c83e6293b327a7d014' titleId='f02978f5-9371-4358-95d4-54050645fc87' headId='eeef4ed3a52b95c83e6293b327a7d014'>
  <tr>
    <td>融资项目名称</td>
    <td>证券上市日期</td>
    <td>承诺投资项目和超募资金投向</td>
    <td>项目性质</td>
    <td>是否已变更项目(含部分变更)</td>
    <td>募集资金承诺投资总额</td>
    <td>调整后投资总额(1)</td>
    <td>本报告期投入金额</td>
    <td>截至期末累计投入金额(2)</td>
    <td>截至期末投资进度(3)＝(2)/(1)</td>
    <td>项目达到预定可使用状态日期</td>
    <td>本报告期实现的效益</td>
    <td>截止报告期末累计实现的效益</td>
    <td>是否达到预计效益</td>
    <td>项目可行性是否发生重大变化</td>
  </tr>
  <tr>
    <td colspan=""15"">承诺投资项目</td>
  </tr>
  <tr>
    <td>2011年首次公 开发 行股 票</td>
    <td>2011 年02 月01日</td>
    <td>无菌冻干制药装备系统 集成 产业化项目</td>
    <td>生产 建设</td>
    <td>否</td>
    <td>29,600</td>
    <td>29,600</td>
    <td>0</td>
    <td>16,037.80</td>
    <td>54.18%</td>
    <td>2015年03月31日</td>
    <td>7,211.45</td>
    <td>140,470.12</td>
    <td>是</td>
    <td>否</td>
  </tr>
  <tr>
    <td>2011年首次公 开发 行股 票</td>
    <td>2011 年02 月01日</td>
    <td>制药装备容器 制造 生产 基地</td>
    <td>生产 建设</td>
    <td>否</td>
    <td>13,566.70</td>
    <td>13,566.70</td>
    <td>0</td>
    <td>13,587.41</td>
    <td>100.00%</td>
    <td>2013年09月30日</td>
    <td>2,330.32</td>
    <td>28,109.59</td>
    <td>否</td>
    <td>否</td>
  </tr>
  <tr>
    <td></td>
    <td></td>
    <td>建设项目 （注 ①）</td>
    <td></td>
    <td></td>
    <td></td>
    <td></td>
    <td></td>
    <td></td>
    <td></td>
    <td></td>
    <td></td>
    <td></td>
    <td></td>
    <td></td>
  </tr>
  <tr>
    <td>2022年向特定对象发行股票</td>
    <td>2023年01月13 日</td>
    <td>生物 制药装备产业试制中心项目</td>
    <td>研发生产</td>
    <td>否</td>
    <td>53,000</td>
    <td>53,000</td>
    <td>646.81</td>
    <td>20,058.78</td>
    <td>37.85%</td>
    <td>2027年03月24日</td>
    <td>0</td>
    <td>0</td>
    <td>不适 用</td>
    <td>否</td>
  </tr>
  <tr>
    <td>2022年向特定对象发行股票</td>
    <td>2023年01月13 日</td>
    <td>江苏生物 医药装备产业 化基 地项目</td>
    <td>生产 建设</td>
    <td>否</td>
    <td>99,000</td>
    <td>62,000</td>
    <td>928.59</td>
    <td>37,572.83</td>
    <td>60.60%</td>
    <td>2027年01月10日</td>
    <td>0</td>
    <td>0</td>
    <td>不适 用</td>
    <td>否</td>
  </tr>
  <tr>
    <td>2022年向特定对象发行股票</td>
    <td>2023年01月13 日</td>
    <td>浙江东富龙生 物技 术有 限公 司生 命科 学产 业化 基地 项目</td>
    <td>生产 建设</td>
    <td>否</td>
    <td>125,000</td>
    <td>86,000</td>
    <td>2,662.98</td>
    <td>58,747.1</td>
    <td>68.31%</td>
    <td>2027年07月15日</td>
    <td>0</td>
    <td>0</td>
    <td>不适 用</td>
    <td>否</td>
  </tr>
  <tr>
    <td>2022年向特定对象发行股票</td>
    <td>2023年01月13 日</td>
    <td>补充 流动 资金</td>
    <td>补流</td>
    <td>否</td>
    <td>43,000</td>
    <td>41,831.35</td>
    <td></td>
    <td>41,831.35</td>
    <td>100.00%</td>
    <td></td>
    <td></td>
    <td></td>
    <td>不适 用</td>
    <td>否</td>
  </tr>
  <tr>
    <td colspan=""4"">承诺投资项目小计</td>
    <td>--</td>
    <td colspan=""2"">363,166.70 285,998.05</td>
    <td>4,23</td>
    <td>8.38187,835.27</td>
    <td>--</td>
    <td>--</td>
    <td>9,541.77</td>
    <td>168,579.71</td>
    <td>--</td>
    <td>--</td>
  </tr>
  <tr>
    <td colspan=""15"">超募资金投向</td>
  </tr>
  <tr>
    <td>2011年首次公开发行股票</td>
    <td>2011 年02 月01日</td>
    <td>设立 上海东富龙德 惠空 调设 备有限公司</td>
    <td>投资并购</td>
    <td>否</td>
    <td>4,900</td>
    <td>4,900</td>
    <td></td>
    <td>4,900</td>
    <td>100.00%</td>
    <td>2012年 06月30日</td>
    <td>388.58</td>
    <td>14,626.32</td>
    <td>不适 用</td>
    <td>否</td>
  </tr>
  <tr>
    <td>2011年首次公开发行股票</td>
    <td>2011 年02 月01日</td>
    <td>补充 流动 资金</td>
    <td>补流</td>
    <td>否</td>
    <td>20,000</td>
    <td>20,000</td>
    <td></td>
    <td>20,000</td>
    <td>100.00%</td>
    <td></td>
    <td></td>
    <td></td>
    <td>不适 用</td>
    <td>否</td>
  </tr>
  <tr>
    <td>2011年首次公开发行股票</td>
    <td>2011 年02 月01日</td>
    <td>收购 上海典范医疗科技有限公司并增资</td>
    <td>投资并购</td>
    <td>否</td>
    <td>3,000</td>
    <td>3,000</td>
    <td></td>
    <td>3,000</td>
    <td>100.00%</td>
    <td></td>
    <td></td>
    <td>9,428.22</td>
    <td>不适 用</td>
    <td>否</td>
  </tr>
  <tr>
    <td>2011年首次公开发行股票</td>
    <td>2011年02月01日</td>
    <td>收购上海瑞派机械有限公司并增资</td>
    <td>投资 并购</td>
    <td>否</td>
    <td>4,895</td>
    <td>4,895</td>
    <td></td>
    <td>4,895</td>
    <td>100.00%</td>
    <td></td>
    <td>2,070.01</td>
    <td>4,077.31</td>
    <td>不适 用</td>
    <td>否</td>
  </tr>
  <tr>
    <td>2011年首次公开发行股票</td>
    <td>2011年02月01日</td>
    <td>购买医谷·现代商务园（二期）房屋一幢</td>
    <td>投资并购</td>
    <td>否</td>
    <td>2,659.72</td>
    <td>2,659.72</td>
    <td></td>
    <td>2,659.72</td>
    <td>100.00%</td>
    <td></td>
    <td></td>
    <td></td>
    <td>不适 用</td>
    <td>否</td>
  </tr>
  <tr>
    <td>2011年首次公开发行股票</td>
    <td>2011年02月01日</td>
    <td>购买武汉九龙生物产业基地生物医药产业园加速器二期的房屋一幢</td>
    <td>投资并购</td>
    <td>否</td>
    <td>1,638.60</td>
    <td>1,638.60</td>
    <td></td>
    <td>1,633.40</td>
    <td>99.68%</td>
    <td></td>
    <td></td>
    <td></td>
    <td>不适 用</td>
    <td>否</td>
  </tr>
  <tr>
    <td>2011年首次公开发行股票</td>
    <td>2011年02月01日</td>
    <td>增资上海东富龙智能控制技术有限公司</td>
    <td>投资 并购</td>
    <td>否</td>
    <td>9,900</td>
    <td>9,900</td>
    <td></td>
    <td>9,900</td>
    <td>100.00%</td>
    <td></td>
    <td>109.55</td>
    <td>-2,589.24</td>
    <td>不适 用</td>
    <td>否</td>
  </tr>
  <tr>
    <td>2011年首次公开发行股票</td>
    <td>2011年02月01日</td>
    <td>设立上海东富龙医疗科技产业发展有限公司</td>
    <td>投资并购</td>
    <td>否</td>
    <td>50,000</td>
    <td>50,000</td>
    <td></td>
    <td>50,000</td>
    <td>100.00%</td>
    <td>2020年10月20日</td>
    <td>39.59</td>
    <td>23,118.99</td>
    <td>不适 用</td>
    <td>否</td>
  </tr>
  <tr>
    <td>2011年首次公开发行股票</td>
    <td>2011年02月01日</td>
    <td colspan=""2"">增资上海诺诚电气 投资有限 并购公司（注②）</td>
    <td>否</td>
    <td>3,500</td>
    <td>0</td>
    <td></td>
    <td>0</td>
    <td>0.00%</td>
    <td>2020年12月18日</td>
    <td></td>
    <td></td>
    <td>不适 用</td>
    <td>否</td>
  </tr>
  <tr>
    <td>2011年首次公开发行股票</td>
    <td>2011年02月01日</td>
    <td colspan=""2"">收购上海驭发制药 投资有限 并购公司40%股权</td>
    <td>否</td>
    <td>3,600</td>
    <td>3,558.96</td>
    <td></td>
    <td>3,558.96</td>
    <td>100.00%</td>
    <td></td>
    <td>1,306.59</td>
    <td>23,780.18</td>
    <td>不适 用</td>
    <td>否</td>
  </tr>
  <tr>
    <td>2011年首次公开发行股票</td>
    <td>2011年02月01日</td>
    <td colspan=""2"">增资上海承欢投资轻工并购机械有限公司</td>
    <td>否</td>
    <td>3,610</td>
    <td>3,610</td>
    <td></td>
    <td>3,610</td>
    <td>100.00%</td>
    <td></td>
    <td>1,954.03</td>
    <td>9,773.41</td>
    <td>不适 用</td>
    <td>否</td>
  </tr>
  <tr>
    <td>2011年首次公开发行股票</td>
    <td>2011年02月01日</td>
    <td colspan=""2"">收购东富龙德投资惠设并购备15%股权</td>
    <td>否</td>
    <td>2,250</td>
    <td>2,250</td>
    <td></td>
    <td>2,250</td>
    <td>100.00%</td>
    <td></td>
    <td></td>
    <td></td>
    <td>不适 用</td>
    <td>否</td>
  </tr>
  <tr>
    <td>2011年首次公开发行股票</td>
    <td>2011年02月01日</td>
    <td colspan=""2"">增资上海东富龙制投资药设并购备制造有限公司</td>
    <td>否</td>
    <td>37,000</td>
    <td>37,000</td>
    <td></td>
    <td>37,000</td>
    <td>100.00%</td>
    <td></td>
    <td></td>
    <td></td>
    <td>不适 用</td>
    <td>否</td>
  </tr>
  <tr>
    <td colspan=""4"">超募资金投向小计</td>
    <td>--</td>
    <td>146,953.32</td>
    <td>143,412.28</td>
    <td>0</td>
    <td>143,407.08</td>
    <td>--</td>
    <td>--</td>
    <td>5,868.35</td>
    <td>82,215.19</td>
    <td>--</td>
    <td>--</td>
  </tr>
  <tr>
    <td colspan=""4"">合计</td>
    <td>--</td>
    <td>510,120.02</td>
    <td>429,410.33</td>
    <td>4,238.38</td>
    <td>331,242.35</td>
    <td>--</td>
    <td>--</td>
    <td>15,410.12</td>
    <td>250,794.90</td>
    <td>--</td>
    <td>--</td>
  </tr>
  <tr>
    <td colspan=""2"">分项目说明未达到计划进度、预计收益的情况和原因（含“是否达到预计效益”选择“不适用”的原因）</td>
    <td colspan=""13"">1、报告期内，制药装备容器制造生产基地建设项目（一期）未达到预期收益的主要原因：制药设备容器基础制造毛利率相对偏低，报告期内未能达到预计收益。<br>2、（1）生物制药装备产业试制中心项目：在项目的实施过程中，由于项目工程量大，采用异形钢结构及全幕墙的设计特点，施工过程中受结构的复杂性及专项评审的调整变动影响，施工进度受到一定程度的影响，实际投资进度较原计划略有延迟。<br>（2）江苏生物医药装备产业化基地项目、浙江东富龙生物技术有限公司生命科学产业化基地项目：在实际执行过程中受制药装备行业市场环境变化等客观因素影响，公司结合实际的经济环境及市场需求的实时变化， 灵活、适度控制投资节奏，在配套设施的建设投入和生产相关设备的购置投入更为谨慎，项目实施进度有所放缓，实际投资进度较原计划略有延迟。</td>
  </tr>
  <tr>
    <td colspan=""2"">项目可行性发生重大变化的情况说明</td>
    <td colspan=""13"">报告期内不存在此情况</td>
  </tr>
  <tr>
    <td colspan=""2"" rowspan=""2"">超募资金的金额、用途</td>
    <td colspan=""13"">适用</td>
  </tr>
  <tr>
    <td colspan=""13"">一、2011年公开发行募集资金</td>
  </tr>
  <tr>
    <td colspan=""2"">及使用进展情况</td>
    <td colspan=""13"">公司发行新股取得募集资金净额157,052.82万元，除公司募投项目43,166.70万元外，尚有超募资金人民币 113,886.12万元。无菌冻干制药装备系统集成产业化项目于2015年3月31日结项，结余的募集资金共计 16,531.36万元转入超募资金账户进行管理。截至2026年06月30日，超募资金规划投向为143,412.28万元，实际使用143,407.08万元，超募资金本金已全部使用完毕，结余金额为累计留存利息和理财收益。累计超募资金实际使用情况如下：<br>（1）2011年公司第二届董事会第七次（临时）会议审议通过了《关于签署收购德惠资产框架协议的议案》 和《关于使用4,900万元超募资金投资设立全资子公司的议案》。2011年10月17日公司已出资人民币4,900万元设立上海东富龙德惠空调设备有限公司。上海东富龙德惠空调设备有限公司于2011年11月4日出资人民币2,000万元投资设立上海东富龙德惠净化空调工程安装有限公司。<br>（2）2011年公司第二届董事会第七次（临时）会议审议通过了《关于使用20,000万元超募资金永久补充流动资金的议案》。2011年11月16日公司已将人民币20,000万元超募资金补充流动资金。本公司独立董事、 监事及招商证券均同意使用部分超募资金设立全资子公司，以及使用部分超募资金永久性补充流动资金的使用计划。<br>（3）2013年公司第二届董事会第二十六次（临时）会议审议通过了《关于使用超募资金收购上海典范医疗科技有限公司部分股权并增资的议案》，公司使用超募资金合计3,000万元投资上海典范医疗科技有限公司，其中出资2,400万元收购部分股权，并单向增资600万元，本次收购股权及增资后，持有上海典范医疗科技有限公司51.72%股权。公司已支付增资款及股权转让款3,000万元。公司独立董事、招商证券同意上述事 项。2025年度，公司为聚焦主业，加强管理协同，经评估后以上海典范医疗科技有限公司整体估值13,500万元，对外转让持有的上海典范医疗科技有限公司89.7241%股权。公司已全额收到股权转让款，并存放于上海东富龙医疗科技产业发展有限公司基本户。<br>（4）2014年公司第三届董事会第四次（临时）会议审议通过《公司使用部分超募资金购买固定资产的议 案》，同意公司使用超募资金26,597,160元购买医谷•现代商务园（二期）房屋建筑一幢，房屋建筑面积：<br>1970.16平方米。公司已使用26,597,160元支付房屋价款。本公司独立董事、招商证券同意上述事项。<br>（5）2014年公司第三届董事会第六次（临时）会议审议通过《关于公司使用部分超募资金收购上海瑞派机械有限公司100%股权并增资的议案》，公司使用超募资金合计4,895万元投资上海瑞派机械有限公司（现更名为上海东富龙制药设备工程有限公司），其中出资3,395万元收购100%股权，增资1,500万元用于补充流动资金。公司已支付增资款1,500万元及股权转让款3,395万元合计4,895万元。本公司独立董事、招商证券同意上述事项。<br>（6）2014年公司第三届董事会第六次（临时）会议审议通过《关于公司使用部分超募资金购买固定资产的议案》，同意公司使用超募资金16,385,982元购买位于武汉九龙生物产业基地生物医药产业园加速器二期的房屋建筑一幢，建筑面积3562.17平方米。本公司独立董事、招商证券同意上述事项。公司已使用16,334,002 元支付房屋价款。<br>（7）2015年公司第三届董事会第十二次会议审议通过《关于使用超募资金增资上海东富龙信息技术有限公司并更名为上海东富龙智能控制技术有限公司的议案》，同意公司使用超募资金9,900万元增资上海东富龙信息技术有限公司并更名为上海东富龙智能控制技术有限公司，该议案经公司2014年年度股东大会审议通过。公司已支付增资款9,900万元。本公司独立董事、招商证券同意上述事项。<br>（8）2015年公司第三届董事会第十二次会议审议通过《关于使用超募资金投资设立上海东富龙医疗健康产业发展有限公司的议案》，同意公司使用超募资金50,000万元设立上海东富龙医疗科技产业发展有限公司， 该议案经公司2014年年度股东大会审议通过。公司已支付投资款50,000万元。本公司独立董事、招商证券同意上述事项。<br>（9）2015年5月25日，经公司第三届董事会第十三次（临时）会议审议通过《关于使用超募资金参股投资上海诺诚电气有限公司的议案》，同意公司使用超募资金3,500万元参股投资上海诺诚电气有限公司，持有 14.77%股权，公司已支付投资款3,500万元。2018年6月28日，公司与诺诚电气董事长茆顺明先生签订股权转让协议，约定公司将持有的437.5万股作价3,500万元（每股人民币8元）转让给茆顺明或其指定的第三 方。公司累计转让437.5万股，作价人民币3,500万元，收到股权回购款共计人民币3,500万元，上述款项已返还超募资金账户。<br>（10）2016年公司第三届董事会第十九次（临时）会议决议通过《关于公司使用超募资金3,600万元收购驭发制药40%股权的议案》（现更名为东富龙包装技术（上海）有限公司）。2019年公司第四届董事会第十七次（临时）会议决议通过《关于变更部分超募资金投资项目使用金额的议案》，将原投资额3,600万元调整至 3,558.96万元，公司已支付转让款3,558.96万。本公司独立董事、招商证券同意上述事项。<br>（11）2017年公司第四届董事会第四次（临时）会议决议通过《关于公司使用超募资金对外投资的议案》， 同意公司使用超募资金3,610万元增资上海承欢轻工机械有限公司，增资后持有上海承欢轻工机械有限公司51%股权。公司已支付增资款3,610万元。本公司独立董事、招商证券同意上述事项。<br>（12）2018年公司第四届董事会第十二次（临时）会议决议通过《关于使用超募资金收购东富龙德惠设备 15%股权的议案》，同意公司使用超募资金2,250万元收购上海东富龙德惠空调设备有限公司15%的股权，公司已支付款项2,250万元。本次收购完成后，上海东富龙德惠空调设备有限公司成为公司全资子公司。本公司独立董事、招商证券同意上述事项。<br>（13）2021年公司第五届董事会第十次会议决议通过《关于使用超募资金对外投资的议案》，同意公司拟使</td>
  </tr>
  <tr>
    <td colspan=""2""></td>
    <td colspan=""13"">用超募资金37,000万元增资公司全资子公司上海东富龙制药设备制造有限公司，用于投资建设生物制药系统装备产业化项目。该议案已通过2020年年度股东大会审议。公司已支付增资款37,000万元。本公司独立董事、招商证券同意上述事项。<br>二、2022 年向特定对象发行募集资金<br>不适用。</td>
  </tr>
  <tr>
    <td colspan=""2"">存在擅自变更募集资金用途、违规占用募集资金的情形</td>
    <td colspan=""13"">不适用</td>
  </tr>
  <tr>
    <td colspan=""2"" rowspan=""3"">募集资金投资项目实施地点变更情况</td>
    <td colspan=""13"">适用</td>
  </tr>
  <tr>
    <td colspan=""13"">以前年度发生</td>
  </tr>
  <tr>
    <td colspan=""13"">一、2011年公开发行募集资金<br>经本公司2011年10月8日召开第二届董事会第七次（临时）会议，同意将募集资金投资项目“无菌冻干制药装备系统集成产业化项目”实施地点由上海市闵行区都会路1509号变更为上海市闵行区都会路139号。本公司独立董事、监事及招商证券均同意公司本次募投项目实施地点的变更。<br>二、2022年向特定对象发行募集资金<br>不适用。</td>
  </tr>
  <tr>
    <td colspan=""2"">募集资金投资项目实施方式调整情况</td>
    <td colspan=""13"">不适用</td>
  </tr>
  <tr>
    <td colspan=""2"" rowspan=""2"">募集资金投资项目先期投入及置换情况</td>
    <td colspan=""13"">适用</td>
  </tr>
  <tr>
    <td colspan=""13"">一、2011年公开发行募集资金<br>制药装备容器制造生产基地建设项目（一期）在募集资金实际到位之前已由公司全资子公司上海东富龙制药设备制造有限公司利用自筹资金先行投入，截至2011年5月27日，自筹资金累计投入1,751.59万元。该事项经立信会计师事务所（特殊普通合伙）进行验证，并出具《关于上海东富龙科技股份有限公司以自筹资金预先投入募投项目的鉴证报告》（信会师报字[2011]第12798号）。公司第二届董事会第四次（临时）会议审议通过了《关于使用募集资金置换预先投入募集资金投资项目的自筹资金的议案》，同意公司使用募集资金 1,751.59万元置换预先投入募投项目同等金额的自筹资金。本公司独立董事、监事及保荐机构均同意公司以募集资金1,751.59万元置换预先已投入募集资金投资项目的自筹资金。2011年6月22日，公司已完成相关募集资金的置换。<br>二、2022年向特定对象发行募集资金<br>本次募集资金投资项目在募集资金实际到位之前公司已利用自筹资金先行投入。截至2023年1月6日，公司预先投入募投项目自筹资金17,381.34万元，预先支付发行费用347.61万元（不含增值税）。该事项经立信会计师事务所（特殊普通合伙）进行验证，并出具《东富龙科技集团股份有限公司募集资金置换专项鉴证报告》（信会师报字[2023]第ZA10007号）。公司于2023年1月10日召开第五届董事会第二十二次（临时）会议， 审议通过《关于使用募集资金置换已支付发行费用及预先投入募投项目自筹资金的议案》，同意公司使用募集资金置换已支付发行费用347.61万元（不含增值税）以及预先投入募投项目自筹资金17,381.34万元。公司 独立董事、监事及保荐机构均同意上述事项。截至2023年2月8日，公司已完成相关募集资金的置换。</td>
  </tr>
  <tr>
    <td colspan=""2"">用闲置募集资金暂时补充流动资金情况</td>
    <td colspan=""13"">不适用</td>
  </tr>
  <tr>
    <td colspan=""2"" rowspan=""2"">项目实施出现募集资金结余的金额及原因</td>
    <td colspan=""13"">适用</td>
  </tr>
  <tr>
    <td colspan=""13"">一、2011年公开发行募集资金<br>1、制药装备容器制造生产基地建设项目（一期）（以下简称“制药装备一期”）<br>（1）结余情况：制药装备一期已建设完工，截至2013年9月30日，募投项目专用账户结余总额为<br>50,769,079.84元，扣除未支付的质保金和余款后，制药装备一期使用募集资金结余净额为45,934,733.84元 （含募集资金利息净收入），该事项已经立信会计师事务所（特殊普通合伙）确认，并出具《募投项目使用募集资金结余情况专项说明鉴证报告》（信会师报字[2013]第114021号）。<br>（2）结余原因<br>①公司在实施本项目建设过程中，严格按照募集资金管理的有关规定谨慎使用募集资金，按照投资预算控制募集资金投入；<br>②在项目建设过程中，计划采购的生产工艺设备因市场变化和新产品的不断推出，设备性能提高，价格下 降，使得设备购置资金投入比预算减少；</td>
  </tr>
  <tr>
    <td colspan=""2""></td>
    <td colspan=""13"">③本项目建设过程中，本公司的压力容器生产仍需继续，为了应对不断增长的市场需求，原计划在项目基本建成后购买的部分设备，提前由本公司采购并投入使用。本项目基本建成后，压力容器车间整体由闵行区搬迁至位于金山区的上海东富龙制药设备制造有限公司，原有的容器制造专用设备尚具备使用价值，为有效节约生产成本并最大化利用现有资源，上海东富龙制药设备制造有限公司利用自有资金从本公司购买上述设 备，因此节约了原计划购置设备的部分募集资金。<br>（3）公司第二届董事会第二十五次(临时)会议和2013年第一次临时股东大会审议通过《关于制药装备容器制造生产基地建设项目（一期）募投项目结项的议案》和《关于使用募投项目结余资金投资制药装备容器制造生产基地建设项目（二期）的议案》，同意制药装备容器制造生产基地建设项目（一期）结项，并用结余资金4,593.48万元（含募集资金利息净收入）启动制药装备容器制造生产基地建设项目（二期）。本公司独立董事、监事和招商证券均同意上述事项。<br>2、无菌冻干制药装备系统集成产业化项目（以下简称“无菌冻干制药集成项目”）<br>（1）结余情况：无菌冻干制药集成项目已建设完工，截至2015年3月31日，“无菌冻干制药集成项目”募投项目实际投资总额为160,712,363.41元，占承诺投入金额54.29%，其中已投入（付款）总额为147,778,672.01元，未付款的质保金及余款12,933,691.40 元。“无菌冻干制药集成项目”结余资金净额为135,287,636.59 元， 包括利息净收入的结余款为165,313,628.05元。该事项已经立信会计师事务所（特殊普通合伙）确认，并出具《募投项目使用募集资金结余情况专项说明鉴证报告》（信会师报字[2015]第112765号）。<br>（2）结余原因：<br>①公司在实施本项目建设过程中，严格按照募集资金管理的有关规定谨慎使用募集资金，按照投资预算控制募集资金投入；<br>②基于本项目建设地点变更及政府行政审批进程缓慢，导致项目生产建设周期一再延长，在项目建设过程 中，原计划采购的生产工艺及研发测试设备因市场变化和新产品的不断推出，设备性能提高，价格下降，同时根据市场变化优化项目所需各类设备配置，使得设备购置资金投入比预算减少；<br>③基于本项目建设地点变更，项目原有规划也做了相应调整，房屋结构及规划更加优化，土建及装修等基建成本有所下降；<br>④本项目建设过程中，为了快速应对不断增长的市场需求，公司的冻干系统装备生产及研发需要提前布局及投入，原计划在项目基本建成后购买的部分设备，提前由公司使用自有资金采购并投入使用。因此节约了原计划购置设备的部分募集资金；<br>⑤位于上海市闵行区都会路139号二期的生物制药冻干系统配套建设项目，是本项目的配套辅助工程，公司已使用自有资金购置相应的配套设备，故该项目也相应减少了配套设备的采购。<br>（3）公司第三届董事会第十二次会议和2014年年度股东大会审议通过《关于无菌冻干制药装备系统集成产业化募投项目结项的议案》，同意无菌冻干制药装备系统集成产业化募投项目结项，鉴于公司上述募投项目已实施完毕，为方便公司资金管理，提高资金的利用效率，提升经营效益，根据《深圳证券交易所创业板股票上市规则》、《深圳证券交易所创业板上市公司规范运作指引》等法律法规、规范性文件的规定以及《公司章程》、《募集资金管理办法》的规定，公司将无菌冻干制药装备系统集成产业化项目结余的募集资金共计 16,531.36万元转入超募资金账户进行管理并用于公司主营业务发展及相关产业投资。本公司独立董事、监事和招商证券均同意上述事项。<br>二、2022 年向特定对象发行募集资金<br>不适用。</td>
  </tr>
  <tr>
    <td colspan=""2"">尚未使用的募集资金用途及去向</td>
    <td colspan=""13"">剩余尚未使用的募集资金存放于募集资金专户将用于募投项目的建设，闲置募集资金或用于购买定期存款、 大额存单、低风险保本型理财产品等。<br>公司第六届董事会第二十一次（临时）会议审议通过《关于公司使用闲置募集资金及自有资金进行现金管理的议案》，同意公司及控股子公司使用不超过人民币壹拾壹亿元的闲置募集资金，使用不超过人民币贰拾贰亿元的闲置自有资金进行现金管理，上述额度自2025年1月24日召开的第六届董事会第十五次（临时）会议审议通过的现金管理额度有效期限届满之日（即2026年1月30日）起12个月内有效，在上述额度内，资金可以滚动使用。公司董事、保荐机构均同意上述事项。<br>截至报告期末，公司使用暂时闲置募集资金进行现金管理方式主要为大额存单，处于存续期的大额存单为 64,000.00万元。公司部分银行账户签订协定存款协议。报告期内，公司购买的已经到期理财产品情况如下：<br>（1）东富龙科技集团股份有限公司2026年使用16,000万元购买宁波银行发行的单位结构性存款（产品编 号：7202601379），产品有效期为2026年2月6日-2026年2月27日，预期年化收益率为0.50%-1.75%- 1.85%。观察价格为观察期间内北京时间每日14时彭博页面 EUR CURNCY BPIX 公布的欧元兑美元即期价 格。到期收回本金，取得收益161,095.89元。<br>（2）东富龙科技集团股份有限公司2026年使用7,000万元购买宁波银行发行的单位结构性存款（产品编 号：7202601486），产品有效期为2026年2月12日-2026年2月26日，预期年化收益率为0.50%-1.70%- 1.80%。观察价格为观察期间内北京时间每日14时彭博页面 AUD CURNCY BPIX 公布的澳元兑美元即期价 格。到期收回本金，取得收益45,643.84元。<br>（3）东富龙科技集团股份有限公司2026年使用7,000万元购买宁波银行发行的单位结构性存款（产品编 号：7202601561），产品有效期为2026年3月2日-2026年3月30日，预期年化收益率为0.75%-1.90%- 2.00%。观察价格为观察期间内北京时间每日14时彭博页面 AUD CURNCY BFIX 公布的澳元兑美元即期价</td>
  </tr>
  <tr>
    <td colspan=""2""></td>
    <td colspan=""13"">格。到期收回本金，取得收益102,124.62元。<br>（4）东富龙科技集团股份有限公司2026年使用15,000万元购买宁波银行发行的单位结构性存款（产品编号：7202601581），产品有效期为2026年3月3日-2026年3月31日，预期年化收益率为0.50%-1.70%- 1.80%。观察价格为观察期间内北京时间每日14时彭博页面 AUD CURNCY BFIX 公布的澳元兑美元即期价 格。到期收回本金，取得收益195,616.44元。<br>（5）东富龙科技集团股份有限公司2026年使用20,000万元购买宁波银行发行的单位结构性存款（产品编号：7202601912），产品有效期为2026年4月2日-2026年4月30日，预期年化收益率为0.50%-1.90%- 2.00%。观察价格为观察期间内北京时间每日14时彭博页面 AUD CURNCY BFIX 公布的澳元兑美元即期价 格。到期收回本金，取得收益291,506.85元。<br>（6）东富龙科技集团股份有限公司2026年使用20,000万元购买宁波银行发行的单位结构性存款（产品编号：7202602567），产品有效期为2026年6月1日-2026年6月29日，预期年化收益率为0.85%-1.90%- 2.00%。观察价格为观察期间内北京时间每日14时彭博页面 AUD CURNCY BFIX 公布的澳元兑美元即期价格。到期收回本金，取得收益291,506.85元。</td>
  </tr>
  <tr>
    <td colspan=""2"">募集资金使用及披露中存在的问题或其他情况</td>
    <td colspan=""13"">注①：公司于2018年8月29日注销东富龙制造募集资金账户，账户结余部分项目尾款及利息合计26.41万元转为自有资金，用于补充东富龙制造流动资金，募集资金使用情况对照表内将上述结余资金（含利息）列入项目投入项。<br>注②：公司累计转让437.50万股，作价人民币3,500万元，收到股权回购款3,500万元，上述款项已返还超募资金账户。</td>
  </tr>
</table>

> Note: merged cells detected, rendered as HTML table.

---
## 报告期内以套期保值为目的的衍生品投资

单位：万元

<table id='788261eaf7063d59e37ce0fa49673a16' titleId='94553af9-f94d-4f8b-8fd4-356b2ee29e93' headId='788261eaf7063d59e37ce0fa49673a16'>
  <tr>
    <td>衍生品投资类型</td>
    <td>初始投资金额</td>
    <td>期初金额</td>
    <td colspan=""2"">本期公允价值变动损益</td>
    <td>计入权益的累计公允价值变动</td>
    <td>报告期内购入金额</td>
    <td>报告期内售出金额</td>
    <td>期末金额</td>
    <td>期末投资金额占公司报告期末净资产比例</td>
  </tr>
  <tr>
    <td>区间宝+远 期结售汇</td>
    <td>0</td>
    <td>0</td>
    <td colspan=""2"">-31.41</td>
    <td>0</td>
    <td>0</td>
    <td>0</td>
    <td>31.41</td>
    <td>0.00%</td>
  </tr>
  <tr>
    <td>货币互换</td>
    <td>0</td>
    <td>0</td>
    <td colspan=""2"">-14.53</td>
    <td>0</td>
    <td>6,796</td>
    <td>0</td>
    <td>6,781.47</td>
    <td>0.82%</td>
  </tr>
  <tr>
    <td>合计</td>
    <td>0</td>
    <td>0</td>
    <td colspan=""2"">-45.94</td>
    <td>0</td>
    <td>6,796</td>
    <td></td>
    <td>06,812.88</td>
    <td>0.82%</td>
  </tr>
  <tr>
    <td colspan=""4"">报告期内套期保值业务的会计政策、会计核算具体原 则，以及与上一报告期相比是否发生重大变化的说明</td>
    <td colspan=""6"">公司根据套期保值业务的实际情况，依据中华人民共和国财政部发布的《企业会计准则第22号——金融工具确认和计量》 《企业会计准则第23号——金融资产转移》《企业会计准则第24号——套期会计》《企业会计准则第37号——金融工具列报》等相关规定及指南，对开展的外汇套期保值业务进行相应核算和披露，反映资产负债表及损益表相关项目。上一报告期公司未有以套期保值为目的的衍生品投资。</td>
  </tr>
  <tr>
    <td colspan=""4"">报告期实际损益情况的说明</td>
    <td colspan=""6"">报告期内，公司以套期保值为目的的衍生品交易实际收益-45.94万元人民币。</td>
  </tr>
  <tr>
    <td colspan=""4"">套期保值效果的说明</td>
    <td colspan=""6"">公司以具体经营业务为依托，通过外汇套期保值抵御外汇市场波动风险，报告期内的汇率波动未对公司造成重大不良影响。</td>
  </tr>
  <tr>
    <td colspan=""4"">衍生品投资资金来源</td>
    <td colspan=""6"">自有资金</td>
  </tr>
  <tr>
    <td colspan=""4"">报告期衍生品持仓的风险分析及控制措施说明（包括但不限于市场风险、流动性风险、信用风险、操作风险、法律风险等）</td>
    <td colspan=""6"">具体详见公司2026年4月29日披露的《东富龙科技集团股份 有限公司关于开展外汇套期保值业务的公告》（公告编号： 2026-022）。</td>
  </tr>
  <tr>
    <td colspan=""4"">已投资衍生品报告期内市场价格或产品公允价值变动的情况，对衍生品公允价值的分析应披露具体使用的方法及相关假设与参数的设定</td>
    <td colspan=""6"">以交易金融机构等提供的估值信息为基础确定公允价值变动。</td>
  </tr>
  <tr>
    <td colspan=""4"">涉诉情况（如适用）</td>
    <td colspan=""6"">不适用</td>
  </tr>
  <tr>
    <td colspan=""4"">衍生品投资审批董事会公告披露日期（如有)</td>
    <td colspan=""6"">2026年04月29日</td>
  </tr>
</table>

> Note: merged cells detected, rendered as HTML table.

---
## 主要子公司及对公司净利润影响达10%以上的参股公司情况

单位：元

| 公司名称 | 公司类型 | 主要业务 | 注册资本 | 总资产 | 净资产 | 营业收入 | 营业利润 | 净利润 |
| :--: | :--: | :--: | :--: | --: | --: | :-- | :-- | :--: |
| 上海东富龙制药设备制造有限公司 | 子公 司 | 主要从事制药设备罐体等压力容器的生产制造 | 120,000, 000元 | 741,187, 055.54 | 659,393,194.93 | 193,962,044.86 | 23,249,141.40 | 23,303,163.35 |
| 东富龙包装技术（上海）有限公司 | 子公 司 | 为客户提供最佳的自动化包装解决方案，可提供注射剂、固体制剂、半固体制剂、BFS、口服液等全剂型包装生产线及非标定制生产线 | 5,776,976元 | 445,238, 103.78 | 216,899,175.96 | 142,267,258.01 | 13,682,516.46 | 13,065,868.37 |
| 上海东富龙制药设备工程有限公司 | 子公 司 | 为客户提供满足小分子药物的化学原料药和中药提取原料药、大分子药物的生物原液所需的设备及整体解决方案 | 148,000, 000元 | 370,977, 684.80 | 176,723,590.08 | 129,039,719.88 | 22,647,139.21 | 20,700,053.49 |
| 上海承欢轻工机械有限 | 子公 司 | 主要从事综合性食品装备及工程服务，为 | 24,735,000元 | 588,224, 614.00 | 151,057,266.86 | 143,001,932.98 | 20,101,827.07 | 19,540,303.92 |
| 公司 |  | 食品、酒、饮料、保健品等产品的生产等提供全流程装备制造及工程服务 |  |  |  |  |  |  |
| 浙江东富龙生物技术有限公司 | 子公 司 | 专注于为全球生命科学领域的客户提供优质的设备、技术服务和定制化的解决方 案，涵盖生物制药、细胞与基因治疗、体外诊断、试剂开发等多个前沿领域 | 200,000, 000元 | 1,031,697,921.44 | 973,929,348.80 | 54,062,209.60 | -13,785,242.67 | -13,766,934.56 |
| 东富龙水技术工程（上海）有限公司 | 子公 司 | 致力于提供制药用水整体解决方案 | 30,000,000元 | 195,306, 865.74 | 22,803,916.31 | 120,782,904.31 | 21,040,120.66 | 21,249,609.24 |
| 东富龙AND CIMA（巴拿马） | 子公 司 | 主要从事制药设备的销售 | 10,000 美元 | 35,669,076.21 | -5,860,354.12 | 69,022,467.12 | 18,864,357.17 | 18,864,357.17 |
| 东富龙意达有限公司 | 子公 司 | 主要从事制药设备的生产销售 | 500,000欧元 | 69,173,822.74 | 14,088,687.78 | 3,285,276.65 | -16,487,093.45 | -16,487,093.45 |

---
应对措施：打造学习型组织、培训平台和工具体系，给予员工发展空间，逐步建立适应高科技企业和知识经济的人力资源管理模式，发掘和提高东富龙员工的价值创造能力，帮助东富龙员工能力的成长，为公司目标完成提供人才保证。
7、汇率风险：公司坚持国际化战略，快速发展海外市场，提升东富龙品牌的国际影响力，随着出口业务占比日益增大，汇率的大幅变动可能对公司的经营业绩带来较大影响。
应对措施：公司将采取积极运用金融工具做好套期保值工作、巧选结算方式、加强对金融专业人才的引进和培养等措施来有效应对和规避汇率变动可能带来的不利影响，从而进一步提升公司及子公司应对外汇市场风险的抵御能力。
8、投资减值风险：为促进公司业务发展，布局发展新市场、新行业，寻求新的增长点，公司积极进行外延并购发展。被并购企业面临着宏观经济调整、行业政策变化、市场竞争激烈等经营管理风险，可能无法达到预期的协同效应，则存在减值的风险。
应对措施：公司将继续加强对被投资企业的投后管理工作，加强与被并购企业业务战略协同，强化管理团队的风险意识和抵御风险的能力，最大限度地降低投资减值风险。

---
## 报告期内接待调研、沟通、采访等活动登记表

| 接待时间 | 接待地点 | 接待方式 | 接待对象类型 | 接待对象 | 谈论的主要内容及提供的资料 | 调研的基本情况索引 |
| --: | :--: | :--: | :--: | :--: | :--: | :--: |
| 2026年04月30日 | 全景•路演 天下 （http://rs.p 5w.net） | 其他 | 其他 | 详见公司披露于巨潮资讯网的投资者关系活动记录表 （编号：2026-001） | 详见公司披露于巨潮资讯网的投资者关系活动记录表 （编号：2026-001） | http://www.cn info.com.cn/ |

---
公司是否披露了“质量回报双提升”行动方案公告。
是 □否
公司于2024年3月7日披露《关于“质量回报双提升”行动方案的公告》，行动方案的主要内容为：（1）围绕“系统化、国际化、数智化”的发展战略深耕生物医药产业，持续投入研发与技术合作，布局高科技、高增长制药装备领域和其他生物制造领域。（2）完善法人治理结构、健全内部控制体系建设，提升规范运作水平。（3）公司稳健经营，给投资者提供稳定的现金分红回报。（4）重视投资者关系管理工作，密切关注资本市场各类投资者对公司信息披露等方面的需求，传递公司的投资价值，增强投资者对公司的认同感。（5）增持和回购公司股份的方式增强投资者信心，促进公司持续健康发展，提升公司的整体价值。
报告期内主要具体措施包含：
1、公司坚守“专业技术服务于生物医药”的使命，围绕“系统化、国际化、数智化”的发展战略：（1）探索模块化工厂的商业模式，打造以“工艺”为引领、以“设备”为核心、以“工程”为场景、以“耗材”为连接的业务模式，提升为客户提供整体解决方案能力。（2）加强对国际子公司的建设，培养国际本土的营销能力、项目管理能力、生产制造能力，提升客户体验感和公司品牌国际化影响力，致力于成为全球化药机头部企业，持续推动公司成为当地制药和食品装备的领导或者主流品牌之一，扩大海外市场份额，提升公司整体的盈利质量。（3）搭建数智化产线架构，将自动化、信息化、智能化技术与药品生产深度融合，持续提升产线的“数据价值挖掘”与“智能辅助决策”能力。

---
2、加大研发创新投入：深化技术中心对事业部、产品部技术研发的管理职能，深刻理解客户真正的痛点和研发价值，关注下一代技术路线，加大研发投入优化技术资源配置。在公司内部营造创新环境，激励研发人才以市场需求为导向，加速产品创新及迭代，提升公司产品的核心竞争力。
3、高质量发展，提升规范运作水平：2026年2月，公司第六届董事会任期届满，公司按照相关法律程序完成董事会换届选举，新一届董事会成员具有法律、会计、税务、投资等复合背景，在公司重大决策方面可以提供专业性意见，提升公司规范化运作水平，推动公司高质量发展。公司持续识别经营管理中存在的风险，不断加强内部控制建设，持续完善内控管理制度，健全风险管理体系，提高经营管理水平和风险防范能力，进一步提高规范运作水平；积极组织有关人员参加培训，提高各类人员的法规意识和规范运作意识，充分发挥内部审计部门、董事会审计委员会的监督职能，切实提升公司董事、高级管理人员的履职能力，同时推动公司治理结构的持续优化，促进公司更加合规发展。
4、稳健经营，与投资者共享发展成果：公司积极践行“上市公司质量突出体现在给投资者的回报上”的理念，公司自上市以来，严格按照《公司章程》制定的利润分配政策进行稳定、可持续的现金分红。
报告期内，公司2025年度利润分配方案实施完成，同时，公司股东会首次授权董事会在符合利润分配的条件下制定并执行具体的2026年中期利润分配的方案。公司此项举措充分听取了投资者的意见及建议，简化了分红程序，向投资者多次实施现金分红政策，为投资者提供稳定的现金分红，提升投资者的获得感：

---
（1）公司于2026年5月22日披露《2025年年度权益分派实施公告》，以公司总股本扣除回购专用证券账户中4,980,001股后的股份数量760,848,039股为基数，向全体股东每10股派发0.80元，合计派发现金人民币60,867,843.12元（含税）；
（2）公司于2026年8月28日披露《2026年半年度利润分配方案的公告》，拟以公司总股本扣除回购专用证券账户中4,980,001股后的股份数量760,848,039股为基数，向全体股东每10股派发0.66元，合计派发现金人民币50,215,970.57元（含税）。
5、公司重视投资者关系管理工作，积极保持与投资者的互动交流，接听投资者交流热线、及时回复互动易平台问题。公司在定期报告披露后，召开业绩说明会向广大投资者汇报年度经营数据、财务指标，积极回复投资者关注的事项，加强与投资者之间的沟通交流。
公司首次发布《2025年度可持续发展报告》，披露了公司在环境、社会、治理等方面履行的社会责任及义务，积极关注利益相关方对公司可持续发展更高的要求，向市场传递积极的品牌形象。
公司坚持在医药与食品领域积极践行社会责任观，履行公司社会责任，推动公司可持续、高质量发展。制药装备板块依托生物药全链路服务能力及全球化布局，提供高性价比的装备降低药企生产成本，助力平价药普及；保障疫苗、创新药量产供给，筑牢药品质量与产业链安全，同时研发低能耗装备推动行业低碳转型。食品装备板块为食品加工厂提供无菌深加工成套产线守护饮食安全，助力农产品深加工增值，带动乡村产业振兴，丰富健康民生食品供给。

---
一、公司董事、高级管理人员变动情况
适用 □不适用
二、本报告期利润分配及资本公积金转增股本情况
适用 □不适用
本次现金分红情况
公司发展阶段不易区分但有重大资金支出安排的，进行利润分配时，现金分红在本次利润分配中所占比例最低应达到20％
利润分配或资本公积金转增预案的详细情况说明
2026年8月27日，公司召开第七届董事会第四次会议审议通过《2026年半年度利润分配方案》，2026年半年度利润分配方案：截至本公告披露日公司总股本765,828,040股，回购专用证券账户股份数量4,980,001股，以公司总股本扣除回购专用证券账户中4,980,001股后的股本760,848,039股为基数，向全体股东每10股派发现金股利0.66元（含税），共计派发现金股利50,215,970.57元（含税），不以资本公积金转增股本，不送红股。利润分配方案发布后至实施前，公司股本和回购专用证券账户股份数量如发生变动，将按照现金分配总额不变的原则对分配比例进行调整。
公司2025年度股东会审议通过董事会提交的《关于提请股东会授权董事会制定2026年中期利润分配的议案》，授权董事会在符合利润分配的条件下制定并执行具体的2026年中期分红方案。上述利润分配预案符合公司章程及审议程序的规定，充分保护中小投资者的合法权益，提升投资者的获得感。
三、公司股权激励计划、员工持股计划或其他员工激励措施的实施情况
□适用 不适用
公司报告期无股权激励计划、员工持股计划或其他员工激励措施及其实施情况。
四、环境信息披露情况
上市公司及其主要子公司是否纳入环境信息依法披露企业名单
□是 否

---
## 公司董事、高级管理人员变动情况

<table id='f29c13e5cf06313125f1eb350d4f7b1f' titleId='0f9b3ea4-e2f5-4150-bb1c-514f5d32bbce'>
  <tr>
    <td>姓名</td>
    <td>担任的职务</td>
    <td>类型</td>
    <td>日期</td>
    <td>原因</td>
  </tr>
  <tr>
    <td rowspan=""2"">姚建林</td>
    <td>董事</td>
    <td>被选举</td>
    <td>2026年02月03日</td>
    <td>换届</td>
  </tr>
  <tr>
    <td>副总经理</td>
    <td>被选举</td>
    <td>2026年02月03日</td>
    <td>换届</td>
  </tr>
  <tr>
    <td>杜方尧</td>
    <td>董事</td>
    <td>被选举</td>
    <td>2026年02月03日</td>
    <td>换届</td>
  </tr>
  <tr>
    <td>张启宇</td>
    <td>董事</td>
    <td>被选举</td>
    <td>2026年02月03日</td>
    <td>换届</td>
  </tr>
  <tr>
    <td>王道富</td>
    <td>独立董事</td>
    <td>被选举</td>
    <td>2026年02月03日</td>
    <td>换届</td>
  </tr>
  <tr>
    <td>余显财</td>
    <td>独立董事</td>
    <td>被选举</td>
    <td>2026年02月03日</td>
    <td>换届</td>
  </tr>
  <tr>
    <td>花贵如</td>
    <td>独立董事</td>
    <td>被选举</td>
    <td>2026年02月03日</td>
    <td>换届</td>
  </tr>
  <tr>
    <td rowspan=""2"">郑效友</td>
    <td>董事</td>
    <td>任期满离任</td>
    <td>2026年02月03日</td>
    <td>换届</td>
  </tr>
  <tr>
    <td>副总经理</td>
    <td>任期满离任</td>
    <td>2026年02月03日</td>
    <td>换届</td>
  </tr>
  <tr>
    <td>肖治</td>
    <td>董事</td>
    <td>任期满离任</td>
    <td>2026年02月03日</td>
    <td>换届</td>
  </tr>
  <tr>
    <td>刘大伟</td>
    <td>董事</td>
    <td>任期满离任</td>
    <td>2026年02月03日</td>
    <td>换届</td>
  </tr>
  <tr>
    <td>强永昌</td>
    <td>独立董事</td>
    <td>任期满离任</td>
    <td>2026年02月03日</td>
    <td>换届</td>
  </tr>
  <tr>
    <td>邵俊</td>
    <td>独立董事</td>
    <td>任期满离任</td>
    <td>2026年02月03日</td>
    <td>换届</td>
  </tr>
  <tr>
    <td>张爱民</td>
    <td>独立董事</td>
    <td>任期满离任</td>
    <td>2026年02月03日</td>
    <td>换届</td>
  </tr>
  <tr>
    <td>唐惠兴</td>
    <td>副总经理</td>
    <td>任期满离任</td>
    <td>2026年02月03日</td>
    <td>换届</td>
  </tr>
</table>

> Note: merged cells detected, rendered as HTML table.

---
1、社会责任观
东富龙坚持在医药与食品领域积极践行社会责任观，关注股东、职工、客户、供应商、社区等利益相关方的权益，履行公司社会责任，推动公司可持续发展。
医药板块，依托国产高端制药装备实现进口替代，降低药企生产成本，助力平价药普及；保障疫苗、创新药量产供给，筑牢药品质量与产业链安全，同时研发低能耗装备推动行业低碳转型。
食品板块，提供无菌深加工成套产线守护饮食安全，助力农产品深加工增值，带动乡村产业振兴，丰富健康民生食品供给。
此外，公司完善人才培育体系，搭建绿色供应链，开展社区公益，兼顾环境、员工与社会公益责任。
2、股东权益保护
投资者是公司最重要的利益相关方之一，为公司提供重要资源的同时，也在激励着公司优化管理流程、提高运营效率。保障股东特别是中小股东的权益是公司的义务和职责，公司十分重视服务股东，回报股东，与股东维持良好的关系。公司不断完善公司治理结构，旨在公平、公开、公正地对待所有股东，确保公司股东能够充分享有法律法规、规范性文件以及公司章程规定的各项合法权益。
自2011年上市以来，公司在满足利润分配条件下每年都进行权益分派，给予广大投资者稳定的回报。2025年度公司践行“上市公司的质量体现在对投资者的回报”的理念，首次实施年度中期分红，通过提高分红频次，提升投资者的获得感。

---
（1）社会保障与福利：新员工入职当月即足额缴纳各类保险，夏季享受高温津贴，日常提供住宿及种类丰富的食堂，解决一日三餐及居住问题，让全体员工在消费水平较高的上海，也能安居乐业。由于东富龙人才来自五湖四海，出于人性化考虑，将带薪年假与春节假期连接在一起，延长假期，使得外地员工有充裕的时间陪伴家人，享受天伦之乐。
（2）劳动合同与薪酬：公司严格遵守国家法律，根据《劳动法》《劳动合同法》等相关条款规定，与全体员工均签署了劳动合同，并按照合同约定发放工资，且全部高于上海市年度最低工资标准。劳动关系处理规范，合规、合法、合情、合理，历年均被政府部门评为劳动关系和谐企业。员工加班依据法规核算加班费，每年拥有一次调薪机会，每年年底根据当年度绩效情况，发放年终奖，回报给努力付出的员工。
（3）人文关怀：公司建立健全帮扶机制，尽最大努力帮助员工解决困难，员工家庭出现重大困难时，公司给予资助以及全员范围内的自发捐款，帮助员工渡过难关。职工福利包括但不限于：年度体检、旅游团建、疗休养活动、整洁干净的住宿、免费的工作餐、上下班班车接驳、生日补贴、节假日礼品、职业健康保险等。
（4）职业健康安全：公司每年组织员工进行职业健康体检，并通过系统资料的储存，密切关注职工职业健康安全，确保员工职业健康安全，体现集团人性化关怀。此外，联合上级工会及政府相关部门，进行员工心理健康培训咨询，并配合日常员工运动活动的举办，缓解职工工作及家庭带来的压力。

---
（2）供应商：公司所有需求以订单的形式进行下发，并经多层审批签章。与供应商、经销商签订年度合作协议、战略合作协议等。对采购物料进行询价、比价、议价。从法规对供应商要求的角度，结合公司的质量管理标准要求，将供应商的质量管理工作融入到每一个具体的步骤动作中。精诚协作，相互学习，与供应商共同发展和进步，增进相互的交流，从工艺、生产管理等方面相互学习取长补短，提升彼此的协同管理能力、增强企业的竞争性和长期稳定发展。

---
公司作为制药装备行业企业，持续优化和完善环境管理体系，针对如生活废水、生产废弃物、噪音等重要环境因素，严格控制合规排放，委派专人负责日常环境运行状态检查，及时发现环境事故隐患，建立火灾、化学品泄露等环境污染事故或紧急状态应急响应程序，并定期演练，以提高公司全体从业人员环境保护意识，以及环境事故应急响应能力。
公司颁布相关环保方面规章制度：《东富龙节能降耗倡议书》《吸烟管理规定》《生产废料日常管理要求》《危险化学品（液氮）泄漏现场处置方案》《环境污染应急预案》《东富龙垃圾分类实施管理办法（试行）》等，以保证日常管理与经营符合环境保护与可持续发展理念。公司推行ISO14000环境管理标准，对企业环境实行系统的管理，识别产品过程的重大环境因素，并予以监控。
此外严格控制“三废”，公司每年在环保、节能等方面投入费用上百万元。公司建立有完善的EHS体系，坚持绿色发展，积极采用绿色能源，在厂房与车间顶部布置太阳能发电，降低电力资源消耗。
报告期内，公司参加“闵行区污染防治攻坚战立功竞赛”活动，经各街镇推荐申报、相关部门联合评审及竞赛活动组委会审议，东富龙集团荣获此奖项，持续深入打好污染防治攻坚战，建设人与自然和谐共生的美丽闵行。

---
在公司力所能及的范围内，积极投身所在社区环境建设，探望贫困人群送温暖，对边远地区教育事业的支持，就此通过对环境保护、教育、文化、卫生、扶贫济困、社会秩序维护等公益活动参与，促进了公司与全社会的协调、和谐、可持续发展。
（1）助力教育：教育对于消除贫困和饥饿、以及促进经济的增长和可持续发展至关重要。我们努力为企业周边学校青少年提供便捷、高质量、可负担的教育机会，并设立“天道酬勤”奖学金，希望能为教育平等贡献力量。
（2）回馈社会：东富龙始终坚持不忘初心，回馈社会。2026年新春佳节前，东富龙集团慰问小组走访公司周边居民区，为那里的独居老人及困难家庭带去了诚挚的节日祝福与实质性的帮助，为社会增添一份爱心与温暖。
（3）志愿服务：作为市级文明单位，东富龙始终将志愿服务视为履行社会责任、传递企业温度的重要载体。2026年，公司积极响应颛桥镇文明创建号召，组织员工志愿者团队参与""文明路口交通引导""专项行动。志愿者们身着统一标识服装，在镇内重点交通路口协助维护秩序，通过规范手势指引、文明用语劝导、帮扶特殊群体过马路等方式，助力提升城市交通文明水平。

---
一、公司实际控制人、股东、关联方、收购人以及公司等承诺相关方在报告期内履行完毕及截至报告期末超期未履行完毕的承诺事项
□适用 不适用
公司报告期不存在由公司实际控制人、股东、关联方、收购人以及公司等承诺相关方在报告期内履行完毕及截至报告期末超期未履行完毕的承诺事项。
二、控股股东及其他关联方对上市公司的非经营性占用资金情况
□适用 不适用
公司报告期不存在上市公司发生控股股东及其他关联方非经营性占用资金情况。
三、违规对外担保情况
□适用 不适用
公司报告期无违规对外担保情况。
四、聘任、解聘会计师事务所情况
半年度财务报告是否已经审计
□是 否
公司半年度报告未经审计。
五、董事会、审计委员会对会计师事务所本报告期“非标准审计报告”的说明
□适用 不适用
六、董事会对上年度“非标准审计报告”相关情况的说明
□适用 不适用
七、破产重整相关事项
□适用 不适用
公司报告期未发生破产重整相关事项。
八、诉讼事项
重大诉讼仲裁事项
□适用 不适用
本报告期公司无重大诉讼、仲裁事项。
其他诉讼事项
□适用 不适用
九、处罚及整改情况
□适用 不适用
公司报告期不存在处罚及整改情况。
十、公司及其控股股东、实际控制人的诚信状况
□适用 不适用

---
十一、重大关联交易
1、与日常经营相关的关联交易
□适用 不适用
公司报告期未发生与日常经营相关的关联交易。
2、资产或股权收购、出售发生的关联交易
□适用 不适用
公司报告期未发生资产或股权收购、出售的关联交易。
3、共同对外投资的关联交易
□适用 不适用
公司报告期未发生共同对外投资的关联交易。
4、关联债权债务往来
□适用 不适用
公司报告期不存在关联债权债务往来。
5、与存在关联关系的财务公司的往来情况
□适用 不适用
公司与存在关联关系的财务公司、公司控股的财务公司与关联方之间不存在存款、贷款、授信或其他金融业务。
6、公司控股的财务公司与关联方的往来情况
□适用 不适用
公司控股的财务公司与关联方之间不存在存款、贷款、授信或其他金融业务。
7、其他重大关联交易
□适用 不适用
公司报告期无其他重大关联交易。
十二、重大合同及其履行情况
1、托管、承包、租赁事项情况
（1） 托管情况
□适用 不适用
公司报告期不存在托管情况。
（2） 承包情况
□适用 不适用
公司报告期不存在承包情况。
（3） 租赁情况
适用 □不适用
租赁情况说明
公司租赁土地经营权，土地地址为上海市闵行区颛桥镇都会路、东六号河北侧、A4公路东侧、公司围墙南侧土地。
为公司带来的损益达到公司报告期利润总额10%以上的项目
□适用 不适用
公司报告期不存在为公司带来的损益达到公司报告期利润总额10%以上的租赁项目。
2、重大担保
□适用 不适用
公司报告期不存在重大担保情况。
4、其他重大合同
□适用 不适用
公司报告期不存在其他重大合同。
十三、其他重大事项的说明
□适用 不适用
公司报告期不存在需要说明的其他重大事项。

---
一、股份变动情况
1、股份变动情况
单位：股
股份变动的原因
适用 □不适用
2026年2月3日，公司董事会换届选举完成，郑效友先生不再担任公司董事、副总经理，唐惠兴先生不再担任公司副总经理，根据相关法律法规规定，公司董事、高级管理人员所持股份自离任后半年内锁定，因此限售股份相应增加1,960,132股。
股份变动的批准情况
□适用 不适用
股份变动的过户情况
□适用 不适用
股份回购的实施进展情况
□适用 不适用
采用集中竞价方式减持回购股份的实施进展情况
□适用 不适用
股份变动对最近一年和最近一期基本每股收益和稀释每股收益、归属于公司普通股股东的每股净资产等财务指标的影响
□适用 不适用
公司认为必要或证券监管机构要求披露的其他内容
□适用 不适用
2、限售股份变动情况
适用 □不适用
单位：股
二、证券发行与上市情况
□适用 不适用
三、公司股东数量及持股情况
单位：股
持股5%以上的股东或前10名股东持股情况（不含通过转融通出借股份）
前10名无限售条件股东持股情况（不含通过转融通出借股份、高管锁定股）
持股5%以上股东、前10名股东及前10名无限售流通股股东参与转融通业务出借股份情况
□适用 不适用
前10名股东及前10名无限售流通股股东因转融通出借/归还原因导致较上期发生变化
□适用 不适用
公司是否具有表决权差异安排
□是 否
公司前10名普通股股东、前10名无限售条件普通股股东在报告期内是否进行约定购回交易
□是 否
公司前10名普通股股东、前10名无限售条件普通股股东在报告期内未进行约定购回交易。

---
## 股份变动情况

单位：股

<table id='98b73f317ab473d29889338809bce6b9' titleId='98b73f317ab473d29889338809bce6b9' headId='98b73f317ab473d29889338809bce6b9'>
  <tr>
    <td rowspan=""2""></td>
    <td colspan=""2"">本次变动前</td>
    <td colspan=""5"">本次变动增减（＋，－）</td>
    <td colspan=""2"">本次变动后</td>
  </tr>
  <tr>
    <td>数量</td>
    <td>比例</td>
    <td>发行新股</td>
    <td>送股</td>
    <td>公积金转股</td>
    <td>其他</td>
    <td>小计</td>
    <td>数量</td>
    <td>比例</td>
  </tr>
  <tr>
    <td>一、有限售条件股份</td>
    <td>203,170,685</td>
    <td>26.53%</td>
    <td></td>
    <td></td>
    <td></td>
    <td>1,960,132</td>
    <td>1,960,132</td>
    <td>205,130,817</td>
    <td>26.79%</td>
  </tr>
  <tr>
    <td>1、国家持股</td>
    <td></td>
    <td></td>
    <td></td>
    <td></td>
    <td></td>
    <td></td>
    <td></td>
    <td></td>
    <td></td>
  </tr>
  <tr>
    <td>2、国有法人持股</td>
    <td></td>
    <td></td>
    <td></td>
    <td></td>
    <td></td>
    <td></td>
    <td></td>
    <td></td>
    <td></td>
  </tr>
  <tr>
    <td>3、其他内资持股</td>
    <td>203,170,685</td>
    <td>26.53%</td>
    <td></td>
    <td></td>
    <td></td>
    <td>1,960,132</td>
    <td>1,960,132</td>
    <td>2205,130,817</td>
    <td>26.79%</td>
  </tr>
  <tr>
    <td>其中：境内法人持股</td>
    <td></td>
    <td></td>
    <td></td>
    <td></td>
    <td></td>
    <td></td>
    <td></td>
    <td></td>
    <td></td>
  </tr>
  <tr>
    <td>境内自然人持股</td>
    <td>203,170,685</td>
    <td>26.53%</td>
    <td></td>
    <td></td>
    <td></td>
    <td>1,960,132</td>
    <td>1,960,132</td>
    <td>205,130,817</td>
    <td>26.79%</td>
  </tr>
  <tr>
    <td>4、外资持股</td>
    <td></td>
    <td></td>
    <td></td>
    <td></td>
    <td></td>
    <td></td>
    <td></td>
    <td></td>
    <td></td>
  </tr>
  <tr>
    <td>其中：境外法人持股</td>
    <td></td>
    <td></td>
    <td></td>
    <td></td>
    <td></td>
    <td></td>
    <td></td>
    <td></td>
    <td></td>
  </tr>
  <tr>
    <td>境外自然人持股</td>
    <td></td>
    <td></td>
    <td></td>
    <td></td>
    <td></td>
    <td></td>
    <td></td>
    <td></td>
    <td></td>
  </tr>
  <tr>
    <td>二、无限售条件股份</td>
    <td>562,657,355</td>
    <td>73.47%</td>
    <td></td>
    <td></td>
    <td></td>
    <td>-1,960,132</td>
    <td>-1,960,132</td>
    <td>560,697,223</td>
    <td>73.21%</td>
  </tr>
  <tr>
    <td>1、人民币普通股</td>
    <td>562,657,355</td>
    <td>73.47%</td>
    <td></td>
    <td></td>
    <td></td>
    <td>-1,960,132</td>
    <td>-1,960,132</td>
    <td>560,697,223</td>
    <td>73.21%</td>
  </tr>
  <tr>
    <td>2、境内上</td>
    <td></td>
    <td></td>
    <td></td>
    <td></td>
    <td></td>
    <td></td>
    <td></td>
    <td></td>
    <td></td>
  </tr>
  <tr>
    <td>市的外资股</td>
    <td></td>
    <td></td>
    <td></td>
    <td></td>
    <td></td>
    <td></td>
    <td></td>
    <td></td>
    <td></td>
  </tr>
  <tr>
    <td>3、境外上市的外资股</td>
    <td></td>
    <td></td>
    <td></td>
    <td></td>
    <td></td>
    <td></td>
    <td></td>
    <td></td>
    <td></td>
  </tr>
  <tr>
    <td>4、其他</td>
    <td></td>
    <td></td>
    <td></td>
    <td></td>
    <td></td>
    <td></td>
    <td></td>
    <td></td>
    <td></td>
  </tr>
  <tr>
    <td>三、股份总数</td>
    <td>765,828,040</td>
    <td>100.00%</td>
    <td></td>
    <td></td>
    <td></td>
    <td>0</td>
    <td>0</td>
    <td>765,828,040</td>
    <td>100.00%</td>
  </tr>
</table>

> Note: merged cells detected, rendered as HTML table.

---
## 限售股份变动情况

单位：股

| 股东名称 | 期初限售股数 | 本期解除限售股数 | 本期增加限售股数 | 期末限售股数 | 限售原因 | 拟解除限售日期 |
| :--: | :--: | --: | --: | --: | :--: | :--: |
| 郑效东 | 195,719,256 |  |  | 195,719,256 | 高管锁定 | 任职期间每年可上市流通25% |
| 郑效友 | 5,596,794 |  | 1,865,598 | 7,462,392 | 换届离任后 高管锁定 | 2026年8月3 日 |
| 张海斌 | 460,825 |  |  | 460,825 | 高管锁定 | 任职期间每年可上市流通25% |
| 郑金旺 | 417,207 |  |  | 417,207 | 高管锁定 | 任职期间每年可上市流通25% |
| 唐惠兴 | 283,603 |  | 94,534 | 378,137 | 换届离任后高管锁定 | 2026年8月3 日 |
| 程锦生 | 300,000 |  |  | 300,000 | 高管锁定 | 任职期间每年可上市流通25% |
| 赵国性 | 150,000 |  |  | 150,000 | 高管锁定 | 任职期间每年可上市流通25% |
| 陆德华 | 18,000 |  |  | 18,000 | 高管锁定 | 任职期间每年可上市流通25% |
| 王艳 | 225,000 |  |  | 225,000 | 高管锁定 | 任职期间每年可上市流通25% |
| 合计 | 203,170,685 | 0 | 1,960,132 | 205,130,817 | -- | -- |

---
## 持股5%以上的股东或前10名股东持股情况（不含通过转融通出借股份）

<table id='7c8e98abb160daf5f32839ed9f1c4dc9' titleId='7c8e98abb160daf5f32839ed9f1c4dc9'>
  <tr>
    <td rowspan=""2"">股东名称</td>
    <td rowspan=""2"">股东性质</td>
    <td rowspan=""2"">持股比例</td>
    <td rowspan=""2"">报告期末持股数量</td>
    <td colspan=""2"" rowspan=""2"">报告期内增减变动情况</td>
    <td rowspan=""2"">持有有限售条件的股份数量</td>
    <td rowspan=""2"">持有无限售条件的股份数量</td>
    <td colspan=""2"">质押、标记或冻结情况</td>
  </tr>
  <tr>
    <td>股份状态</td>
    <td>数量</td>
  </tr>
  <tr>
    <td>郑效东</td>
    <td>境内自 然人</td>
    <td>34.08%</td>
    <td>260,959,008</td>
    <td colspan=""2"">0</td>
    <td>195,719,256</td>
    <td>65,239,752</td>
    <td>不适用</td>
    <td>0</td>
  </tr>
  <tr>
    <td>郑可青</td>
    <td>境内自 然人</td>
    <td>16.41%</td>
    <td>125,667,408</td>
    <td colspan=""2"">0</td>
    <td>0</td>
    <td>125,667,408</td>
    <td>不适用</td>
    <td>0</td>
  </tr>
  <tr>
    <td>上海生物医药产业股权投资基金合伙企业（有限合伙）</td>
    <td>境内非 国有法 人</td>
    <td>3.17%</td>
    <td>24,307,243</td>
    <td colspan=""2"">0</td>
    <td>0</td>
    <td>24,307,243</td>
    <td>不适用</td>
    <td>0</td>
  </tr>
  <tr>
    <td>国投招商投资管</td>
    <td>其他</td>
    <td>3.17%</td>
    <td>24,307,243</td>
    <td colspan=""2"">0</td>
    <td>0</td>
    <td>24,307,243</td>
    <td>不适用</td>
    <td>0</td>
  </tr>
  <tr>
    <td>理有限公司－先进制造产业投资基金二期（有限合伙）</td>
    <td></td>
    <td></td>
    <td></td>
    <td colspan=""2""></td>
    <td></td>
    <td></td>
    <td></td>
    <td></td>
  </tr>
  <tr>
    <td>上海君和立成投资管理中心（有限合伙）－宁波君和同馨股权投资合伙企业（有限合伙）</td>
    <td>其他</td>
    <td>1.90%</td>
    <td>14,584,346</td>
    <td colspan=""2"">0</td>
    <td>0</td>
    <td>14,584,346</td>
    <td>不适用</td>
    <td>0</td>
  </tr>
  <tr>
    <td>香港中央结算有限公司</td>
    <td>境外法 人</td>
    <td>1.34%</td>
    <td>10,296,935</td>
    <td colspan=""2"">3,205,514</td>
    <td>0</td>
    <td>10,296,935</td>
    <td>不适用</td>
    <td>0</td>
  </tr>
  <tr>
    <td>粤开资本投资有限公司－广州粤凯医健股权投资合伙企业（有限合伙）</td>
    <td>其他</td>
    <td>1.27%</td>
    <td>9,722,897</td>
    <td colspan=""2"">0</td>
    <td>0</td>
    <td>9,722,897</td>
    <td>不适用</td>
    <td>0</td>
  </tr>
  <tr>
    <td>郑效友</td>
    <td>境内自 然人</td>
    <td>0.97%</td>
    <td>7,462,392</td>
    <td colspan=""2"">0</td>
    <td>7,462,392</td>
    <td>0</td>
    <td>不适用</td>
    <td>0</td>
  </tr>
  <tr>
    <td>诺德基金－上海国鑫投资发展有限公司－诺德基金浦江890号单一资产管理计划</td>
    <td>其他</td>
    <td>0.63%</td>
    <td>4,812,834</td>
    <td colspan=""2"">0</td>
    <td>0</td>
    <td>4,812,834</td>
    <td>不适用</td>
    <td>0</td>
  </tr>
  <tr>
    <td>深圳市运丰私募证券基金管理有限公司－运丰启胜私募证券投资基金</td>
    <td>其他</td>
    <td>0.59%</td>
    <td>4,500,000</td>
    <td colspan=""2"">2,500,000</td>
    <td>0</td>
    <td>4,500,000</td>
    <td>不适用</td>
    <td>0</td>
  </tr>
  <tr>
    <td colspan=""5"">战略投资者或一般法人因配售新股成为前10名股东的情况</td>
    <td colspan=""5"">不适用。</td>
  </tr>
  <tr>
    <td colspan=""5"">上述股东关联关系或一致行动的说明</td>
    <td colspan=""5"">前10名股东中，郑效东先生与郑可青女士为父女关系，系一致行动人；郑效东先生与郑效友先生为兄弟关系。其他股东之间，未知是否存在关联关系，也未知是否属于一致行动人。</td>
  </tr>
  <tr>
    <td colspan=""5"">上述股东涉及委托/受托表决权、放弃表决权情况的说明</td>
    <td colspan=""5"">自2019年12月5日起8年内，郑可青女士将其持有的125,667,408股股份对应的表决权全部委托给郑效东先生行使。</td>
  </tr>
  <tr>
    <td colspan=""5"">前10名股东中存在回购专户的特别说明</td>
    <td colspan=""5"">公司存在回购专户“东富龙科技集团股份有限公司回购专用证券账户”，持股数量为4,980,001股，占总股本的0.65%，在当期全体股东名册中位居第9名，但不纳入前10名股东列示。</td>
  </tr>
</table>

> Note: merged cells detected, rendered as HTML table.

---
## 持股5%以上的股东或前10名股东持股情况（不含通过转融通出借股份）

<table id='7c8e98abb160daf5f32839ed9f1c4dc9' titleId='7c8e98abb160daf5f32839ed9f1c4dc9'>
  <tr>
    <td rowspan=""2"">股东名称</td>
    <td rowspan=""2"">股东性质</td>
    <td rowspan=""2"">持股比例</td>
    <td rowspan=""2"">报告期末持股数量</td>
    <td colspan=""2"" rowspan=""2"">报告期内增减变动情况</td>
    <td rowspan=""2"">持有有限售条件的股份数量</td>
    <td rowspan=""2"">持有无限售条件的股份数量</td>
    <td colspan=""2"">质押、标记或冻结情况</td>
  </tr>
  <tr>
    <td>股份状态</td>
    <td>数量</td>
  </tr>
  <tr>
    <td>郑效东</td>
    <td>境内自 然人</td>
    <td>34.08%</td>
    <td>260,959,008</td>
    <td colspan=""2"">0</td>
    <td>195,719,256</td>
    <td>65,239,752</td>
    <td>不适用</td>
    <td>0</td>
  </tr>
  <tr>
    <td>郑可青</td>
    <td>境内自 然人</td>
    <td>16.41%</td>
    <td>125,667,408</td>
    <td colspan=""2"">0</td>
    <td>0</td>
    <td>125,667,408</td>
    <td>不适用</td>
    <td>0</td>
  </tr>
  <tr>
    <td>上海生物医药产业股权投资基金合伙企业（有限合伙）</td>
    <td>境内非 国有法 人</td>
    <td>3.17%</td>
    <td>24,307,243</td>
    <td colspan=""2"">0</td>
    <td>0</td>
    <td>24,307,243</td>
    <td>不适用</td>
    <td>0</td>
  </tr>
  <tr>
    <td>国投招商投资管</td>
    <td>其他</td>
    <td>3.17%</td>
    <td>24,307,243</td>
    <td colspan=""2"">0</td>
    <td>0</td>
    <td>24,307,243</td>
    <td>不适用</td>
    <td>0</td>
  </tr>
  <tr>
    <td>理有限公司－先进制造产业投资基金二期（有限合伙）</td>
    <td></td>
    <td></td>
    <td></td>
    <td colspan=""2""></td>
    <td></td>
    <td></td>
    <td></td>
    <td></td>
  </tr>
  <tr>
    <td>上海君和立成投资管理中心（有限合伙）－宁波君和同馨股权投资合伙企业（有限合伙）</td>
    <td>其他</td>
    <td>1.90%</td>
    <td>14,584,346</td>
    <td colspan=""2"">0</td>
    <td>0</td>
    <td>14,584,346</td>
    <td>不适用</td>
    <td>0</td>
  </tr>
  <tr>
    <td>香港中央结算有限公司</td>
    <td>境外法 人</td>
    <td>1.34%</td>
    <td>10,296,935</td>
    <td colspan=""2"">3,205,514</td>
    <td>0</td>
    <td>10,296,935</td>
    <td>不适用</td>
    <td>0</td>
  </tr>
  <tr>
    <td>粤开资本投资有限公司－广州粤凯医健股权投资合伙企业（有限合伙）</td>
    <td>其他</td>
    <td>1.27%</td>
    <td>9,722,897</td>
    <td colspan=""2"">0</td>
    <td>0</td>
    <td>9,722,897</td>
    <td>不适用</td>
    <td>0</td>
  </tr>
  <tr>
    <td>郑效友</td>
    <td>境内自 然人</td>
    <td>0.97%</td>
    <td>7,462,392</td>
    <td colspan=""2"">0</td>
    <td>7,462,392</td>
    <td>0</td>
    <td>不适用</td>
    <td>0</td>
  </tr>
  <tr>
    <td>诺德基金－上海国鑫投资发展有限公司－诺德基金浦江890号单一资产管理计划</td>
    <td>其他</td>
    <td>0.63%</td>
    <td>4,812,834</td>
    <td colspan=""2"">0</td>
    <td>0</td>
    <td>4,812,834</td>
    <td>不适用</td>
    <td>0</td>
  </tr>
  <tr>
    <td>深圳市运丰私募证券基金管理有限公司－运丰启胜私募证券投资基金</td>
    <td>其他</td>
    <td>0.59%</td>
    <td>4,500,000</td>
    <td colspan=""2"">2,500,000</td>
    <td>0</td>
    <td>4,500,000</td>
    <td>不适用</td>
    <td>0</td>
  </tr>
  <tr>
    <td colspan=""5"">战略投资者或一般法人因配售新股成为前10名股东的情况</td>
    <td colspan=""5"">不适用。</td>
  </tr>
  <tr>
    <td colspan=""5"">上述股东关联关系或一致行动的说明</td>
    <td colspan=""5"">前10名股东中，郑效东先生与郑可青女士为父女关系，系一致行动人；郑效东先生与郑效友先生为兄弟关系。其他股东之间，未知是否存在关联关系，也未知是否属于一致行动人。</td>
  </tr>
  <tr>
    <td colspan=""5"">上述股东涉及委托/受托表决权、放弃表决权情况的说明</td>
    <td colspan=""5"">自2019年12月5日起8年内，郑可青女士将其持有的125,667,408股股份对应的表决权全部委托给郑效东先生行使。</td>
  </tr>
  <tr>
    <td colspan=""5"">前10名股东中存在回购专户的特别说明</td>
    <td colspan=""5"">公司存在回购专户“东富龙科技集团股份有限公司回购专用证券账户”，持股数量为4,980,001股，占总股本的0.65%，在当期全体股东名册中位居第9名，但不纳入前10名股东列示。</td>
  </tr>
</table>

> Note: merged cells detected, rendered as HTML table.

---
## 前10名无限售条件股东持股情况（不含通过转融通出借股份、高管锁定股）

<table id='4a7f0ad568dcbc5c9e04f897bee6eb17' titleId='4a7f0ad568dcbc5c9e04f897bee6eb17'>
  <tr>
    <td rowspan=""2"">股东名称</td>
    <td rowspan=""2"">报告期末持有无限售条件股份数量</td>
    <td colspan=""2"">股份种类</td>
  </tr>
  <tr>
    <td>股份种类</td>
    <td>数量</td>
  </tr>
  <tr>
    <td>郑可青</td>
    <td>125,667,408</td>
    <td>人民币普通股</td>
    <td>125,667,408</td>
  </tr>
  <tr>
    <td>郑效东</td>
    <td>65,239,752</td>
    <td>人民币普通股</td>
    <td>65,239,752</td>
  </tr>
  <tr>
    <td>上海生物医药产业股权投资基金合伙企业（有限合伙）</td>
    <td>24,307,243</td>
    <td>人民币普通股</td>
    <td>24,307,243</td>
  </tr>
  <tr>
    <td>国投招商投资管理有限公司－先进制造产业投资基金二期（有限合伙）</td>
    <td>24,307,243</td>
    <td>人民币普通股</td>
    <td>24,307,243</td>
  </tr>
  <tr>
    <td>上海君和立成投资管理中心（有限合伙）－宁波君和同馨股权投资合伙企业（有限合伙）</td>
    <td>14,584,346</td>
    <td>人民币普通股</td>
    <td>14,584,346</td>
  </tr>
  <tr>
    <td>香港中央结算有限公司</td>
    <td>10,296,935</td>
    <td>人民币普通股</td>
    <td>10,296,935</td>
  </tr>
  <tr>
    <td>粤开资本投资有限公司－广州粤凯医健股权投资合伙企业（有限合伙）</td>
    <td>9,722,897</td>
    <td>人民币普通股</td>
    <td>9,722,897</td>
  </tr>
  <tr>
    <td>诺德基金－上海国鑫投资发展有限公司－诺德基金浦江890号单一资产管理计划</td>
    <td>4,812,834</td>
    <td>人民币普通股</td>
    <td>4,812,834</td>
  </tr>
  <tr>
    <td>深圳市运丰私募证券基金管理有限公司－运丰启胜私募证券投资基金</td>
    <td>4,500,000</td>
    <td>人民币普通股</td>
    <td>4,500,000</td>
  </tr>
  <tr>
    <td>招商银行股份有限公司－金信深圳成长灵活配置混合型发起式证券投资基金</td>
    <td>3,550,574</td>
    <td>人民币普通股</td>
    <td>3,550,574</td>
  </tr>
  <tr>
    <td>前10名无限售条件股东之间，以及前10名无限售条件股东和前10名股东之间关联关系或一致行动的说明</td>
    <td colspan=""3"">前10名股东中，郑效东先生与郑可青女士为父女关系，系一致行动人；郑效东先生与郑效友先生为兄弟关系。其他股东之间，未知是否存在关联关系，也未知是否属于一致行动人。</td>
  </tr>
  <tr>
    <td>前10名普通股股东参与融资融券业务股东情况说明</td>
    <td colspan=""3"">不适用。</td>
  </tr>
</table>

> Note: merged cells detected, rendered as HTML table.

---
四、董事和高级管理人员持股变动
□适用 不适用
公司董事和高级管理人员在报告期持股情况没有发生变动，具体可参见2025年年报。
五、控股股东或实际控制人变更情况
公司前期已披露实际控制人筹划控制权变更但尚未完成的，请说明控制权变更进展情况。
□适用 不适用
控股股东报告期内变更
□适用 不适用
公司报告期控股股东未发生变更。
实际控制人报告期内变更
□适用 不适用
公司报告期实际控制人未发生变更。
六、优先股相关情况
□适用 不适用
报告期公司不存在优先股。

---
一、审计报告
半年度报告是否经过审计
□是 否
公司半年度财务报告未经审计。
二、财务报表
财务附注中报表的单位为：元
1、合并资产负债表
编制单位：东富龙科技集团股份有限公司
2026年06月30日
单位：元
主管会计工作负责人：陆德华
法定代表人：郑效东
会计机构负责人：赵威
2、母公司资产负债表
单位：元
3、合并利润表
单位：元
法定代表人：郑效东
主管会计工作负责人：陆德华
会计机构负责人：赵威
4、母公司利润表
单位：元
5、合并现金流量表
单位：元
6、母公司现金流量表
单位：元
7、合并所有者权益变动表
本期金额
单位：元
上年金额
单位：元
8、母公司所有者权益变动表
本期金额
单位：元
上期金额
单位：元

---
## 合并利润表

单位：元

| 项目 | 2026年半年度 | 2025年半年度 |
| :--: | :--: | :--: |
| 一、营业总收入 | 2,534,573,184.09 | 2,428,518,866.54 |
| 其中：营业收入 | 2,534,573,184.09 | 2,428,518,866.54 |
| 利息收入 |  |  |
| 已赚保费 |  |  |
| 手续费及佣金收入 |  |  |
| 二、营业总成本 | 2,336,552,646.45 | 2,295,896,112.04 |
| 其中：营业成本 | 1,719,246,453.48 | 1,726,151,588.76 |
| 利息支出 |  |  |
| 手续费及佣金支出 |  |  |
| 退保金 |  |  |
| 赔付支出净额 |  |  |
| 提取保险责任准备金净额 |  |  |
| 保单红利支出 |  |  |
| 分保费用 |  |  |
| 税金及附加 | 29,894,022.93 | 22,685,676.76 |
| 销售费用 | 136,115,354.66 | 143,379,487.28 |
| 管理费用 | 275,396,475.98 | 277,767,094.01 |
| 研发费用 | 143,617,571.07 | 158,451,587.98 |
| 财务费用 | 32,282,768.33 | -32,539,322.75 |
| 其中：利息费用 | 1,520,376.90 | 463,562.51 |
| 利息收入 | 16,763,663.60 | 26,840,293.88 |
| 加：其他收益 | 28,898,197.02 | 24,273,720.20 |
| 投资收益（损失以“—”号填列） | 6,840,500.07 | 10,114,565.98 |
| 其中：对联营企业和合营企业的投资收益 | -1,391,127.99 | -5,054,449.06 |
| 以摊余成本计量的金融资产终止确认收益 |  |  |
| 汇兑收益（损失以“—”号填列） |  |  |
| 净敞口套期收益（损失以“—”号填列） |  |  |
| 公允价值变动收益（损失以“—”号填列） | -8,864,320.55 | 5,228,273.24 |
| 信用减值损失（损失以“—”号填列） | -10,356,551.81 | -26,250,176.91 |
| 资产减值损失（损失以“—”号填列） | -72,433,460.68 | -76,252,179.92 |
| 资产处置收益（损失以“—”号填列） | 143,716.15 | 159,353.69 |
| 三、营业利润（亏损以“—”号填列） | 142,248,617.84 | 69,896,310.78 |
| 加：营业外收入 | 12,942,073.44 | 4,694,508.75 |
| 减：营业外支出 | 3,683,347.37 | 4,782,865.30 |
| 四、利润总额（亏损总额以“—”号填列） | 151,507,343.91 | 69,807,954.23 |
| 减：所得税费用 | 22,767,760.29 | 20,090,048.29 |
| 五、净利润（净亏损以“—”号填列） | 128,739,583.62 | 49,717,905.94 |
| （一）按经营持续性分类 |  |  |
| 1.持续经营净利润（净亏损以“—”号填列） | 128,739,583.62 | 49,717,905.94 |
| 2.终止经营净利润（净亏损以“—”号填列） |  |  |
| （二）按所有权归属分类 |  |  |
| 1.归属于母公司股东的净利润（净亏损以“—”号填列） | 107,678,132.77 | 45,919,546.96 |
| 2.少数股东损益（净亏损以“—”号填列） | 21,061,450.85 | 3,798,358.98 |
| 六、其他综合收益的税后净额 | -9,377,665.08 | -6,480,748.15 |
| 归属母公司所有者的其他综合收益的税后净额 | -9,189,921.49 | -7,625,472.57 |
| （一）不能重分类进损益的其他综合收益 | -5,323,913.15 | -10,680,217.07 |
| 1.重新计量设定受益计划变动额 |  |  |
| 2.权益法下不能转损益的其他综合收益 |  |  |
| 3.其他权益工具投资公允价值变动 | -5,323,913.15 | -10,680,217.07 |
| 4.企业自身信用风险公允价值变动 |  |  |
| 5.其他 |  |  |
| （二）将重分类进损益的其他综合收益 | -3,866,008.34 | 3,054,744.50 |
| 1.权益法下可转损益的其他综合收益 |  |  |
| 2.其他债权投资公允价值变动 |  |  |
| 3.金融资产重分类计入其他综合收益的金额 |  |  |
| 4.其他债权投资信用减值准备 |  |  |
| 5.现金流量套期储备 |  |  |
| 6.外币财务报表折算差额 | -3,866,008.34 | 3,054,744.50 |
| 7.其他 |  |  |
| 归属于少数股东的其他综合收益的税后净额 | -187,743.59 | 1,144,724.42 |
| 七、综合收益总额 | 119,361,918.54 | 43,237,157.79 |
| 归属于母公司所有者的综合收益总额 | 98,488,211.28 | 38,294,074.39 |
| 归属于少数股东的综合收益总额 | 20,873,707.26 | 4,943,083.40 |
| 八、每股收益： |  |  |
| （一）基本每股收益 | 0.1415 | 0.0604 |
| （二）稀释每股收益 | 0.1415 | 0.0604 |

---
## 母公司利润表

单位：元

| 项目 | 2026年半年度 | 2025年半年度 |
| :--: | :--: | :--: |
| 一、营业收入 | 1,895,526,799.03 | 1,950,834,105.62 |
| 减：营业成本 | 1,438,596,717.68 | 1,528,222,650.63 |
| 税金及附加 | 16,684,208.38 | 8,880,749.48 |
| 销售费用 | 82,792,552.07 | 89,256,047.74 |
| 管理费用 | 109,545,561.42 | 111,458,055.82 |
| 研发费用 | 53,829,578.94 | 63,347,402.53 |
| 财务费用 | 32,383,871.14 | -19,335,383.10 |
| 其中：利息费用 |  |  |
| 利息收入 | 6,185,971.58 | 7,167,390.94 |
| 加：其他收益 | 17,282,789.18 | 15,761,274.68 |
| 投资收益（损失以“—”号填列） | 6,217,120.06 | 22,447,176.52 |
| 其中：对联营企业和合营企业的投资收益 | -1,286,008.11 | 521,933.04 |
| 以摊余成本计量的金融资产终止确认收益 |  |  |
| 净敞口套期收益（损失以“—”号填列） |  |  |
| 公允价值变动收益（损失以“—”号填列） | -15,344,356.01 | 212,006.75 |
| 信用减值损失（损失以“—”号填列） | -21,451,223.22 | -26,791,605.92 |
| 资产减值损失（损失以“—”号填列） | -20,217,937.05 | -45,911,097.68 |
| 资产处置收益（损失以“—”号填列） | 1,076.30 | 147,750.82 |
| 二、营业利润（亏损以“—”号填列） | 128,181,778.66 | 134,870,087.69 |
| 加：营业外收入 | 2,680,690.83 | 2,161,520.60 |
| 减：营业外支出 | 2,860,119.34 | 22,537.51 |
| 三、利润总额（亏损总额以“—”号填列） | 128,002,350.15 | 137,009,070.78 |
| 减：所得税费用 | 11,911,107.85 | 10,818,979.25 |
| 四、净利润（净亏损以“—”号填列） | 116,091,242.30 | 126,190,091.53 |
| （一）持续经营净利润（净亏损以“—”号填列） | 116,091,242.30 | 126,190,091.53 |
| （二）终止经营净利润（净亏损以“—”号填列） |  |  |
| 五、其他综合收益的税后净额 | 288,804.92 | 212,103.20 |
| （一）不能重分类进损益的其他综合收益 | 288,804.92 | 212,103.20 |
| 1.重新计量设定受益计划变动额 |  |  |
| 2.权益法下不能转损益的其他综合收益 |  |  |
| 3.其他权益工具投资公允价值变动 | 288,804.92 | 212,103.20 |
| 4.企业自身信用风险公允价值变动 |  |  |
| 5.其他 |  |  |
| （二）将重分类进损益的其他综合收益 |  |  |
| 1.权益法下可转损益的其他综合收益 |  |  |
| 2.其他债权投资公允价值变动 |  |  |
| 3.金融资产重分类计入其他综合收益的金额 |  |  |
| 4.其他债权投资信用减值准备 |  |  |
| 5.现金流量套期储备 |  |  |
| 6.外币财务报表折算差额 |  |  |
| 7.其他 |  |  |
| 六、综合收益总额 | 116,380,047.22 | 126,402,194.73 |
| 七、每股收益： |  |  |
| （一）基本每股收益 | 0.1526 | 0.1659 |
| （二）稀释每股收益 | 0.1526 | 0.1659 |

---
## 合并现金流量表

单位：元

| 项目 | 2026年半年度 | 2025年半年度 |
| :--: | :--: | :--: |
| 一、经营活动产生的现金流量： |  |  |
| 销售商品、提供劳务收到的现金 | 2,535,096,153.79 | 2,553,294,875.90 |
| 客户存款和同业存放款项净增加额 |  |  |
| 向中央银行借款净增加额 |  |  |
| 向其他金融机构拆入资金净增加额 |  |  |
| 收到原保险合同保费取得的现金 |  |  |
| 收到再保业务现金净额 |  |  |
| 保户储金及投资款净增加额 |  |  |
| 收取利息、手续费及佣金的现金 |  |  |
| 拆入资金净增加额 |  |  |
| 回购业务资金净增加额 |  |  |
| 代理买卖证券收到的现金净额 |  |  |
| 收到的税费返还 | 24,376,705.37 | 51,795,853.68 |
| 收到其他与经营活动有关的现金 | 117,538,118.69 | 89,619,007.88 |
| 经营活动现金流入小计 | 2,677,010,977.85 | 2,694,709,737.46 |
| 购买商品、接受劳务支付的现金 | 1,521,774,524.92 | 1,379,982,782.09 |
| 客户贷款及垫款净增加额 |  |  |
| 存放中央银行和同业款项净增加额 |  |  |
| 支付原保险合同赔付款项的现金 |  |  |
| 拆出资金净增加额 |  |  |
| 支付利息、手续费及佣金的现金 |  |  |
| 支付保单红利的现金 |  |  |
| 支付给职工以及为职工支付的现金 | 624,995,497.23 | 611,901,616.55 |
| 支付的各项税费 | 157,626,255.63 | 129,283,339.68 |
| 支付其他与经营活动有关的现金 | 281,510,543.90 | 297,180,645.92 |
| 经营活动现金流出小计 | 2,585,906,821.68 | 2,418,348,384.24 |
| 经营活动产生的现金流量净额 | 91,104,156.17 | 276,361,353.22 |
| 二、投资活动产生的现金流量： |  |  |
| 收回投资收到的现金 | 2,418,157,678.78 | 1,276,085,637.75 |
| 取得投资收益收到的现金 | 1,896,777.72 | 1,526,144.46 |
| 处置固定资产、无形资产和其他长 | 290,307.00 | 257,844.81 |
| 期资产收回的现金净额 |  |  |
| 处置子公司及其他营业单位收到的现金净额 |  |  |
| 收到其他与投资活动有关的现金 | 189,968.98 | 1,305,708.60 |
| 投资活动现金流入小计 | 2,420,534,732.48 | 1,279,175,335.62 |
| 购建固定资产、无形资产和其他长期资产支付的现金 | 66,198,040.12 | 176,498,730.03 |
| 投资支付的现金 | 2,792,490,336.00 | 989,789,184.00 |
| 质押贷款净增加额 |  |  |
| 取得子公司及其他营业单位支付的现金净额 |  |  |
| 支付其他与投资活动有关的现金 |  |  |
| 投资活动现金流出小计 | 2,858,688,376.12 | 1,166,287,914.03 |
| 投资活动产生的现金流量净额 | -438,153,643.64 | 112,887,421.59 |
| 三、筹资活动产生的现金流量： |  |  |
| 吸收投资收到的现金 |  |  |
| 其中：子公司吸收少数股东投资收到的现金 |  |  |
| 取得借款收到的现金 | 56,067,585.53 | 44,700,000.00 |
| 收到其他与筹资活动有关的现金 |  |  |
| 筹资活动现金流入小计 | 56,067,585.53 | 44,700,000.00 |
| 偿还债务支付的现金 | 34,467,585.53 | 3,000,000.00 |
| 分配股利、利润或偿付利息支付的现金 | 62,234,873.53 | 62,959,663.75 |
| 其中：子公司支付给少数股东的股利、利润 |  | 4,801,668.26 |
| 支付其他与筹资活动有关的现金 | 704,544.34 | 1,724,112.72 |
| 筹资活动现金流出小计 | 97,407,003.40 | 67,683,776.47 |
| 筹资活动产生的现金流量净额 | -41,339,417.87 | -22,983,776.47 |
| 四、汇率变动对现金及现金等价物的影响 | -25,554,253.97 | 10,198,124.36 |
| 五、现金及现金等价物净增加额 | -413,943,159.31 | 376,463,122.70 |
| 加：期初现金及现金等价物余额 | 3,048,648,189.30 | 2,467,872,223.14 |
| 六、期末现金及现金等价物余额 | 2,634,705,029.99 | 2,844,335,345.84 |

---
## 母公司现金流量表

单位：元

| 项目 | 2026年半年度 | 2025年半年度 |
| :--: | :--: | :--: |
| 一、经营活动产生的现金流量： |  |  |
| 销售商品、提供劳务收到的现金 | 1,564,653,964.11 | 1,729,157,653.96 |
| 收到的税费返还 | 11,760,047.23 | 21,269,033.66 |
| 收到其他与经营活动有关的现金 | 80,343,555.14 | 58,900,272.89 |
| 经营活动现金流入小计 | 1,656,757,566.48 | 1,809,326,960.51 |
| 购买商品、接受劳务支付的现金 | 1,116,552,443.30 | 1,320,500,956.79 |
| 支付给职工以及为职工支付的现金 | 245,647,391.41 | 231,834,171.22 |
| 支付的各项税费 | 50,619,984.79 | 25,270,522.75 |
| 支付其他与经营活动有关的现金 | 221,467,396.15 | 192,285,561.90 |
| 经营活动现金流出小计 | 1,634,287,215.65 | 1,769,891,212.66 |
| 经营活动产生的现金流量净额 | 22,470,350.83 | 39,435,747.85 |
| 二、投资活动产生的现金流量： |  |  |
| 收回投资收到的现金 | 2,100,703,931.58 | 884,751,148.52 |
| 取得投资收益收到的现金 | 1,532,261.58 | 12,730,037.08 |
| 处置固定资产、无形资产和其他长期资产收回的现金净额 |  | 165,480.00 |
| 处置子公司及其他营业单位收到的现金净额 |  |  |
| 收到其他与投资活动有关的现金 | 179,000.00 |  |
| 投资活动现金流入小计 | 2,102,415,193.16 | 897,646,665.60 |
| 购建固定资产、无形资产和其他长期资产支付的现金 | 13,779,741.31 | 30,588,565.90 |
| 投资支付的现金 | 2,221,490,336.00 | 617,183,009.00 |
| 取得子公司及其他营业单位支付的现金净额 |  |  |
| 支付其他与投资活动有关的现金 |  |  |
| 投资活动现金流出小计 | 2,235,270,077.31 | 647,771,574.90 |
| 投资活动产生的现金流量净额 | -132,854,884.15 | 249,875,090.70 |
| 三、筹资活动产生的现金流量： |  |  |
| 吸收投资收到的现金 |  |  |
| 取得借款收到的现金 |  |  |
| 收到其他与筹资活动有关的现金 |  |  |
| 筹资活动现金流入小计 |  |  |
| 偿还债务支付的现金 |  |  |
| 分配股利、利润或偿付利息支付的现金 | 60,867,843.12 | 57,824,448.37 |
| 支付其他与筹资活动有关的现金 |  |  |
| 筹资活动现金流出小计 | 60,867,843.12 | 57,824,448.37 |
| 筹资活动产生的现金流量净额 | -60,867,843.12 | -57,824,448.37 |
| 四、汇率变动对现金及现金等价物的影响 | -26,619,287.93 | 8,467,368.41 |
| 五、现金及现金等价物净增加额 | -197,871,664.37 | 239,953,758.59 |
| 加：期初现金及现金等价物余额 | 1,306,017,453.67 | 836,710,108.03 |
| 六、期末现金及现金等价物余额 | 1,108,145,789.30 | 1,076,663,866.62 |

---
## 合并所有者权益变动表-本期金额

单位：元

<table id='c469864b961f08ed49cdf06bf83ecc20' titleId='6dbb3a27-65ca-4c75-be00-7c3d15331675' headId='c469864b961f08ed49cdf06bf83ecc20'>
  <tr>
    <td rowspan=""4"">项目</td>
    <td colspan=""15"">2026年半年度</td>
  </tr>
  <tr>
    <td colspan=""13"">归属于母公司所有者权益</td>
    <td rowspan=""3"">少数股东权益</td>
    <td rowspan=""3"">所有者权益合计</td>
  </tr>
  <tr>
    <td rowspan=""2"">股本</td>
    <td colspan=""3"">其他权益工具</td>
    <td rowspan=""2"">资本公积</td>
    <td rowspan=""2"">减：库存股</td>
    <td rowspan=""2"">其他综合收益</td>
    <td rowspan=""2"">专项储备</td>
    <td rowspan=""2"">盈余公积</td>
    <td rowspan=""2"">一般风险准备</td>
    <td rowspan=""2"">未分配利润</td>
    <td rowspan=""2"">其他</td>
    <td rowspan=""2"">小计</td>
  </tr>
  <tr>
    <td>优先股</td>
    <td>永续债</td>
    <td>其他</td>
  </tr>
  <tr>
    <td>一、上年年末余额</td>
    <td>765, 828, 040. 00</td>
    <td></td>
    <td></td>
    <td></td>
    <td>3,523,747, 789.22</td>
    <td>63,943,727.13</td>
    <td>49,550,620.59</td>
    <td>100,746,142.48</td>
    <td>382,914,020.00</td>
    <td></td>
    <td>3,174,745,646. 74</td>
    <td></td>
    <td>7,933,588,531. 90</td>
    <td>238,454,701.36</td>
    <td>8,172,043,233. 26</td>
  </tr>
  <tr>
    <td>加：会计政策变更</td>
    <td></td>
    <td></td>
    <td></td>
    <td></td>
    <td></td>
    <td></td>
    <td></td>
    <td></td>
    <td></td>
    <td></td>
    <td></td>
    <td></td>
    <td></td>
    <td></td>
    <td></td>
  </tr>
  <tr>
    <td>前期差错更正</td>
    <td></td>
    <td></td>
    <td></td>
    <td></td>
    <td></td>
    <td></td>
    <td></td>
    <td></td>
    <td></td>
    <td></td>
    <td></td>
    <td></td>
    <td></td>
    <td></td>
    <td></td>
  </tr>
  <tr>
    <td>其他</td>
    <td></td>
    <td></td>
    <td></td>
    <td></td>
    <td></td>
    <td></td>
    <td></td>
    <td></td>
    <td></td>
    <td></td>
    <td></td>
    <td></td>
    <td></td>
    <td></td>
    <td></td>
  </tr>
  <tr>
    <td>二、本年期初余额</td>
    <td>765, 828, 040. 00</td>
    <td></td>
    <td></td>
    <td></td>
    <td>3,523,747, 789.22</td>
    <td>63,943,727.13</td>
    <td>49,550,620.59</td>
    <td>100,746,142.48</td>
    <td>382,914,020.00</td>
    <td></td>
    <td>3,174,745,646. 74</td>
    <td></td>
    <td>7,933,588,531. 90</td>
    <td>238,454,701.36</td>
    <td>8,172,043,233. 26</td>
  </tr>
  <tr>
    <td>三、本期增减变动金额（减少以“－”号填列）</td>
    <td></td>
    <td></td>
    <td></td>
    <td></td>
    <td></td>
    <td></td>
    <td>-9,189, 921.49</td>
    <td>561,584.24</td>
    <td></td>
    <td></td>
    <td>46,810, 289.65</td>
    <td></td>
    <td>38,181, 952.40</td>
    <td>21,569, 085.51</td>
    <td>59,751, 037.91</td>
  </tr>
  <tr>
    <td>（一）综合收益总额</td>
    <td></td>
    <td></td>
    <td></td>
    <td></td>
    <td></td>
    <td></td>
    <td>-9,189, 921.49</td>
    <td></td>
    <td></td>
    <td></td>
    <td>107,678,132.77</td>
    <td></td>
    <td>98,488, 211.28</td>
    <td>20,961, 284.10</td>
    <td>119,449,495.38</td>
  </tr>
  <tr>
    <td>（二）所有者投入和减少资本</td>
    <td></td>
    <td></td>
    <td></td>
    <td></td>
    <td></td>
    <td></td>
    <td></td>
    <td></td>
    <td></td>
    <td></td>
    <td></td>
    <td></td>
    <td></td>
    <td></td>
    <td></td>
  </tr>
  <tr>
    <td>1．所有者投入的普通股</td>
    <td></td>
    <td></td>
    <td></td>
    <td></td>
    <td></td>
    <td></td>
    <td></td>
    <td></td>
    <td></td>
    <td></td>
    <td></td>
    <td></td>
    <td></td>
    <td></td>
    <td></td>
  </tr>
  <tr>
    <td>2．其他权益工具持有者投入资本</td>
    <td></td>
    <td></td>
    <td></td>
    <td></td>
    <td></td>
    <td></td>
    <td></td>
    <td></td>
    <td></td>
    <td></td>
    <td></td>
    <td></td>
    <td></td>
    <td></td>
    <td></td>
  </tr>
  <tr>
    <td>3．股份支付计入所有者权益的金额</td>
    <td></td>
    <td></td>
    <td></td>
    <td></td>
    <td></td>
    <td></td>
    <td></td>
    <td></td>
    <td></td>
    <td></td>
    <td></td>
    <td></td>
    <td></td>
    <td></td>
    <td></td>
  </tr>
  <tr>
    <td>4．其他</td>
    <td></td>
    <td></td>
    <td></td>
    <td></td>
    <td></td>
    <td></td>
    <td></td>
    <td></td>
    <td></td>
    <td></td>
    <td></td>
    <td></td>
    <td></td>
    <td></td>
    <td></td>
  </tr>
  <tr>
    <td>（三）利润分配</td>
    <td></td>
    <td></td>
    <td></td>
    <td></td>
    <td></td>
    <td></td>
    <td></td>
    <td></td>
    <td></td>
    <td></td>
    <td>-60,867, 843.12</td>
    <td></td>
    <td>-60,867, 843.12</td>
    <td></td>
    <td>-60,867, 843.12</td>
  </tr>
  <tr>
    <td>1．提取盈余公积</td>
    <td></td>
    <td></td>
    <td></td>
    <td></td>
    <td></td>
    <td></td>
    <td></td>
    <td></td>
    <td></td>
    <td></td>
    <td></td>
    <td></td>
    <td></td>
    <td></td>
    <td></td>
  </tr>
  <tr>
    <td>2．提取一般风险准备</td>
    <td></td>
    <td></td>
    <td></td>
    <td></td>
    <td></td>
    <td></td>
    <td></td>
    <td></td>
    <td></td>
    <td></td>
    <td></td>
    <td></td>
    <td></td>
    <td></td>
    <td></td>
  </tr>
  <tr>
    <td>3．对所有者（或股东）的分配</td>
    <td></td>
    <td></td>
    <td></td>
    <td></td>
    <td></td>
    <td></td>
    <td></td>
    <td></td>
    <td></td>
    <td></td>
    <td>-60,867, 843.12</td>
    <td></td>
    <td>-60,867, 843.12</td>
    <td></td>
    <td>-60,867, 843.12</td>
  </tr>
  <tr>
    <td>4．其他</td>
    <td></td>
    <td></td>
    <td></td>
    <td></td>
    <td></td>
    <td></td>
    <td></td>
    <td></td>
    <td></td>
    <td></td>
    <td></td>
    <td></td>
    <td></td>
    <td></td>
    <td></td>
  </tr>
  <tr>
    <td>（四）所有者权益内部结转</td>
    <td></td>
    <td></td>
    <td></td>
    <td></td>
    <td></td>
    <td></td>
    <td></td>
    <td></td>
    <td></td>
    <td></td>
    <td></td>
    <td></td>
    <td></td>
    <td></td>
    <td></td>
  </tr>
  <tr>
    <td>1．资本公积转增资本（或股本）</td>
    <td></td>
    <td></td>
    <td></td>
    <td></td>
    <td></td>
    <td></td>
    <td></td>
    <td></td>
    <td></td>
    <td></td>
    <td></td>
    <td></td>
    <td></td>
    <td></td>
    <td></td>
  </tr>
  <tr>
    <td>2．盈余公积转增资本（或股本）</td>
    <td></td>
    <td></td>
    <td></td>
    <td></td>
    <td></td>
    <td></td>
    <td></td>
    <td></td>
    <td></td>
    <td></td>
    <td></td>
    <td></td>
    <td></td>
    <td></td>
    <td></td>
  </tr>
  <tr>
    <td>3．盈余公积弥补亏损</td>
    <td></td>
    <td></td>
    <td></td>
    <td></td>
    <td></td>
    <td></td>
    <td></td>
    <td></td>
    <td></td>
    <td></td>
    <td></td>
    <td></td>
    <td></td>
    <td></td>
    <td></td>
  </tr>
  <tr>
    <td>4．设定受益计划变动额结转留存收益</td>
    <td></td>
    <td></td>
    <td></td>
    <td></td>
    <td></td>
    <td></td>
    <td></td>
    <td></td>
    <td></td>
    <td></td>
    <td></td>
    <td></td>
    <td></td>
    <td></td>
    <td></td>
  </tr>
  <tr>
    <td>5．其他综合收益结转留存收益</td>
    <td></td>
    <td></td>
    <td></td>
    <td></td>
    <td></td>
    <td></td>
    <td></td>
    <td></td>
    <td></td>
    <td></td>
    <td></td>
    <td></td>
    <td></td>
    <td></td>
    <td></td>
  </tr>
  <tr>
    <td>6．其他</td>
    <td></td>
    <td></td>
    <td></td>
    <td></td>
    <td></td>
    <td></td>
    <td></td>
    <td></td>
    <td></td>
    <td></td>
    <td></td>
    <td></td>
    <td></td>
    <td></td>
    <td></td>
  </tr>
  <tr>
    <td>（五）专项储备</td>
    <td></td>
    <td></td>
    <td></td>
    <td></td>
    <td></td>
    <td></td>
    <td></td>
    <td>561,584.24</td>
    <td></td>
    <td></td>
    <td></td>
    <td></td>
    <td>561,584.24</td>
    <td>607,801.41</td>
    <td>1,169,385.65</td>
  </tr>
  <tr>
    <td>1．本期提取</td>
    <td></td>
    <td></td>
    <td></td>
    <td></td>
    <td></td>
    <td></td>
    <td></td>
    <td>1,342,118.11</td>
    <td></td>
    <td></td>
    <td></td>
    <td></td>
    <td>1,342,118.11</td>
    <td>630,560.06</td>
    <td>1,972,678.17</td>
  </tr>
  <tr>
    <td>2．本期使用</td>
    <td></td>
    <td></td>
    <td></td>
    <td></td>
    <td></td>
    <td></td>
    <td></td>
    <td>780,533.87</td>
    <td></td>
    <td></td>
    <td></td>
    <td></td>
    <td>780,533.87</td>
    <td>22,758. 65</td>
    <td>803,292.52</td>
  </tr>
  <tr>
    <td>（六）其他</td>
    <td></td>
    <td></td>
    <td></td>
    <td></td>
    <td></td>
    <td></td>
    <td></td>
    <td></td>
    <td></td>
    <td></td>
    <td></td>
    <td></td>
    <td></td>
    <td></td>
    <td></td>
  </tr>
  <tr>
    <td>四、本期期末余额</td>
    <td>765, 828, 040. 00</td>
    <td></td>
    <td></td>
    <td></td>
    <td>3,523,747, 789.22</td>
    <td>63,943,727.13</td>
    <td>40,360,699.10</td>
    <td>101,307,726.72</td>
    <td>382,914,020.00</td>
    <td></td>
    <td>3,221,555,936. 39</td>
    <td></td>
    <td>7,971,770,484. 30</td>
    <td>260,023,786.87</td>
    <td>8,231,794,271. 17</td>
  </tr>
</table>

> Note: merged cells detected, rendered as HTML table.

---
## 合并所有者权益变动表-本期金额

单位：元

<table id='c469864b961f08ed49cdf06bf83ecc20' titleId='6dbb3a27-65ca-4c75-be00-7c3d15331675' headId='c469864b961f08ed49cdf06bf83ecc20'>
  <tr>
    <td rowspan=""4"">项目</td>
    <td colspan=""15"">2026年半年度</td>
  </tr>
  <tr>
    <td colspan=""13"">归属于母公司所有者权益</td>
    <td rowspan=""3"">少数股东权益</td>
    <td rowspan=""3"">所有者权益合计</td>
  </tr>
  <tr>
    <td rowspan=""2"">股本</td>
    <td colspan=""3"">其他权益工具</td>
    <td rowspan=""2"">资本公积</td>
    <td rowspan=""2"">减：库存股</td>
    <td rowspan=""2"">其他综合收益</td>
    <td rowspan=""2"">专项储备</td>
    <td rowspan=""2"">盈余公积</td>
    <td rowspan=""2"">一般风险准备</td>
    <td rowspan=""2"">未分配利润</td>
    <td rowspan=""2"">其他</td>
    <td rowspan=""2"">小计</td>
  </tr>
  <tr>
    <td>优先股</td>
    <td>永续债</td>
    <td>其他</td>
  </tr>
  <tr>
    <td>一、上年年末余额</td>
    <td>765, 828, 040. 00</td>
    <td></td>
    <td></td>
    <td></td>
    <td>3,523,747, 789.22</td>
    <td>63,943,727.13</td>
    <td>49,550,620.59</td>
    <td>100,746,142.48</td>
    <td>382,914,020.00</td>
    <td></td>
    <td>3,174,745,646. 74</td>
    <td></td>
    <td>7,933,588,531. 90</td>
    <td>238,454,701.36</td>
    <td>8,172,043,233. 26</td>
  </tr>
  <tr>
    <td>加：会计政策变更</td>
    <td></td>
    <td></td>
    <td></td>
    <td></td>
    <td></td>
    <td></td>
    <td></td>
    <td></td>
    <td></td>
    <td></td>
    <td></td>
    <td></td>
    <td></td>
    <td></td>
    <td></td>
  </tr>
  <tr>
    <td>前期差错更正</td>
    <td></td>
    <td></td>
    <td></td>
    <td></td>
    <td></td>
    <td></td>
    <td></td>
    <td></td>
    <td></td>
    <td></td>
    <td></td>
    <td></td>
    <td></td>
    <td></td>
    <td></td>
  </tr>
  <tr>
    <td>其他</td>
    <td></td>
    <td></td>
    <td></td>
    <td></td>
    <td></td>
    <td></td>
    <td></td>
    <td></td>
    <td></td>
    <td></td>
    <td></td>
    <td></td>
    <td></td>
    <td></td>
    <td></td>
  </tr>
  <tr>
    <td>二、本年期初余额</td>
    <td>765, 828, 040. 00</td>
    <td></td>
    <td></td>
    <td></td>
    <td>3,523,747, 789.22</td>
    <td>63,943,727.13</td>
    <td>49,550,620.59</td>
    <td>100,746,142.48</td>
    <td>382,914,020.00</td>
    <td></td>
    <td>3,174,745,646. 74</td>
    <td></td>
    <td>7,933,588,531. 90</td>
    <td>238,454,701.36</td>
    <td>8,172,043,233. 26</td>
  </tr>
  <tr>
    <td>三、本期增减变动金额（减少以“－”号填列）</td>
    <td></td>
    <td></td>
    <td></td>
    <td></td>
    <td></td>
    <td></td>
    <td>-9,189, 921.49</td>
    <td>561,584.24</td>
    <td></td>
    <td></td>
    <td>46,810, 289.65</td>
    <td></td>
    <td>38,181, 952.40</td>
    <td>21,569, 085.51</td>
    <td>59,751, 037.91</td>
  </tr>
  <tr>
    <td>（一）综合收益总额</td>
    <td></td>
    <td></td>
    <td></td>
    <td></td>
    <td></td>
    <td></td>
    <td>-9,189, 921.49</td>
    <td></td>
    <td></td>
    <td></td>
    <td>107,678,132.77</td>
    <td></td>
    <td>98,488, 211.28</td>
    <td>20,961, 284.10</td>
    <td>119,449,495.38</td>
  </tr>
  <tr>
    <td>（二）所有者投入和减少资本</td>
    <td></td>
    <td></td>
    <td></td>
    <td></td>
    <td></td>
    <td></td>
    <td></td>
    <td></td>
    <td></td>
    <td></td>
    <td></td>
    <td></td>
    <td></td>
    <td></td>
    <td></td>
  </tr>
  <tr>
    <td>1．所有者投入的普通股</td>
    <td></td>
    <td></td>
    <td></td>
    <td></td>
    <td></td>
    <td></td>
    <td></td>
    <td></td>
    <td></td>
    <td></td>
    <td></td>
    <td></td>
    <td></td>
    <td></td>
    <td></td>
  </tr>
  <tr>
    <td>2．其他权益工具持有者投入资本</td>
    <td></td>
    <td></td>
    <td></td>
    <td></td>
    <td></td>
    <td></td>
    <td></td>
    <td></td>
    <td></td>
    <td></td>
    <td></td>
    <td></td>
    <td></td>
    <td></td>
    <td></td>
  </tr>
  <tr>
    <td>3．股份支付计入所有者权益的金额</td>
    <td></td>
    <td></td>
    <td></td>
    <td></td>
    <td></td>
    <td></td>
    <td></td>
    <td></td>
    <td></td>
    <td></td>
    <td></td>
    <td></td>
    <td></td>
    <td></td>
    <td></td>
  </tr>
  <tr>
    <td>4．其他</td>
    <td></td>
    <td></td>
    <td></td>
    <td></td>
    <td></td>
    <td></td>
    <td></td>
    <td></td>
    <td></td>
    <td></td>
    <td></td>
    <td></td>
    <td></td>
    <td></td>
    <td></td>
  </tr>
  <tr>
    <td>（三）利润分配</td>
    <td></td>
    <td></td>
    <td></td>
    <td></td>
    <td></td>
    <td></td>
    <td></td>
    <td></td>
    <td></td>
    <td></td>
    <td>-60,867, 843.12</td>
    <td></td>
    <td>-60,867, 843.12</td>
    <td></td>
    <td>-60,867, 843.12</td>
  </tr>
  <tr>
    <td>1．提取盈余公积</td>
    <td></td>
    <td></td>
    <td></td>
    <td></td>
    <td></td>
    <td></td>
    <td></td>
    <td></td>
    <td></td>
    <td></td>
    <td></td>
    <td></td>
    <td></td>
    <td></td>
    <td></td>
  </tr>
  <tr>
    <td>2．提取一般风险准备</td>
    <td></td>
    <td></td>
    <td></td>
    <td></td>
    <td></td>
    <td></td>
    <td></td>
    <td></td>
    <td></td>
    <td></td>
    <td></td>
    <td></td>
    <td></td>
    <td></td>
    <td></td>
  </tr>
  <tr>
    <td>3．对所有者（或股东）的分配</td>
    <td></td>
    <td></td>
    <td></td>
    <td></td>
    <td></td>
    <td></td>
    <td></td>
    <td></td>
    <td></td>
    <td></td>
    <td>-60,867, 843.12</td>
    <td></td>
    <td>-60,867, 843.12</td>
    <td></td>
    <td>-60,867, 843.12</td>
  </tr>
  <tr>
    <td>4．其他</td>
    <td></td>
    <td></td>
    <td></td>
    <td></td>
    <td></td>
    <td></td>
    <td></td>
    <td></td>
    <td></td>
    <td></td>
    <td></td>
    <td></td>
    <td></td>
    <td></td>
    <td></td>
  </tr>
  <tr>
    <td>（四）所有者权益内部结转</td>
    <td></td>
    <td></td>
    <td></td>
    <td></td>
    <td></td>
    <td></td>
    <td></td>
    <td></td>
    <td></td>
    <td></td>
    <td></td>
    <td></td>
    <td></td>
    <td></td>
    <td></td>
  </tr>
  <tr>
    <td>1．资本公积转增资本（或股本）</td>
    <td></td>
    <td></td>
    <td></td>
    <td></td>
    <td></td>
    <td></td>
    <td></td>
    <td></td>
    <td></td>
    <td></td>
    <td></td>
    <td></td>
    <td></td>
    <td></td>
    <td></td>
  </tr>
  <tr>
    <td>2．盈余公积转增资本（或股本）</td>
    <td></td>
    <td></td>
    <td></td>
    <td></td>
    <td></td>
    <td></td>
    <td></td>
    <td></td>
    <td></td>
    <td></td>
    <td></td>
    <td></td>
    <td></td>
    <td></td>
    <td></td>
  </tr>
  <tr>
    <td>3．盈余公积弥补亏损</td>
    <td></td>
    <td></td>
    <td></td>
    <td></td>
    <td></td>
    <td></td>
    <td></td>
    <td></td>
    <td></td>
    <td></td>
    <td></td>
    <td></td>
    <td></td>
    <td></td>
    <td></td>
  </tr>
  <tr>
    <td>4．设定受益计划变动额结转留存收益</td>
    <td></td>
    <td></td>
    <td></td>
    <td></td>
    <td></td>
    <td></td>
    <td></td>
    <td></td>
    <td></td>
    <td></td>
    <td></td>
    <td></td>
    <td></td>
    <td></td>
    <td></td>
  </tr>
  <tr>
    <td>5．其他综合收益结转留存收益</td>
    <td></td>
    <td></td>
    <td></td>
    <td></td>
    <td></td>
    <td></td>
    <td></td>
    <td></td>
    <td></td>
    <td></td>
    <td></td>
    <td></td>
    <td></td>
    <td></td>
    <td></td>
  </tr>
  <tr>
    <td>6．其他</td>
    <td></td>
    <td></td>
    <td></td>
    <td></td>
    <td></td>
    <td></td>
    <td></td>
    <td></td>
    <td></td>
    <td></td>
    <td></td>
    <td></td>
    <td></td>
    <td></td>
    <td></td>
  </tr>
  <tr>
    <td>（五）专项储备</td>
    <td></td>
    <td></td>
    <td></td>
    <td></td>
    <td></td>
    <td></td>
    <td></td>
    <td>561,584.24</td>
    <td></td>
    <td></td>
    <td></td>
    <td></td>
    <td>561,584.24</td>
    <td>607,801.41</td>
    <td>1,169,385.65</td>
  </tr>
  <tr>
    <td>1．本期提取</td>
    <td></td>
    <td></td>
    <td></td>
    <td></td>
    <td></td>
    <td></td>
    <td></td>
    <td>1,342,118.11</td>
    <td></td>
    <td></td>
    <td></td>
    <td></td>
    <td>1,342,118.11</td>
    <td>630,560.06</td>
    <td>1,972,678.17</td>
  </tr>
  <tr>
    <td>2．本期使用</td>
    <td></td>
    <td></td>
    <td></td>
    <td></td>
    <td></td>
    <td></td>
    <td></td>
    <td>780,533.87</td>
    <td></td>
    <td></td>
    <td></td>
    <td></td>
    <td>780,533.87</td>
    <td>22,758. 65</td>
    <td>803,292.52</td>
  </tr>
  <tr>
    <td>（六）其他</td>
    <td></td>
    <td></td>
    <td></td>
    <td></td>
    <td></td>
    <td></td>
    <td></td>
    <td></td>
    <td></td>
    <td></td>
    <td></td>
    <td></td>
    <td></td>
    <td></td>
    <td></td>
  </tr>
  <tr>
    <td>四、本期期末余额</td>
    <td>765, 828, 040. 00</td>
    <td></td>
    <td></td>
    <td></td>
    <td>3,523,747, 789.22</td>
    <td>63,943,727.13</td>
    <td>40,360,699.10</td>
    <td>101,307,726.72</td>
    <td>382,914,020.00</td>
    <td></td>
    <td>3,221,555,936. 39</td>
    <td></td>
    <td>7,971,770,484. 30</td>
    <td>260,023,786.87</td>
    <td>8,231,794,271. 17</td>
  </tr>
</table>

> Note: merged cells detected, rendered as HTML table.

---
## 合并所有者权益变动表-上年金额

单位：元

<table id='9dc293eef777f4c4d5f4b5305aa2925e' titleId='5fb308e9-0e89-4487-9dbb-bacb31e4d966' headId='9dc293eef777f4c4d5f4b5305aa2925e'>
  <tr>
    <td rowspan=""4"">项目</td>
    <td colspan=""15"">2025年半年度</td>
  </tr>
  <tr>
    <td colspan=""13"">归属于母公司所有者权益</td>
    <td rowspan=""3"">少数股东权益</td>
    <td rowspan=""3"">所有者权益合计</td>
  </tr>
  <tr>
    <td rowspan=""2"">股本</td>
    <td colspan=""3"">其他权益工具</td>
    <td rowspan=""2"">资本公积</td>
    <td rowspan=""2"">减：库存股</td>
    <td rowspan=""2"">其他综合收益</td>
    <td rowspan=""2"">专项储备</td>
    <td rowspan=""2"">盈余公积</td>
    <td rowspan=""2"">一般风险准备</td>
    <td rowspan=""2"">未分配利润</td>
    <td rowspan=""2"">其他</td>
    <td rowspan=""2"">小计</td>
  </tr>
  <tr>
    <td>优先股</td>
    <td>永续债</td>
    <td>其他</td>
  </tr>
  <tr>
    <td>一、上年年末余额</td>
    <td>765, 828, 040. 00</td>
    <td></td>
    <td></td>
    <td></td>
    <td>3,524,723, 388.07</td>
    <td>63,943,727.13</td>
    <td>42,391,923.13</td>
    <td>98,477, 039.47</td>
    <td>382,914,020.00</td>
    <td></td>
    <td>3,055,018,155. 03</td>
    <td></td>
    <td>7,805,408,838. 57</td>
    <td>241,295,389.15</td>
    <td>8,046,704,227. 72</td>
  </tr>
  <tr>
    <td>加：会计政策变更</td>
    <td></td>
    <td></td>
    <td></td>
    <td></td>
    <td></td>
    <td></td>
    <td></td>
    <td></td>
    <td></td>
    <td></td>
    <td></td>
    <td></td>
    <td></td>
    <td></td>
    <td></td>
  </tr>
  <tr>
    <td>前期差错更正</td>
    <td></td>
    <td></td>
    <td></td>
    <td></td>
    <td></td>
    <td></td>
    <td></td>
    <td></td>
    <td></td>
    <td></td>
    <td></td>
    <td></td>
    <td></td>
    <td></td>
    <td></td>
  </tr>
  <tr>
    <td>其他</td>
    <td></td>
    <td></td>
    <td></td>
    <td></td>
    <td></td>
    <td></td>
    <td></td>
    <td></td>
    <td></td>
    <td></td>
    <td></td>
    <td></td>
    <td></td>
    <td></td>
    <td></td>
  </tr>
  <tr>
    <td>二、本年期初余额</td>
    <td>765, 828, 040. 00</td>
    <td></td>
    <td></td>
    <td></td>
    <td>3,524,723, 388.07</td>
    <td>63,943,727.13</td>
    <td>42,391,923.13</td>
    <td>98,477, 039.47</td>
    <td>382,914,020.00</td>
    <td></td>
    <td>3,055,018,155. 03</td>
    <td></td>
    <td>7,805,408,838. 57</td>
    <td>241,295,389.15</td>
    <td>8,046,704,227. 72</td>
  </tr>
  <tr>
    <td>三、本期增减变动</td>
    <td></td>
    <td></td>
    <td></td>
    <td></td>
    <td></td>
    <td></td>
    <td>- 7,625,</td>
    <td>1,572,738.68</td>
    <td></td>
    <td></td>
    <td>- 11,904,</td>
    <td></td>
    <td>- 17,957,</td>
    <td>- 1,555,4</td>
    <td>- 19,513,</td>
  </tr>
  <tr>
    <td>金额（减少以“－”号填列）</td>
    <td></td>
    <td></td>
    <td></td>
    <td></td>
    <td></td>
    <td></td>
    <td>472.57</td>
    <td></td>
    <td></td>
    <td></td>
    <td>901.41</td>
    <td></td>
    <td>635.30</td>
    <td>31.73</td>
    <td>067.03</td>
  </tr>
  <tr>
    <td>（一）综合收益总额</td>
    <td></td>
    <td></td>
    <td></td>
    <td></td>
    <td></td>
    <td></td>
    <td>-7,625, 472.57</td>
    <td></td>
    <td></td>
    <td></td>
    <td>45,919, 546.96</td>
    <td></td>
    <td>38,294, 074.39</td>
    <td>4,943,083.40</td>
    <td>43,237, 157.79</td>
  </tr>
  <tr>
    <td>（二）所有者投入和减少资本</td>
    <td></td>
    <td></td>
    <td></td>
    <td></td>
    <td></td>
    <td></td>
    <td></td>
    <td></td>
    <td></td>
    <td></td>
    <td></td>
    <td></td>
    <td></td>
    <td></td>
    <td></td>
  </tr>
  <tr>
    <td>1．所有者投入的普通股</td>
    <td></td>
    <td></td>
    <td></td>
    <td></td>
    <td></td>
    <td></td>
    <td></td>
    <td></td>
    <td></td>
    <td></td>
    <td></td>
    <td></td>
    <td></td>
    <td></td>
    <td></td>
  </tr>
  <tr>
    <td>2．其他权益工具持有者投入资本</td>
    <td></td>
    <td></td>
    <td></td>
    <td></td>
    <td></td>
    <td></td>
    <td></td>
    <td></td>
    <td></td>
    <td></td>
    <td></td>
    <td></td>
    <td></td>
    <td></td>
    <td></td>
  </tr>
  <tr>
    <td>3．股份支付计入所有者权益的金额</td>
    <td></td>
    <td></td>
    <td></td>
    <td></td>
    <td></td>
    <td></td>
    <td></td>
    <td></td>
    <td></td>
    <td></td>
    <td></td>
    <td></td>
    <td></td>
    <td></td>
    <td></td>
  </tr>
  <tr>
    <td>4．其他</td>
    <td></td>
    <td></td>
    <td></td>
    <td></td>
    <td></td>
    <td></td>
    <td></td>
    <td></td>
    <td></td>
    <td></td>
    <td></td>
    <td></td>
    <td></td>
    <td></td>
    <td></td>
  </tr>
  <tr>
    <td>（三）利润分配</td>
    <td></td>
    <td></td>
    <td></td>
    <td></td>
    <td></td>
    <td></td>
    <td></td>
    <td></td>
    <td></td>
    <td></td>
    <td>-57,824, 448.37</td>
    <td></td>
    <td>-57,824, 448.37</td>
    <td>-6,934,660.53</td>
    <td>-64,759, 108.90</td>
  </tr>
  <tr>
    <td>1．提取盈余公积</td>
    <td></td>
    <td></td>
    <td></td>
    <td></td>
    <td></td>
    <td></td>
    <td></td>
    <td></td>
    <td></td>
    <td></td>
    <td></td>
    <td></td>
    <td></td>
    <td></td>
    <td></td>
  </tr>
  <tr>
    <td>2．提取一般风险准备</td>
    <td></td>
    <td></td>
    <td></td>
    <td></td>
    <td></td>
    <td></td>
    <td></td>
    <td></td>
    <td></td>
    <td></td>
    <td></td>
    <td></td>
    <td></td>
    <td></td>
    <td></td>
  </tr>
  <tr>
    <td>3．对所有者（或股东）的分配</td>
    <td></td>
    <td></td>
    <td></td>
    <td></td>
    <td></td>
    <td></td>
    <td></td>
    <td></td>
    <td></td>
    <td></td>
    <td>-57,824, 448.37</td>
    <td></td>
    <td>-57,824, 448.37</td>
    <td>-6,934,660.53</td>
    <td>-64,759, 108.90</td>
  </tr>
  <tr>
    <td>4．其他</td>
    <td></td>
    <td></td>
    <td></td>
    <td></td>
    <td></td>
    <td></td>
    <td></td>
    <td></td>
    <td></td>
    <td></td>
    <td></td>
    <td></td>
    <td></td>
    <td></td>
    <td></td>
  </tr>
  <tr>
    <td>（四）所有者权益内部结转</td>
    <td></td>
    <td></td>
    <td></td>
    <td></td>
    <td></td>
    <td></td>
    <td></td>
    <td></td>
    <td></td>
    <td></td>
    <td></td>
    <td></td>
    <td></td>
    <td></td>
    <td></td>
  </tr>
  <tr>
    <td>1．资本公积转增资本（或股本）</td>
    <td></td>
    <td></td>
    <td></td>
    <td></td>
    <td></td>
    <td></td>
    <td></td>
    <td></td>
    <td></td>
    <td></td>
    <td></td>
    <td></td>
    <td></td>
    <td></td>
    <td></td>
  </tr>
  <tr>
    <td>2．盈余公积转增资本（或股本）</td>
    <td></td>
    <td></td>
    <td></td>
    <td></td>
    <td></td>
    <td></td>
    <td></td>
    <td></td>
    <td></td>
    <td></td>
    <td></td>
    <td></td>
    <td></td>
    <td></td>
    <td></td>
  </tr>
  <tr>
    <td>3．盈余公积弥补亏损</td>
    <td></td>
    <td></td>
    <td></td>
    <td></td>
    <td></td>
    <td></td>
    <td></td>
    <td></td>
    <td></td>
    <td></td>
    <td></td>
    <td></td>
    <td></td>
    <td></td>
    <td></td>
  </tr>
  <tr>
    <td>4．设定受益计划变动额结</td>
    <td></td>
    <td></td>
    <td></td>
    <td></td>
    <td></td>
    <td></td>
    <td></td>
    <td></td>
    <td></td>
    <td></td>
    <td></td>
    <td></td>
    <td></td>
    <td></td>
    <td></td>
  </tr>
  <tr>
    <td>转留存收益</td>
    <td></td>
    <td></td>
    <td></td>
    <td></td>
    <td></td>
    <td></td>
    <td></td>
    <td></td>
    <td></td>
    <td></td>
    <td></td>
    <td></td>
    <td></td>
    <td></td>
    <td></td>
  </tr>
  <tr>
    <td>5．其他综合收益结转留存收益</td>
    <td></td>
    <td></td>
    <td></td>
    <td></td>
    <td></td>
    <td></td>
    <td></td>
    <td></td>
    <td></td>
    <td></td>
    <td></td>
    <td></td>
    <td></td>
    <td></td>
    <td></td>
  </tr>
  <tr>
    <td>6．其他</td>
    <td></td>
    <td></td>
    <td></td>
    <td></td>
    <td></td>
    <td></td>
    <td></td>
    <td></td>
    <td></td>
    <td></td>
    <td></td>
    <td></td>
    <td></td>
    <td></td>
    <td></td>
  </tr>
  <tr>
    <td>（五）专项储备</td>
    <td></td>
    <td></td>
    <td></td>
    <td></td>
    <td></td>
    <td></td>
    <td></td>
    <td>1,572,738.68</td>
    <td></td>
    <td></td>
    <td></td>
    <td></td>
    <td>1,572,738.68</td>
    <td>436,145.40</td>
    <td>2,008,884.08</td>
  </tr>
  <tr>
    <td>1．本期提取</td>
    <td></td>
    <td></td>
    <td></td>
    <td></td>
    <td></td>
    <td></td>
    <td></td>
    <td>3,293,323.91</td>
    <td></td>
    <td></td>
    <td></td>
    <td></td>
    <td>3,293,323.91</td>
    <td>483,261.38</td>
    <td>3,776,585.29</td>
  </tr>
  <tr>
    <td>2．本期使用</td>
    <td></td>
    <td></td>
    <td></td>
    <td></td>
    <td></td>
    <td></td>
    <td></td>
    <td>1,720,585.23</td>
    <td></td>
    <td></td>
    <td></td>
    <td></td>
    <td>1,720,585.23</td>
    <td>47,115. 98</td>
    <td>1,767,701.21</td>
  </tr>
  <tr>
    <td>（六）其他</td>
    <td></td>
    <td></td>
    <td></td>
    <td></td>
    <td></td>
    <td></td>
    <td></td>
    <td></td>
    <td></td>
    <td></td>
    <td></td>
    <td></td>
    <td></td>
    <td></td>
    <td></td>
  </tr>
  <tr>
    <td>四、本期期末余额</td>
    <td>765, 828, 040. 00</td>
    <td></td>
    <td></td>
    <td></td>
    <td>3,524,723, 388.07</td>
    <td>63,943,727.13</td>
    <td>34,766,450.56</td>
    <td>100,049,778.15</td>
    <td>382,914,020.00</td>
    <td></td>
    <td>3,043,113,253. 62</td>
    <td></td>
    <td>7,787,451,203. 27</td>
    <td>239,739,957.42</td>
    <td>8,027,191,160. 69</td>
  </tr>
</table>

> Note: merged cells detected, rendered as HTML table.

---
## 母公司所有者权益变动表-本期金额

单位：元

<table id='fef93543f635335ae4b2ec4e74fad238' titleId='6a8edcb4-9cd7-4da2-8e01-828f85de5606' headId='fef93543f635335ae4b2ec4e74fad238'>
  <tr>
    <td rowspan=""3"">项目</td>
    <td colspan=""12"">2026年半年度</td>
  </tr>
  <tr>
    <td rowspan=""2"">股本</td>
    <td colspan=""3"">其他权益工具</td>
    <td rowspan=""2"">资本公积</td>
    <td rowspan=""2"">减：库存股</td>
    <td rowspan=""2"">其他综合收益</td>
    <td rowspan=""2"">专项储备</td>
    <td rowspan=""2"">盈余公积</td>
    <td rowspan=""2"">未分配利润</td>
    <td rowspan=""2"">其他</td>
    <td rowspan=""2"">所有者权益合计</td>
  </tr>
  <tr>
    <td>优先股</td>
    <td>永续债</td>
    <td>其他</td>
  </tr>
  <tr>
    <td>一、上年年末余额</td>
    <td>765,828, 040.00</td>
    <td></td>
    <td></td>
    <td></td>
    <td>3,813, 273,881.65</td>
    <td>63,943,727.13</td>
    <td>-15,538,354.64</td>
    <td>21,529,988.70</td>
    <td>382,914,020.00</td>
    <td>2,482,601, 912.69</td>
    <td></td>
    <td>7,386,665, 761.27</td>
  </tr>
  <tr>
    <td>加：会计政策变更</td>
    <td></td>
    <td></td>
    <td></td>
    <td></td>
    <td></td>
    <td></td>
    <td></td>
    <td></td>
    <td></td>
    <td></td>
    <td></td>
    <td></td>
  </tr>
  <tr>
    <td>前期差错更正</td>
    <td></td>
    <td></td>
    <td></td>
    <td></td>
    <td></td>
    <td></td>
    <td></td>
    <td></td>
    <td></td>
    <td></td>
    <td></td>
    <td></td>
  </tr>
  <tr>
    <td>其他</td>
    <td></td>
    <td></td>
    <td></td>
    <td></td>
    <td></td>
    <td></td>
    <td></td>
    <td></td>
    <td></td>
    <td></td>
    <td></td>
    <td></td>
  </tr>
  <tr>
    <td>二、本年期初余额</td>
    <td>765,828, 040.00</td>
    <td></td>
    <td></td>
    <td></td>
    <td>3,813, 273,881.65</td>
    <td>63,943,727.13</td>
    <td>-15,538,354.64</td>
    <td>21,529,988.70</td>
    <td>382,914,020.00</td>
    <td>2,482,601, 912.69</td>
    <td></td>
    <td>7,386,665, 761.27</td>
  </tr>
  <tr>
    <td>三、本期增减变动金额（减少以“－”号填列）</td>
    <td></td>
    <td></td>
    <td></td>
    <td></td>
    <td></td>
    <td></td>
    <td>288,804. 92</td>
    <td>-357,212. 18</td>
    <td></td>
    <td>55,223,399.18</td>
    <td></td>
    <td>55,154,991.92</td>
  </tr>
  <tr>
    <td>（一）综合收益总额</td>
    <td></td>
    <td></td>
    <td></td>
    <td></td>
    <td></td>
    <td></td>
    <td>288,804. 92</td>
    <td></td>
    <td></td>
    <td>116,091,242.30</td>
    <td></td>
    <td>116,380,047.22</td>
  </tr>
  <tr>
    <td>（二）所有者投入</td>
    <td></td>
    <td></td>
    <td></td>
    <td></td>
    <td></td>
    <td></td>
    <td></td>
    <td></td>
    <td></td>
    <td></td>
    <td></td>
    <td></td>
  </tr>
  <tr>
    <td>和减少资本</td>
    <td></td>
    <td></td>
    <td></td>
    <td></td>
    <td></td>
    <td></td>
    <td></td>
    <td></td>
    <td></td>
    <td></td>
    <td></td>
    <td></td>
  </tr>
  <tr>
    <td>1．所有者投入的普通股</td>
    <td></td>
    <td></td>
    <td></td>
    <td></td>
    <td></td>
    <td></td>
    <td></td>
    <td></td>
    <td></td>
    <td></td>
    <td></td>
    <td></td>
  </tr>
  <tr>
    <td>2．其他权益工具持有者投入资本</td>
    <td></td>
    <td></td>
    <td></td>
    <td></td>
    <td></td>
    <td></td>
    <td></td>
    <td></td>
    <td></td>
    <td></td>
    <td></td>
    <td></td>
  </tr>
  <tr>
    <td>3．股份支付计入所有者权益的金额</td>
    <td></td>
    <td></td>
    <td></td>
    <td></td>
    <td></td>
    <td></td>
    <td></td>
    <td></td>
    <td></td>
    <td></td>
    <td></td>
    <td></td>
  </tr>
  <tr>
    <td>4．其他</td>
    <td></td>
    <td></td>
    <td></td>
    <td></td>
    <td></td>
    <td></td>
    <td></td>
    <td></td>
    <td></td>
    <td></td>
    <td></td>
    <td></td>
  </tr>
  <tr>
    <td>（三）利润分配</td>
    <td></td>
    <td></td>
    <td></td>
    <td></td>
    <td></td>
    <td></td>
    <td></td>
    <td></td>
    <td></td>
    <td>-60,867,843.12</td>
    <td></td>
    <td>-60,867,843.12</td>
  </tr>
  <tr>
    <td>1．提取盈余公积</td>
    <td></td>
    <td></td>
    <td></td>
    <td></td>
    <td></td>
    <td></td>
    <td></td>
    <td></td>
    <td></td>
    <td></td>
    <td></td>
    <td></td>
  </tr>
  <tr>
    <td>2．对所有者（或股东）的分配</td>
    <td></td>
    <td></td>
    <td></td>
    <td></td>
    <td></td>
    <td></td>
    <td></td>
    <td></td>
    <td></td>
    <td>-60,867,843.12</td>
    <td></td>
    <td>-60,867,843.12</td>
  </tr>
  <tr>
    <td>3．其他</td>
    <td></td>
    <td></td>
    <td></td>
    <td></td>
    <td></td>
    <td></td>
    <td></td>
    <td></td>
    <td></td>
    <td></td>
    <td></td>
    <td></td>
  </tr>
  <tr>
    <td>（四）所有者权益内部结转</td>
    <td></td>
    <td></td>
    <td></td>
    <td></td>
    <td></td>
    <td></td>
    <td></td>
    <td></td>
    <td></td>
    <td></td>
    <td></td>
    <td></td>
  </tr>
  <tr>
    <td>1．资本公积转增资本（或股本）</td>
    <td></td>
    <td></td>
    <td></td>
    <td></td>
    <td></td>
    <td></td>
    <td></td>
    <td></td>
    <td></td>
    <td></td>
    <td></td>
    <td></td>
  </tr>
  <tr>
    <td>2．盈余公积转增资本（或股本）</td>
    <td></td>
    <td></td>
    <td></td>
    <td></td>
    <td></td>
    <td></td>
    <td></td>
    <td></td>
    <td></td>
    <td></td>
    <td></td>
    <td></td>
  </tr>
  <tr>
    <td>3．盈余公积弥补亏损</td>
    <td></td>
    <td></td>
    <td></td>
    <td></td>
    <td></td>
    <td></td>
    <td></td>
    <td></td>
    <td></td>
    <td></td>
    <td></td>
    <td></td>
  </tr>
  <tr>
    <td>4．设定受益计划变动额结转留存收益</td>
    <td></td>
    <td></td>
    <td></td>
    <td></td>
    <td></td>
    <td></td>
    <td></td>
    <td></td>
    <td></td>
    <td></td>
    <td></td>
    <td></td>
  </tr>
  <tr>
    <td>5．其他综合收益结转留存收益</td>
    <td></td>
    <td></td>
    <td></td>
    <td></td>
    <td></td>
    <td></td>
    <td></td>
    <td></td>
    <td></td>
    <td></td>
    <td></td>
    <td></td>
  </tr>
  <tr>
    <td>6．其他</td>
    <td></td>
    <td></td>
    <td></td>
    <td></td>
    <td></td>
    <td></td>
    <td></td>
    <td></td>
    <td></td>
    <td></td>
    <td></td>
    <td></td>
  </tr>
  <tr>
    <td>（五）专项储备</td>
    <td></td>
    <td></td>
    <td></td>
    <td></td>
    <td></td>
    <td></td>
    <td></td>
    <td>-357,212. 18</td>
    <td></td>
    <td></td>
    <td></td>
    <td>-357,212.18</td>
  </tr>
  <tr>
    <td>1．本期提取</td>
    <td></td>
    <td></td>
    <td></td>
    <td></td>
    <td></td>
    <td></td>
    <td></td>
    <td></td>
    <td></td>
    <td></td>
    <td></td>
    <td></td>
  </tr>
  <tr>
    <td>2．本期使用</td>
    <td></td>
    <td></td>
    <td></td>
    <td></td>
    <td></td>
    <td></td>
    <td></td>
    <td>357,212. 18</td>
    <td></td>
    <td></td>
    <td></td>
    <td>357,212.18</td>
  </tr>
  <tr>
    <td>（六）其他</td>
    <td></td>
    <td></td>
    <td></td>
    <td></td>
    <td></td>
    <td></td>
    <td></td>
    <td></td>
    <td></td>
    <td></td>
    <td></td>
    <td></td>
  </tr>
  <tr>
    <td>四、本期期末余额</td>
    <td>765,828, 040.00</td>
    <td></td>
    <td></td>
    <td></td>
    <td>3,813, 273,881.65</td>
    <td>63,943,727.13</td>
    <td>-15,249,549.72</td>
    <td>21,172,776.52</td>
    <td>382,914,020.00</td>
    <td>2,537,825, 311.87</td>
    <td></td>
    <td>7,441,820, 753.19</td>
  </tr>
</table>

> Note: merged cells detected, rendered as HTML table.

---
## 母公司所有者权益变动表-本期金额

单位：元

<table id='fef93543f635335ae4b2ec4e74fad238' titleId='6a8edcb4-9cd7-4da2-8e01-828f85de5606' headId='fef93543f635335ae4b2ec4e74fad238'>
  <tr>
    <td rowspan=""3"">项目</td>
    <td colspan=""12"">2026年半年度</td>
  </tr>
  <tr>
    <td rowspan=""2"">股本</td>
    <td colspan=""3"">其他权益工具</td>
    <td rowspan=""2"">资本公积</td>
    <td rowspan=""2"">减：库存股</td>
    <td rowspan=""2"">其他综合收益</td>
    <td rowspan=""2"">专项储备</td>
    <td rowspan=""2"">盈余公积</td>
    <td rowspan=""2"">未分配利润</td>
    <td rowspan=""2"">其他</td>
    <td rowspan=""2"">所有者权益合计</td>
  </tr>
  <tr>
    <td>优先股</td>
    <td>永续债</td>
    <td>其他</td>
  </tr>
  <tr>
    <td>一、上年年末余额</td>
    <td>765,828, 040.00</td>
    <td></td>
    <td></td>
    <td></td>
    <td>3,813, 273,881.65</td>
    <td>63,943,727.13</td>
    <td>-15,538,354.64</td>
    <td>21,529,988.70</td>
    <td>382,914,020.00</td>
    <td>2,482,601, 912.69</td>
    <td></td>
    <td>7,386,665, 761.27</td>
  </tr>
  <tr>
    <td>加：会计政策变更</td>
    <td></td>
    <td></td>
    <td></td>
    <td></td>
    <td></td>
    <td></td>
    <td></td>
    <td></td>
    <td></td>
    <td></td>
    <td></td>
    <td></td>
  </tr>
  <tr>
    <td>前期差错更正</td>
    <td></td>
    <td></td>
    <td></td>
    <td></td>
    <td></td>
    <td></td>
    <td></td>
    <td></td>
    <td></td>
    <td></td>
    <td></td>
    <td></td>
  </tr>
  <tr>
    <td>其他</td>
    <td></td>
    <td></td>
    <td></td>
    <td></td>
    <td></td>
    <td></td>
    <td></td>
    <td></td>
    <td></td>
    <td></td>
    <td></td>
    <td></td>
  </tr>
  <tr>
    <td>二、本年期初余额</td>
    <td>765,828, 040.00</td>
    <td></td>
    <td></td>
    <td></td>
    <td>3,813, 273,881.65</td>
    <td>63,943,727.13</td>
    <td>-15,538,354.64</td>
    <td>21,529,988.70</td>
    <td>382,914,020.00</td>
    <td>2,482,601, 912.69</td>
    <td></td>
    <td>7,386,665, 761.27</td>
  </tr>
  <tr>
    <td>三、本期增减变动金额（减少以“－”号填列）</td>
    <td></td>
    <td></td>
    <td></td>
    <td></td>
    <td></td>
    <td></td>
    <td>288,804. 92</td>
    <td>-357,212. 18</td>
    <td></td>
    <td>55,223,399.18</td>
    <td></td>
    <td>55,154,991.92</td>
  </tr>
  <tr>
    <td>（一）综合收益总额</td>
    <td></td>
    <td></td>
    <td></td>
    <td></td>
    <td></td>
    <td></td>
    <td>288,804. 92</td>
    <td></td>
    <td></td>
    <td>116,091,242.30</td>
    <td></td>
    <td>116,380,047.22</td>
  </tr>
  <tr>
    <td>（二）所有者投入</td>
    <td></td>
    <td></td>
    <td></td>
    <td></td>
    <td></td>
    <td></td>
    <td></td>
    <td></td>
    <td></td>
    <td></td>
    <td></td>
    <td></td>
  </tr>
  <tr>
    <td>和减少资本</td>
    <td></td>
    <td></td>
    <td></td>
    <td></td>
    <td></td>
    <td></td>
    <td></td>
    <td></td>
    <td></td>
    <td></td>
    <td></td>
    <td></td>
  </tr>
  <tr>
    <td>1．所有者投入的普通股</td>
    <td></td>
    <td></td>
    <td></td>
    <td></td>
    <td></td>
    <td></td>
    <td></td>
    <td></td>
    <td></td>
    <td></td>
    <td></td>
    <td></td>
  </tr>
  <tr>
    <td>2．其他权益工具持有者投入资本</td>
    <td></td>
    <td></td>
    <td></td>
    <td></td>
    <td></td>
    <td></td>
    <td></td>
    <td></td>
    <td></td>
    <td></td>
    <td></td>
    <td></td>
  </tr>
  <tr>
    <td>3．股份支付计入所有者权益的金额</td>
    <td></td>
    <td></td>
    <td></td>
    <td></td>
    <td></td>
    <td></td>
    <td></td>
    <td></td>
    <td></td>
    <td></td>
    <td></td>
    <td></td>
  </tr>
  <tr>
    <td>4．其他</td>
    <td></td>
    <td></td>
    <td></td>
    <td></td>
    <td></td>
    <td></td>
    <td></td>
    <td></td>
    <td></td>
    <td></td>
    <td></td>
    <td></td>
  </tr>
  <tr>
    <td>（三）利润分配</td>
    <td></td>
    <td></td>
    <td></td>
    <td></td>
    <td></td>
    <td></td>
    <td></td>
    <td></td>
    <td></td>
    <td>-60,867,843.12</td>
    <td></td>
    <td>-60,867,843.12</td>
  </tr>
  <tr>
    <td>1．提取盈余公积</td>
    <td></td>
    <td></td>
    <td></td>
    <td></td>
    <td></td>
    <td></td>
    <td></td>
    <td></td>
    <td></td>
    <td></td>
    <td></td>
    <td></td>
  </tr>
  <tr>
    <td>2．对所有者（或股东）的分配</td>
    <td></td>
    <td></td>
    <td></td>
    <td></td>
    <td></td>
    <td></td>
    <td></td>
    <td></td>
    <td></td>
    <td>-60,867,843.12</td>
    <td></td>
    <td>-60,867,843.12</td>
  </tr>
  <tr>
    <td>3．其他</td>
    <td></td>
    <td></td>
    <td></td>
    <td></td>
    <td></td>
    <td></td>
    <td></td>
    <td></td>
    <td></td>
    <td></td>
    <td></td>
    <td></td>
  </tr>
  <tr>
    <td>（四）所有者权益内部结转</td>
    <td></td>
    <td></td>
    <td></td>
    <td></td>
    <td></td>
    <td></td>
    <td></td>
    <td></td>
    <td></td>
    <td></td>
    <td></td>
    <td></td>
  </tr>
  <tr>
    <td>1．资本公积转增资本（或股本）</td>
    <td></td>
    <td></td>
    <td></td>
    <td></td>
    <td></td>
    <td></td>
    <td></td>
    <td></td>
    <td></td>
    <td></td>
    <td></td>
    <td></td>
  </tr>
  <tr>
    <td>2．盈余公积转增资本（或股本）</td>
    <td></td>
    <td></td>
    <td></td>
    <td></td>
    <td></td>
    <td></td>
    <td></td>
    <td></td>
    <td></td>
    <td></td>
    <td></td>
    <td></td>
  </tr>
  <tr>
    <td>3．盈余公积弥补亏损</td>
    <td></td>
    <td></td>
    <td></td>
    <td></td>
    <td></td>
    <td></td>
    <td></td>
    <td></td>
    <td></td>
    <td></td>
    <td></td>
    <td></td>
  </tr>
  <tr>
    <td>4．设定受益计划变动额结转留存收益</td>
    <td></td>
    <td></td>
    <td></td>
    <td></td>
    <td></td>
    <td></td>
    <td></td>
    <td></td>
    <td></td>
    <td></td>
    <td></td>
    <td></td>
  </tr>
  <tr>
    <td>5．其他综合收益结转留存收益</td>
    <td></td>
    <td></td>
    <td></td>
    <td></td>
    <td></td>
    <td></td>
    <td></td>
    <td></td>
    <td></td>
    <td></td>
    <td></td>
    <td></td>
  </tr>
  <tr>
    <td>6．其他</td>
    <td></td>
    <td></td>
    <td></td>
    <td></td>
    <td></td>
    <td></td>
    <td></td>
    <td></td>
    <td></td>
    <td></td>
    <td></td>
    <td></td>
  </tr>
  <tr>
    <td>（五）专项储备</td>
    <td></td>
    <td></td>
    <td></td>
    <td></td>
    <td></td>
    <td></td>
    <td></td>
    <td>-357,212. 18</td>
    <td></td>
    <td></td>
    <td></td>
    <td>-357,212.18</td>
  </tr>
  <tr>
    <td>1．本期提取</td>
    <td></td>
    <td></td>
    <td></td>
    <td></td>
    <td></td>
    <td></td>
    <td></td>
    <td></td>
    <td></td>
    <td></td>
    <td></td>
    <td></td>
  </tr>
  <tr>
    <td>2．本期使用</td>
    <td></td>
    <td></td>
    <td></td>
    <td></td>
    <td></td>
    <td></td>
    <td></td>
    <td>357,212. 18</td>
    <td></td>
    <td></td>
    <td></td>
    <td>357,212.18</td>
  </tr>
  <tr>
    <td>（六）其他</td>
    <td></td>
    <td></td>
    <td></td>
    <td></td>
    <td></td>
    <td></td>
    <td></td>
    <td></td>
    <td></td>
    <td></td>
    <td></td>
    <td></td>
  </tr>
  <tr>
    <td>四、本期期末余额</td>
    <td>765,828, 040.00</td>
    <td></td>
    <td></td>
    <td></td>
    <td>3,813, 273,881.65</td>
    <td>63,943,727.13</td>
    <td>-15,249,549.72</td>
    <td>21,172,776.52</td>
    <td>382,914,020.00</td>
    <td>2,537,825, 311.87</td>
    <td></td>
    <td>7,441,820, 753.19</td>
  </tr>
</table>

> Note: merged cells detected, rendered as HTML table.

---
## 母公司所有者权益变动表-上期金额

单位：元

<table id='1a35073b3351f87edf58e7935909b4d7' titleId='ea677b11-3f24-4a67-b4ca-244a78d9ff8e' headId='1a35073b3351f87edf58e7935909b4d7'>
  <tr>
    <td rowspan=""3"">项目</td>
    <td colspan=""12"">2025年半年度</td>
  </tr>
  <tr>
    <td rowspan=""2"">股本</td>
    <td colspan=""3"">其他权益工具</td>
    <td rowspan=""2"">资本公积</td>
    <td rowspan=""2"">减：库存股</td>
    <td rowspan=""2"">其他综合收益</td>
    <td rowspan=""2"">专项储备</td>
    <td rowspan=""2"">盈余公积</td>
    <td rowspan=""2"">未分配利润</td>
    <td rowspan=""2"">其他</td>
    <td rowspan=""2"">所有者权益合计</td>
  </tr>
  <tr>
    <td>优先股</td>
    <td>永续债</td>
    <td>其他</td>
  </tr>
  <tr>
    <td>一、上年年末余额</td>
    <td>765,828,040.00</td>
    <td></td>
    <td></td>
    <td></td>
    <td>3,814, 361,213.65</td>
    <td>63,943,727.13</td>
    <td>-15,847,362.62</td>
    <td>20,662,023.68</td>
    <td>382,914,020.00</td>
    <td>2,256,650, 078.28</td>
    <td></td>
    <td>7,160,624, 285.86</td>
  </tr>
  <tr>
    <td>加：会计政策变更</td>
    <td></td>
    <td></td>
    <td></td>
    <td></td>
    <td></td>
    <td></td>
    <td></td>
    <td></td>
    <td></td>
    <td></td>
    <td></td>
    <td></td>
  </tr>
  <tr>
    <td>前期差错更正</td>
    <td></td>
    <td></td>
    <td></td>
    <td></td>
    <td></td>
    <td></td>
    <td></td>
    <td></td>
    <td></td>
    <td></td>
    <td></td>
    <td></td>
  </tr>
  <tr>
    <td>其他</td>
    <td></td>
    <td></td>
    <td></td>
    <td></td>
    <td></td>
    <td></td>
    <td></td>
    <td></td>
    <td></td>
    <td></td>
    <td></td>
    <td></td>
  </tr>
  <tr>
    <td>二、本年期初余额</td>
    <td>765,828,040.00</td>
    <td></td>
    <td></td>
    <td></td>
    <td>3,814, 361,213.65</td>
    <td>63,943,727.13</td>
    <td>-15,847,362.62</td>
    <td>20,662,023.68</td>
    <td>382,914,020.00</td>
    <td>2,256,650, 078.28</td>
    <td></td>
    <td>7,160,624, 285.86</td>
  </tr>
  <tr>
    <td>三、本期增减变动金额（减少以“－”号填列）</td>
    <td></td>
    <td></td>
    <td></td>
    <td></td>
    <td></td>
    <td></td>
    <td>212,103. 20</td>
    <td>680,311. 90</td>
    <td></td>
    <td>68,365,643.16</td>
    <td></td>
    <td>69,258,058.26</td>
  </tr>
  <tr>
    <td>（一）综合收益总额</td>
    <td></td>
    <td></td>
    <td></td>
    <td></td>
    <td></td>
    <td></td>
    <td>212,103. 20</td>
    <td></td>
    <td></td>
    <td>126,190,091.53</td>
    <td></td>
    <td>126,402,194.73</td>
  </tr>
  <tr>
    <td>（二）所有者投入和减少资本</td>
    <td></td>
    <td></td>
    <td></td>
    <td></td>
    <td></td>
    <td></td>
    <td></td>
    <td></td>
    <td></td>
    <td></td>
    <td></td>
    <td></td>
  </tr>
  <tr>
    <td>1．所有者投入的普通股</td>
    <td></td>
    <td></td>
    <td></td>
    <td></td>
    <td></td>
    <td></td>
    <td></td>
    <td></td>
    <td></td>
    <td></td>
    <td></td>
    <td></td>
  </tr>
  <tr>
    <td>2．其他权益工具持有者投入资本</td>
    <td></td>
    <td></td>
    <td></td>
    <td></td>
    <td></td>
    <td></td>
    <td></td>
    <td></td>
    <td></td>
    <td></td>
    <td></td>
    <td></td>
  </tr>
  <tr>
    <td>3．股份支付计入所有者权益的金额</td>
    <td></td>
    <td></td>
    <td></td>
    <td></td>
    <td></td>
    <td></td>
    <td></td>
    <td></td>
    <td></td>
    <td></td>
    <td></td>
    <td></td>
  </tr>
  <tr>
    <td>4．其他</td>
    <td></td>
    <td></td>
    <td></td>
    <td></td>
    <td></td>
    <td></td>
    <td></td>
    <td></td>
    <td></td>
    <td></td>
    <td></td>
    <td></td>
  </tr>
  <tr>
    <td>（三）利</td>
    <td></td>
    <td></td>
    <td></td>
    <td></td>
    <td></td>
    <td></td>
    <td></td>
    <td></td>
    <td></td>
    <td>-</td>
    <td></td>
    <td>-</td>
  </tr>
  <tr>
    <td>润分配</td>
    <td></td>
    <td></td>
    <td></td>
    <td></td>
    <td></td>
    <td></td>
    <td></td>
    <td></td>
    <td></td>
    <td>57,824,448.37</td>
    <td></td>
    <td>57,824,448.37</td>
  </tr>
  <tr>
    <td>1．提取盈余公积</td>
    <td></td>
    <td></td>
    <td></td>
    <td></td>
    <td></td>
    <td></td>
    <td></td>
    <td></td>
    <td></td>
    <td></td>
    <td></td>
    <td></td>
  </tr>
  <tr>
    <td>2．对所有者（或股东）的分配</td>
    <td></td>
    <td></td>
    <td></td>
    <td></td>
    <td></td>
    <td></td>
    <td></td>
    <td></td>
    <td></td>
    <td>-57,824,448.37</td>
    <td></td>
    <td>-57,824,448.37</td>
  </tr>
  <tr>
    <td>3．其他</td>
    <td></td>
    <td></td>
    <td></td>
    <td></td>
    <td></td>
    <td></td>
    <td></td>
    <td></td>
    <td></td>
    <td></td>
    <td></td>
    <td></td>
  </tr>
  <tr>
    <td>（四）所有者权益内部结转</td>
    <td></td>
    <td></td>
    <td></td>
    <td></td>
    <td></td>
    <td></td>
    <td></td>
    <td></td>
    <td></td>
    <td></td>
    <td></td>
    <td></td>
  </tr>
  <tr>
    <td>1．资本公积转增资本（或股本）</td>
    <td></td>
    <td></td>
    <td></td>
    <td></td>
    <td></td>
    <td></td>
    <td></td>
    <td></td>
    <td></td>
    <td></td>
    <td></td>
    <td></td>
  </tr>
  <tr>
    <td>2．盈余公积转增资本（或股本）</td>
    <td></td>
    <td></td>
    <td></td>
    <td></td>
    <td></td>
    <td></td>
    <td></td>
    <td></td>
    <td></td>
    <td></td>
    <td></td>
    <td></td>
  </tr>
  <tr>
    <td>3．盈余公积弥补亏损</td>
    <td></td>
    <td></td>
    <td></td>
    <td></td>
    <td></td>
    <td></td>
    <td></td>
    <td></td>
    <td></td>
    <td></td>
    <td></td>
    <td></td>
  </tr>
  <tr>
    <td>4．设定受益计划变动额结转留存收益</td>
    <td></td>
    <td></td>
    <td></td>
    <td></td>
    <td></td>
    <td></td>
    <td></td>
    <td></td>
    <td></td>
    <td></td>
    <td></td>
    <td></td>
  </tr>
  <tr>
    <td>5．其他综合收益结转留存收益</td>
    <td></td>
    <td></td>
    <td></td>
    <td></td>
    <td></td>
    <td></td>
    <td></td>
    <td></td>
    <td></td>
    <td></td>
    <td></td>
    <td></td>
  </tr>
  <tr>
    <td>6．其他</td>
    <td></td>
    <td></td>
    <td></td>
    <td></td>
    <td></td>
    <td></td>
    <td></td>
    <td></td>
    <td></td>
    <td></td>
    <td></td>
    <td></td>
  </tr>
  <tr>
    <td>（五）专项储备</td>
    <td></td>
    <td></td>
    <td></td>
    <td></td>
    <td></td>
    <td></td>
    <td></td>
    <td>680,311. 90</td>
    <td></td>
    <td></td>
    <td></td>
    <td>680,311.90</td>
  </tr>
  <tr>
    <td>1．本期提取</td>
    <td></td>
    <td></td>
    <td></td>
    <td></td>
    <td></td>
    <td></td>
    <td></td>
    <td>1,202,348.29</td>
    <td></td>
    <td></td>
    <td></td>
    <td>1,202,348. 29</td>
  </tr>
  <tr>
    <td>2．本期使用</td>
    <td></td>
    <td></td>
    <td></td>
    <td></td>
    <td></td>
    <td></td>
    <td></td>
    <td>522,036. 39</td>
    <td></td>
    <td></td>
    <td></td>
    <td>522,036.39</td>
  </tr>
  <tr>
    <td>（六）其他</td>
    <td></td>
    <td></td>
    <td></td>
    <td></td>
    <td></td>
    <td></td>
    <td></td>
    <td></td>
    <td></td>
    <td></td>
    <td></td>
    <td></td>
  </tr>
  <tr>
    <td>四、本期期末余额</td>
    <td>765,828,040.00</td>
    <td></td>
    <td></td>
    <td></td>
    <td>3,814, 361,213.65</td>
    <td>63,943,727.13</td>
    <td>-15,635,259.42</td>
    <td>21,342,335.58</td>
    <td>382,914,020.00</td>
    <td>2,325,015, 721.44</td>
    <td></td>
    <td>7,229,882, 344.12</td>
  </tr>
</table>

> Note: merged cells detected, rendered as HTML table.

---
## 母公司所有者权益变动表-上期金额

单位：元

<table id='1a35073b3351f87edf58e7935909b4d7' titleId='ea677b11-3f24-4a67-b4ca-244a78d9ff8e' headId='1a35073b3351f87edf58e7935909b4d7'>
  <tr>
    <td rowspan=""3"">项目</td>
    <td colspan=""12"">2025年半年度</td>
  </tr>
  <tr>
    <td rowspan=""2"">股本</td>
    <td colspan=""3"">其他权益工具</td>
    <td rowspan=""2"">资本公积</td>
    <td rowspan=""2"">减：库存股</td>
    <td rowspan=""2"">其他综合收益</td>
    <td rowspan=""2"">专项储备</td>
    <td rowspan=""2"">盈余公积</td>
    <td rowspan=""2"">未分配利润</td>
    <td rowspan=""2"">其他</td>
    <td rowspan=""2"">所有者权益合计</td>
  </tr>
  <tr>
    <td>优先股</td>
    <td>永续债</td>
    <td>其他</td>
  </tr>
  <tr>
    <td>一、上年年末余额</td>
    <td>765,828,040.00</td>
    <td></td>
    <td></td>
    <td></td>
    <td>3,814, 361,213.65</td>
    <td>63,943,727.13</td>
    <td>-15,847,362.62</td>
    <td>20,662,023.68</td>
    <td>382,914,020.00</td>
    <td>2,256,650, 078.28</td>
    <td></td>
    <td>7,160,624, 285.86</td>
  </tr>
  <tr>
    <td>加：会计政策变更</td>
    <td></td>
    <td></td>
    <td></td>
    <td></td>
    <td></td>
    <td></td>
    <td></td>
    <td></td>
    <td></td>
    <td></td>
    <td></td>
    <td></td>
  </tr>
  <tr>
    <td>前期差错更正</td>
    <td></td>
    <td></td>
    <td></td>
    <td></td>
    <td></td>
    <td></td>
    <td></td>
    <td></td>
    <td></td>
    <td></td>
    <td></td>
    <td></td>
  </tr>
  <tr>
    <td>其他</td>
    <td></td>
    <td></td>
    <td></td>
    <td></td>
    <td></td>
    <td></td>
    <td></td>
    <td></td>
    <td></td>
    <td></td>
    <td></td>
    <td></td>
  </tr>
  <tr>
    <td>二、本年期初余额</td>
    <td>765,828,040.00</td>
    <td></td>
    <td></td>
    <td></td>
    <td>3,814, 361,213.65</td>
    <td>63,943,727.13</td>
    <td>-15,847,362.62</td>
    <td>20,662,023.68</td>
    <td>382,914,020.00</td>
    <td>2,256,650, 078.28</td>
    <td></td>
    <td>7,160,624, 285.86</td>
  </tr>
  <tr>
    <td>三、本期增减变动金额（减少以“－”号填列）</td>
    <td></td>
    <td></td>
    <td></td>
    <td></td>
    <td></td>
    <td></td>
    <td>212,103. 20</td>
    <td>680,311. 90</td>
    <td></td>
    <td>68,365,643.16</td>
    <td></td>
    <td>69,258,058.26</td>
  </tr>
  <tr>
    <td>（一）综合收益总额</td>
    <td></td>
    <td></td>
    <td></td>
    <td></td>
    <td></td>
    <td></td>
    <td>212,103. 20</td>
    <td></td>
    <td></td>
    <td>126,190,091.53</td>
    <td></td>
    <td>126,402,194.73</td>
  </tr>
  <tr>
    <td>（二）所有者投入和减少资本</td>
    <td></td>
    <td></td>
    <td></td>
    <td></td>
    <td></td>
    <td></td>
    <td></td>
    <td></td>
    <td></td>
    <td></td>
    <td></td>
    <td></td>
  </tr>
  <tr>
    <td>1．所有者投入的普通股</td>
    <td></td>
    <td></td>
    <td></td>
    <td></td>
    <td></td>
    <td></td>
    <td></td>
    <td></td>
    <td></td>
    <td></td>
    <td></td>
    <td></td>
  </tr>
  <tr>
    <td>2．其他权益工具持有者投入资本</td>
    <td></td>
    <td></td>
    <td></td>
    <td></td>
    <td></td>
    <td></td>
    <td></td>
    <td></td>
    <td></td>
    <td></td>
    <td></td>
    <td></td>
  </tr>
  <tr>
    <td>3．股份支付计入所有者权益的金额</td>
    <td></td>
    <td></td>
    <td></td>
    <td></td>
    <td></td>
    <td></td>
    <td></td>
    <td></td>
    <td></td>
    <td></td>
    <td></td>
    <td></td>
  </tr>
  <tr>
    <td>4．其他</td>
    <td></td>
    <td></td>
    <td></td>
    <td></td>
    <td></td>
    <td></td>
    <td></td>
    <td></td>
    <td></td>
    <td></td>
    <td></td>
    <td></td>
  </tr>
  <tr>
    <td>（三）利</td>
    <td></td>
    <td></td>
    <td></td>
    <td></td>
    <td></td>
    <td></td>
    <td></td>
    <td></td>
    <td></td>
    <td>-</td>
    <td></td>
    <td>-</td>
  </tr>
  <tr>
    <td>润分配</td>
    <td></td>
    <td></td>
    <td></td>
    <td></td>
    <td></td>
    <td></td>
    <td></td>
    <td></td>
    <td></td>
    <td>57,824,448.37</td>
    <td></td>
    <td>57,824,448.37</td>
  </tr>
  <tr>
    <td>1．提取盈余公积</td>
    <td></td>
    <td></td>
    <td></td>
    <td></td>
    <td></td>
    <td></td>
    <td></td>
    <td></td>
    <td></td>
    <td></td>
    <td></td>
    <td></td>
  </tr>
  <tr>
    <td>2．对所有者（或股东）的分配</td>
    <td></td>
    <td></td>
    <td></td>
    <td></td>
    <td></td>
    <td></td>
    <td></td>
    <td></td>
    <td></td>
    <td>-57,824,448.37</td>
    <td></td>
    <td>-57,824,448.37</td>
  </tr>
  <tr>
    <td>3．其他</td>
    <td></td>
    <td></td>
    <td></td>
    <td></td>
    <td></td>
    <td></td>
    <td></td>
    <td></td>
    <td></td>
    <td></td>
    <td></td>
    <td></td>
  </tr>
  <tr>
    <td>（四）所有者权益内部结转</td>
    <td></td>
    <td></td>
    <td></td>
    <td></td>
    <td></td>
    <td></td>
    <td></td>
    <td></td>
    <td></td>
    <td></td>
    <td></td>
    <td></td>
  </tr>
  <tr>
    <td>1．资本公积转增资本（或股本）</td>
    <td></td>
    <td></td>
    <td></td>
    <td></td>
    <td></td>
    <td></td>
    <td></td>
    <td></td>
    <td></td>
    <td></td>
    <td></td>
    <td></td>
  </tr>
  <tr>
    <td>2．盈余公积转增资本（或股本）</td>
    <td></td>
    <td></td>
    <td></td>
    <td></td>
    <td></td>
    <td></td>
    <td></td>
    <td></td>
    <td></td>
    <td></td>
    <td></td>
    <td></td>
  </tr>
  <tr>
    <td>3．盈余公积弥补亏损</td>
    <td></td>
    <td></td>
    <td></td>
    <td></td>
    <td></td>
    <td></td>
    <td></td>
    <td></td>
    <td></td>
    <td></td>
    <td></td>
    <td></td>
  </tr>
  <tr>
    <td>4．设定受益计划变动额结转留存收益</td>
    <td></td>
    <td></td>
    <td></td>
    <td></td>
    <td></td>
    <td></td>
    <td></td>
    <td></td>
    <td></td>
    <td></td>
    <td></td>
    <td></td>
  </tr>
  <tr>
    <td>5．其他综合收益结转留存收益</td>
    <td></td>
    <td></td>
    <td></td>
    <td></td>
    <td></td>
    <td></td>
    <td></td>
    <td></td>
    <td></td>
    <td></td>
    <td></td>
    <td></td>
  </tr>
  <tr>
    <td>6．其他</td>
    <td></td>
    <td></td>
    <td></td>
    <td></td>
    <td></td>
    <td></td>
    <td></td>
    <td></td>
    <td></td>
    <td></td>
    <td></td>
    <td></td>
  </tr>
  <tr>
    <td>（五）专项储备</td>
    <td></td>
    <td></td>
    <td></td>
    <td></td>
    <td></td>
    <td></td>
    <td></td>
    <td>680,311. 90</td>
    <td></td>
    <td></td>
    <td></td>
    <td>680,311.90</td>
  </tr>
  <tr>
    <td>1．本期提取</td>
    <td></td>
    <td></td>
    <td></td>
    <td></td>
    <td></td>
    <td></td>
    <td></td>
    <td>1,202,348.29</td>
    <td></td>
    <td></td>
    <td></td>
    <td>1,202,348. 29</td>
  </tr>
  <tr>
    <td>2．本期使用</td>
    <td></td>
    <td></td>
    <td></td>
    <td></td>
    <td></td>
    <td></td>
    <td></td>
    <td>522,036. 39</td>
    <td></td>
    <td></td>
    <td></td>
    <td>522,036.39</td>
  </tr>
  <tr>
    <td>（六）其他</td>
    <td></td>
    <td></td>
    <td></td>
    <td></td>
    <td></td>
    <td></td>
    <td></td>
    <td></td>
    <td></td>
    <td></td>
    <td></td>
    <td></td>
  </tr>
  <tr>
    <td>四、本期期末余额</td>
    <td>765,828,040.00</td>
    <td></td>
    <td></td>
    <td></td>
    <td>3,814, 361,213.65</td>
    <td>63,943,727.13</td>
    <td>-15,635,259.42</td>
    <td>21,342,335.58</td>
    <td>382,914,020.00</td>
    <td>2,325,015, 721.44</td>
    <td></td>
    <td>7,229,882, 344.12</td>
  </tr>
</table>

> Note: merged cells detected, rendered as HTML table.

---
东富龙科技集团股份有限公司（以下简称“公司”或“本公司”）成立于1993年12月25日，前身为上海东富龙科技有限公司。2008年4月9日，公司在上海市工商行政管理局办理了工商变更登记手续，公司名称由上海东富龙科技有限公司变更为上海东富龙科技股份有限公司。2021年6月8日，经上海市市场监督管理局核准，公司办理了工商变更登记手续，公司名称由上海东富龙科技股份有限公司变更为东富龙科技集团股份有限公司。
2011年1月24日，经中国证券监督管理委员会以“证监许可[2010]1837号文”核准，向社会公开发行人民币普通股（A股）股票2,000万股，并于2011年2月1日在深圳证券交易所创业板上市交易。2011年2月24日，在上海市工商行政管理局办理工商变更登记，公开发行后公司注册资本变更为人民币8,000万元，股份总数8,000万股（每股面值1元）。
根据公司2022年2月28日召开的第五届董事会第十六次（临时）会议和2022年3月16日召开的2022年第二次临时股东大会，并经2022年10月8日中国证券监督管理委员会《关于同意东富龙科技集团股份有限公司向特定对象发行股票注册的批复》（证监许可[2022]2372号），同意公司向特定对象发行股票注册申请。公司本次向特定对象发行股数12,000万股。公司股本总数由63,541.504万股变更为75,541.504万股，公司注册资本变更为人民币75,541.504万元。
经历次增资和股权转让，截至2025年12月31日止，本公司累计发行股本总数76,582.804万股，注册资本为76,582.804万元。
企业统一社会信用代码为91310000607601064L，公司法定代表人为郑效东。

---
1、遵循企业会计准则的声明
本财务报表符合财政部颁布的企业会计准则的要求，真实、完整地反映了本公司2026年06月30日的合并及母公司财务状况以及2026年半年度的合并及母公司经营成果和现金流量。
2、会计期间
自公历1月1日起至12月31日止为一个会计年度。
3、营业周期
本公司营业周期为12个月。
4、记账本位币
本公司采用人民币为记账本位币。
5、重要性标准确定方法和选择依据
适用 □不适用
6、同一控制下和非同一控制下企业合并的会计处理方法
同一控制下企业合并：合并方在企业合并中取得的资产和负债（包括最终控制方收购被合并方而形成的商誉），按照合并日被合并方资产、负债在最终控制方合并财务报表中的账面价值为基础计量。在合并中取得的净资产账面价值与支付的合并对价账面价值（或发行股份面值总额）的差额，调整资本公积中的股本溢价，资本公积中的股本溢价不足冲减的，调整留存收益。
非同一控制下企业合并：合并成本为购买方在购买日为取得被购买方的控制权而付出的资产、发生或承担的负债以及发行的权益性证券的公允价值。合并成本大于合并中取得的被购买方可辨认净资产公允价值份额的差额，确认为商誉；合并成本小于合并中取得的被购买方可辨认净资产公允价值份额的差额，计入当期损益。在合并中取得的被购买方符合确认条件的各项可辨认资产、负债及或有负债在购买日按公允价值计量。
为企业合并发生的直接相关费用于发生时计入当期损益；为企业合并而发行权益性证券或债务性证券的交易费用，计入权益性证券或债务性证券的初始确认金额。

---
## 各项费用的摊销期限及摊销方法为

| 项目 | 预计使用寿命(年) | 摊销依据 |
| :--: | :--: | :--: |
| 租赁办公楼及厂房装修费 | 5-10 | 按预计可使用年限 |

---
（1） 重要会计政策变更
适用 □不适用
单位：元
（2） 重要会计估计变更
□适用 不适用
（3） 2026年起首次执行新会计准则调整首次执行当年年初财务报表相关项目情况
□适用 不适用

---
## 重要会计政策变更

单位：元

| 会计政策变更的内容和原因 | 受重要影响的报表项目名称 | 影响金额 |
| :--: | :--: | :--: |
| 2026年6月4日，财政部发布了《企业会计准则解释第20号》，对：“关于金融资产合同现金流量特征的评估”“关于货币缺乏可兑换性时的会计处理及相关披露”等内容进行了规范及明确，自公布之日起施行。2026年1月1日至该解释施行日新增的该解释规定的业务，企业应当根据该解释进行调整。 | 无 | 0.00 |

---
## 存在不同企业所得税税率纳税主体的，披露情况说明

| 纳税主体名称 | 所得税税率 |
| :--: | :--: |
| 东富龙（美国）有限责任公司 | 按照美国所在地税率执行 |
| 东富龙（印度）私人有限公司 | 按照印度所在地税率执行 |
| 东富龙俄罗斯有限公司 | 按照俄罗斯所在地税率执行 |
| 東富龍香港有限公司 | 按照香港所在地税率执行 |
| 东富龙（印尼）有限责任公司 | 按照印尼所在地税率执行 |
| 东富龙土耳其机械贸易有限公司 | 按照土耳其所在地税率执行 |
| 东富龙（澳大利亚）私人有限公司 | 按照澳大利亚所在地税率执行 |
| 东富龙（迪拜）有限公司 | 按照阿联酋所在地税率执行 |
| 东富龙（越南）有限公司 | 按照越南所在地税率执行 |
| 东富龙（南非）私人公司 | 按照南非所在地税率执行 |
| 东富龙日本株式会社 | 按照日本所在地税率执行 |
| 东富龙（德国）有限公司 | 按照德国所在地税率执行 |
| 东富龙 AND CIMA（巴拿马）有限责任公司 | 按照巴拿马所在地税率执行 |
| 东富龙意达有限公司 | 按照意大利所在地税率执行 |
| PHARMATECH SRL | 按照意大利所在地税率执行 |
| 东富龙新加坡有限公司 | 按照新加坡所在地税率执行 |
| Renggli AG | 按照瑞士所在地税率执行 |

---
（1）公司于2023年11月15日获得高新技术企业证书，证书编号为GR202331002687，证书有效期为三年，在证书有效期内享受高新技术企业优惠税率，本期公司企业所得税税率为15%。
（2）公司控股子公司上海共和真空技术有限公司于2024年12月4日获得高新技术企业证书，证书编号为GR202431002125，证书有效期为三年，在证书有效期内享受高新技术企业优惠税率，本期上海共和真空技术有限公司企业所得税税率为15%。
（3）公司全资子公司上海东富龙智能工程有限公司于2024年12月26日获得高新技术企业证书，证书编号为GR202431003556，证书有效期为三年，在证书有效期内享受高新技术企业优惠税率，本期上海东富龙智能工程有限公司企业所得税税率为15%。
（4）公司全资子公司上海东富龙制药设备制造有限公司于2025年12月19日获得高新技术企业证书，证书编号为GR202531002302，证书有效期为三年，在证书有效期内享受高新技术企业优惠税率，本期上海东富龙制药设备制造有限公司企业所得税税率为15%。
（5）公司控股子公司上海东富龙爱瑞思科技有限公司于2025年12月25日获得高新技术企业证书，证书编号为GR202531005686，证书有效期为三年，在证书有效期内享受高新技术企业优惠税率，本期上海东富龙爱瑞思科技有限公司企业所得税税率为15%。
（6）公司全资子公司东富龙包装技术（上海）有限公司于2025年12月25日获得高新技术企业证书，证书编号为GR202531004216，证书有效期为三年，在证书有效期内享受高新技术企业优惠税率，本期东富龙包装技术（上海）有限公司企业所得税税率为15%。

---
（7）公司全资子公司上海东富龙医疗科技产业发展有限公司下属的全资子公司东富龙生命科技有限公司于2025年12月25日获得高新技术企业证书，证书编号为GR202531006189，证书有效期为三年，在证书有效期内享受高新技术企业优惠税率，本期东富龙生命科技有限公司企业所得税税率为15%。
（8）公司全资子公司上海东富龙德惠空调设备有限公司于2023年12月12日获得高新技术企业证书，证书编号为GR202331007442，证书有效期为三年，在证书有效期内享受高新技术企业优惠税率，本期上海东富龙德惠空调设备有限公司企业所得税税率为15%。
（9）公司控股子公司上海东富龙拓溥科技有限公司于2024年12月4日获得高新技术企业证书，证书编号为GR202431001241，证书有效期为三年，在证书有效期内享受高新技术企业优惠税率，本期上海东富龙拓溥科技有限公司企业所得税税率为15%。
（10）公司全资子公司上海涵欧制药设备有限公司于2023年12月12日获得高新技术企业证书，证书编号为GR202331005227，证书有效期为三年，在证书有效期内享受高新技术企业优惠税率，本期上海涵欧制药设备有限公司企业所得税税率为15%。
（11）公司控股子公司上海承欢轻工机械有限公司于2023年12月12日获得高新技术企业证书，证书编号为GR202331007439，证书有效期为三年，在证书有效期内享受高新技术企业优惠税率，本期上海承欢轻工机械有限公司企业所得税税率为15%。

---
（12）公司控股子公司上海东富龙海崴生物科技有限公司于2025年12月19日获得高新技术企业证书，证书编号为GR202531001667，证书有效期为三年，在证书有效期内享受高新技术企业优惠税率，本期上海东富龙海崴生物科技有限公司企业所得税税率为15%。
（13）公司全资子公司上海东富龙医疗科技产业发展有限公司下属的全资孙公司上海东富龙医用包装材料有限公司于2024年12月4日获得高新技术企业证书，证书编号为GR202431002158，证书有效期为三年，在证书有效期内享受高新技术企业优惠税率，本期上海东富龙医用包装材料有限公司企业所得税税率为15%。
（14）公司全资子公司上海东富龙医疗科技产业发展有限公司下属的控股子公司嘉兴千纯生物科技有限公司于2024年12月16日获得高新技术企业证书，证书编号为GR202433000271，证书有效期为三年，在证书有效期内享受高新技术企业优惠税率，本期嘉兴千纯生物科技有限公司企业所得税税率为15%。
（15）公司全资子公司上海东富龙智能工程有限公司下属的全资子公司上海东富龙信息技术有限公司于2025年12月25日获得高新技术企业证书，证书编号为GR202531005107，证书有效期为三年，在证书有效期内享受高新技术企业优惠税率，本期上海东富龙信息技术有限公司企业所得税税率为15%。
（16）公司控股子公司江苏辉河包装机械有限公司于2024年12月16日获得高新技术企业证书，证书编号为GR202432012208，证书有效期为三年，在证书有效期内享受高新技术企业优惠税率，本期江苏辉河包装机械有限公司企业所得税税率为15%。

---
（17）公司全资子公司上海东富龙制药设备工程有限公司于2023年11月15日获得高新技术企业证书，证书编号为GR202331000397，证书有效期为三年，在证书有效期内享受高新技术企业优惠税率，本期上海东富龙制药设备工程有限公司企业所得税税率为15%。
（18）公司全资子公司东富龙智能装备制造（江苏）有限公司于2024年12月16日获得高新技术企业证书，证书编号为GR202432011071，证书有效期为三年，在证书有效期内享受高新技术企业优惠税率，本期东富龙智能装备制造（江苏）有限公司企业所得税税率为15%。
（19）公司全资子公司上海东富龙医疗科技产业发展有限公司下属的全资孙公司上海东富龙生物试剂有限公司于2023年12月12日获得高新技术企业证书，证书编号为GR202331003211，证书有效期为三年，在证书有效期内享受高新技术企业优惠税率，本期上海东富龙生物试剂有限公司企业所得税税率为15%。
（20）公司全资子公司上海东富龙医疗科技产业发展有限公司下属的控股子公司赛普(杭州)过滤科技有限公司于2023年12月8日获得高新技术企业证书，证书编号为GR202333002920，本期赛普（杭州）过滤科技有限公司企业所得税税率为15%。
（21）公司全资子公司上海东富龙智能工程有限公司下属的控股子公司东富龙水技术工程（上海）有限公司于2025年12月25日获得高新技术企业证书，证书编号为GR202531003796，证书有效期为三年，在证书有效期内享受高新技术企业优惠税率，本期东富龙水技术工程（上海）有限公司企业所得税税率为15%。

---
（22）根据财政部和国家税务总局发布《关于进一步支持小微企业和个体工商户发展有关税费政策的公告》（财政部税务总局公告2023年第12号）规定，对小型微利企业减按25%计算应纳税所得额，按20%的税率缴纳企业所得税政策，延续执行至2027年12月31日。河南东富龙医用包装材料有限公司、东富龙包装技术（江苏）有限公司、东富龙包装设备制造（江苏）有限公司、上海东富龙检测技术有限公司、东富龙派轲瑞自动化科技（上海）有限公司、上海涌前智能装备有限公司、上海东富龙设备服务有限公司、东之恒（杭州）工程技术有限公司享有该政策优惠。
根据《财政部国家税务总局科技部关于完善研究开发费用税前加计扣除政策的通知》（财税〔2015〕119号）、《财政部税务总局科技部关于提高研究开发费用税前加计扣除比例的通知》（财税〔2018〕99号）、《财政部税务总局关于进一步完善研发费用税前加计扣除政策的公告》（财政部税务总局公告2021年第13号）、《财政部税务总局关于进一步完善研发费用税前加计扣除政策的公告》（财政部税务总局公告2023年第7号）等规定，自2021年1月1日起，研发费用在据实扣除的基础上，再按照实际发生额的100%在税前加计扣除；形成无形资产的，自2021年1月1日起，按照无形资产成本的200%在税前摊销。

---
根据《财政部、国家税务总局、海关总署关于鼓励软件产业和集成电路产业发展有关税收政策问题的通知》（财税[2000]25号）的规定，增值税一般纳税人销售其自行开发生产的软件产品，按13%税率征收增值税后，对其增值税实际税负超过3%的部分实行即征即退政策。公司全资子公司上海东富龙智能工程有限公司、全资子公司下属的全资孙公司上海东富龙信息技术有限公司销售软件产品享受该增值税优惠政策。
根据财政部、国家税务总局颁布的《财政部税务总局关于先进制造业企业增值税加计抵减政策的公告》(财政部税务总局公告[2023]第43号)的相关规定，在2023年1月1日至2027年12月31日的期间内，允许先进制造业企业按照当前可抵扣进项税额加计5%抵减应纳增值税税额，东富龙科技集团股份有限公司、上海共和真空技术有限公司、上海东富龙智能工程有限公司、上海东富龙制药设备制造有限公司、上海东富龙爱瑞思科技有限公司、东富龙包装技术（上海）有限公司、东富龙生命科技有限公司、上海东富龙德惠空调设备有限公司、上海东富龙拓溥科技有限公司、上海涵欧制药设备有限公司、上海承欢轻工机械有限公司、上海东富龙海崴生物科技有限公司、上海东富龙医用包装材料有限公司、嘉兴千纯生物科技有限公司、上海东富龙信息技术有限公司、江苏辉河包装机械有限公司、上海东富龙制药设备工程有限公司、东富龙智能装备制造（江苏）有限公司、上海东富龙生物试剂有限公司、赛普（杭州）过滤科技有限公司、东富龙水技术工程（上海）有限公司享受上述优惠政策。

---
## 货币资金-其他说明

| 项目 | 期末余额 | 上年年末余额 |
| :--: | :--: | :--: |
| 保函保证金 | 14,349,585.42 | 13,782,860.45 |
| 履约保证金 |  | 2,904,664.89 |
| 预付款保函保证金 |  | 10,144,248.57 |
| 诉讼冻结资金 | 4,048,517.94 | 12,801,614.76 |
| 共管账户 | 9,411,779.95 | 25,290,807.89 |
| 银行在途资金 | 65,290,092.46 | 3,931,431.46 |
| 其他 |  | 188.78 |
| 合计 | 93,099,975.77 | 68,855,816.80 |

---
## 按预期信用损失一般模型计提坏账准备

单位：元

<table id='a57703fbc6f3bbc33e05c2fde3b30610' titleId='61489558-644b-4c2f-8a55-40896cd20909' headId='a57703fbc6f3bbc33e05c2fde3b30610'>
  <tr>
    <td rowspan=""2"">坏账准备</td>
    <td>第一阶段</td>
    <td>第二阶段</td>
    <td>第三阶段</td>
    <td rowspan=""2"">合计</td>
  </tr>
  <tr>
    <td>未来12个月预期信用损失</td>
    <td>整个存续期预期信用损失(未发生信用减值)</td>
    <td>整个存续期预期信用损失(已发生信用减值)</td>
  </tr>
  <tr>
    <td>2026年1月1日余额</td>
    <td>7,242,888.67</td>
    <td>232,630.31</td>
    <td>58,000.00</td>
    <td>7,533,518.98</td>
  </tr>
  <tr>
    <td>2026年1月1日余额在本期</td>
    <td></td>
    <td></td>
    <td></td>
    <td></td>
  </tr>
  <tr>
    <td>本期计提</td>
    <td>3,956,904.26</td>
    <td>112,830.68</td>
    <td>0.00</td>
    <td>4,069,734.94</td>
  </tr>
  <tr>
    <td>本期转回</td>
    <td></td>
    <td></td>
    <td>8,000.00</td>
    <td>8,000.00</td>
  </tr>
  <tr>
    <td>本期核销</td>
    <td>34,800.00</td>
    <td></td>
    <td></td>
    <td>34,800.00</td>
  </tr>
  <tr>
    <td>其他变动</td>
    <td>24,753.74</td>
    <td></td>
    <td></td>
    <td>24,753.74</td>
  </tr>
  <tr>
    <td>2026年6月30日余额</td>
    <td>11,140,239.19</td>
    <td>345,460.99</td>
    <td>50,000.00</td>
    <td>11,535,700.18</td>
  </tr>
</table>

> Note: merged cells detected, rendered as HTML table.

---
## 按欠款方归集的期末余额前五名的其他应收款情况

单位：元

| 单位名称 | 款项的性质 | 期末余额 | 账龄 | 占其他应收款期末余额合计数的比例 | 坏账准备期末余额 |
| :--: | :--: | :--: | :--: | :--: | :--: |
| 中华人民共和国上海海关 | 押金及保证金 | 5,000,000.00 | 1年以内 | 9.41% | 250,000.00 |
| 唐山乐丰农业发展有限公司 | 押金及保证金 | 3,100,839.00 | 1年以内 | 5.84% | 155,041.95 |
| 安徽古井贡酒股份有限公司 | 押金及保证金 | 2,949,000.00 | 2-3年 | 5.55% | 1,474,500.00 |
| CIMA Industries Inc | 押金及保证金 | 2,224,051.72 | 1-2年 | 4.19% | 444,810.34 |
| 上海第一中级人民法院 | 押金及保证金 | 1,860,320.49 | 1年以内 | 3.50% | 93,016.02 |
| 合计 |  | 15,134,211.21 |  | 28.49% | 2,417,368.31 |

---
## 预付款项按账龄列示

单位：元

<table id='d605a0f6703ab7140c8ce5b13e5231bb' titleId='d605a0f6703ab7140c8ce5b13e5231bb' headId='d605a0f6703ab7140c8ce5b13e5231bb'>
  <tr>
    <td rowspan=""2"">账龄</td>
    <td colspan=""2"">期末余额</td>
    <td colspan=""2"">期初余额</td>
  </tr>
  <tr>
    <td>金额</td>
    <td>比例</td>
    <td>金额</td>
    <td>比例</td>
  </tr>
  <tr>
    <td>1年以内</td>
    <td>127,029,772.84</td>
    <td>92.59%</td>
    <td>118,146,019.17</td>
    <td>92.93%</td>
  </tr>
  <tr>
    <td>1至2年</td>
    <td>8,895,028.35</td>
    <td>6.48%</td>
    <td>7,154,610.26</td>
    <td>5.63%</td>
  </tr>
  <tr>
    <td>2至3年</td>
    <td>1,276,560.57</td>
    <td>0.93%</td>
    <td>1,837,036.88</td>
    <td>1.44%</td>
  </tr>
  <tr>
    <td>合计</td>
    <td>137,201,361.76</td>
    <td></td>
    <td>127,137,666.31</td>
    <td></td>
  </tr>
</table>

> Note: merged cells detected, rendered as HTML table.

---
## 其他权益工具投资

单位：元

| 项目名称 | 期初余额 | 本期计入其他综合收益的利得 | 本期计入其他综合收益的损失 | 本期末累计计入其他综合收益的利得 | 本期末累计计入其他综合收益的损失 | 本期确认的股利收入 | 期末余额 | 指定为以公允价值计量且其变动计入其他综合收益的原因 |
| :-- | :--: | :--: | :--: | :--: | :--: | :--: | :--: | :--: |
| 上海闵商联融资租赁有限公司 |  |  |  |  | 15,000,000.00 |  |  |  |
| 莱博药妆技术（上海）股份有限公司 | 6,719,390.77 | 472,617.99 |  |  | 2,807,799.24 |  | 7,192,008.76 |  |
| 上海雷昶科技有限公司 | 10,000,000.00 |  | 132,847.49 |  | 132,847.49 |  | 9,867,152.51 |  |
| 江苏汉邦科技有限公司 | 65,955,752.30 |  | 6,603,197.74 | 48,908,354.18 |  |  | 59,352,554.56 |  |
| 上海惠和化德生物科技有限公司 | 36,422,595.62 |  |  | 13,922,595.62 |  |  | 36,422,595.62 |  |
| 苏州优艺生物科技有限公司 | 5,000,000.00 |  |  | 2,000,000.00 |  |  | 5,000,000.00 |  |
| 合计 | 124,097,738.69 | 472,617.99 | 6,736,045.23 | 64,830,949.80 | 17,940,646.73 |  | 117,834,311.45 |  |

---
## 分项披露本期非交易性权益工具投资

单位：元

| 项目名称 | 确认的股利收入 | 累计利得 | 累计损失 | 其他综合收益转入留存收益的金额 | 指定为以公允价值计量且其变动计入其他综合收益的原因 | 其他综合收益转入留存收益的原因 |
| :--: | :--: | :--: | :--: | :--: | :--: | :--: |
| 上海闵商联 融资租赁有限公司 |  |  | 15,000,000.00 |  | 并非为交易目的而持有的权益工具 |  |
| 莱博药妆技 术（上海）股份有限公 司 |  |  | 2,807,799.24 |  | 并非为交易目的而持有的权益工具 |  |
| 上海雷昶科 技有限公司 |  |  | 132,847.49 |  |  |  |
| 江苏汉邦科 技有限公司 |  | 48,908,354.18 |  | 8,805,875.38 | 并非为交易目的而持有的权益工具 | 部分股权处 置 |
| 上海惠和化 德生物科技有限公司 |  | 13,922,595.62 |  |  | 并非为交易目的而持有 的权益工具 |  |
| 苏州优艺生 物科技有限 公司 |  | 2,000,000.00 |  |  | 并非为交易目的而持有 的权益工具 |  |

---
15、长期股权投资
单位：元
可收回金额按公允价值减去处置费用后的净额确定
□适用 不适用
可收回金额按预计未来现金流量的现值确定
□适用 不适用
前述信息与以前年度减值测试采用的信息或外部信息明显不一致的差异原因
不适用。
公司以前年度减值测试采用信息与当年实际情况明显不一致的差异原因
不适用。
其他说明
16、其他非流动金融资产
单位：元
其他说明：
17、投资性房地产
（1） 采用成本计量模式的投资性房地产
适用 □不适用
单位：元
可收回金额按公允价值减去处置费用后的净额确定
□适用 不适用
可收回金额按预计未来现金流量的现值确定
□适用 不适用
前述信息与以前年度减值测试采用的信息或外部信息明显不一致的差异原因
不适用。
公司以前年度减值测试采用信息与当年实际情况明显不一致的差异原因
不适用。
其他说明：
（2） 采用公允价值计量模式的投资性房地产
□适用 不适用
18、固定资产
单位：元
（1） 固定资产情况
单位：元
（4） 未办妥产权证书的固定资产情况
单位：元
（5） 固定资产的减值测试情况
□适用 不适用
19、在建工程
单位：元
（1） 在建工程情况
单位：元
（2） 重要在建工程项目本期变动情况
单位：元
（4） 在建工程的减值测试情况
□适用 不适用
20、使用权资产
（1） 使用权资产情况
单位：元
21、无形资产
（1） 无形资产情况
单位：元
本期末通过公司内部研发形成的无形资产占无形资产余额的比例0.00%
（4） 无形资产的减值测试情况
□适用 不适用

---
## 其他非流动金融资产

单位：元

| 项目 | 期末余额 | 期初余额 |
| :--: | :--: | :--: |
| 以公允价值计量且其变动计入当期损益的金融资产 | 87,091,927.01 | 105,101,292.59 |
| 合计 | 87,091,927.01 | 105,101,292.59 |

---
## 其他说明

| 项目 | 期末余额 | 上年年末余额 |
| :--: | :--: | :--: |
| 以公允价值计量且其变动计入当期损益的金融资产 | 87,091,927.01 | 105,101,292.59 |
| 其中：权益工具投资 | 87,091,927.01 | 105,101,292.59 |
| 其中：北京星实投资管理中心（有限合伙） | 19,929,207.09 | 20,068,931.52 |
| 上海生物医药并购私募基金合伙企业（有限合伙） | 67,162,719.92 | 85,032,361.07 |
| 合计 | 87,091,927.01 | 105,101,292.59 |

---
## 在建工程情况

单位：元

<table id='95260564818120acd825cfa8b06e0a1f' titleId='95260564818120acd825cfa8b06e0a1f' headId='95260564818120acd825cfa8b06e0a1f'>
  <tr>
    <td rowspan=""2"">项目</td>
    <td colspan=""3"">期末余额</td>
    <td colspan=""3"">期初余额</td>
  </tr>
  <tr>
    <td>账面余额</td>
    <td>减值准备</td>
    <td>账面价值</td>
    <td>账面余额</td>
    <td>减值准备</td>
    <td>账面价值</td>
  </tr>
  <tr>
    <td>生物制药装备产业试制中心项目</td>
    <td>204,052,269.02</td>
    <td></td>
    <td>204,052,269.02</td>
    <td>186,309,151.41</td>
    <td></td>
    <td>186,309,151.41</td>
  </tr>
  <tr>
    <td>印度子公司工厂改造项目</td>
    <td>2,170,757.55</td>
    <td></td>
    <td>2,170,757. 55</td>
    <td>1,350,419. 09</td>
    <td></td>
    <td>1,350,419.09</td>
  </tr>
  <tr>
    <td>东台智能装备制造科创产业园项目</td>
    <td>111,666.81</td>
    <td></td>
    <td>111,666.81</td>
    <td>111,666.81</td>
    <td></td>
    <td>111,666.81</td>
  </tr>
  <tr>
    <td>江苏生物医药装备产业化基地项目</td>
    <td>9,464,655.12</td>
    <td></td>
    <td>9,464,655. 12</td>
    <td>151,746.75</td>
    <td></td>
    <td>151,746.75</td>
  </tr>
  <tr>
    <td>浙江东富龙生物技术有限公司生命科学产业化基地项目</td>
    <td>7,700,434.32</td>
    <td></td>
    <td>7,700,434. 32</td>
    <td>10,616,781.02</td>
    <td></td>
    <td>10,616,781.02</td>
  </tr>
  <tr>
    <td>上海千纯生物分离介质新技术和新产品的开发与产业化项目</td>
    <td>127,586,927.48</td>
    <td></td>
    <td>127,586,927.48</td>
    <td>116,757,255.25</td>
    <td></td>
    <td>116,757,255.25</td>
  </tr>
  <tr>
    <td>待安装设备</td>
    <td>12,850,027.81</td>
    <td></td>
    <td>12,850,027.81</td>
    <td>11,291,858.23</td>
    <td></td>
    <td>11,291,858.23</td>
  </tr>
  <tr>
    <td>合计</td>
    <td>363,936,738.11</td>
    <td></td>
    <td>363,936,738.11</td>
    <td>326,588,878.56</td>
    <td></td>
    <td>326,588,878.56</td>
  </tr>
</table>

> Note: merged cells detected, rendered as HTML table.

---
## 重要在建工程项目本期变动情况

单位：元

| 项目名称 | 预算数 | 期初余额 | 本期增加金额 | 本期转入固定资产金额 | 本期其他减少金额 | 期末余额 | 工程累计投入占预算比例 | 工程进度 | 利息资本化累计金额 | 其中：本期利息资本化金额 | 本期利息资本化率 | 资金来源 |
| :--: | --: | :--: | :-- | --: | :--: | :-- | :--: | :-- | :--: | :--: | :--: | --: |
| 生物制药装备产业试制中心项目 | 762,516,000.00 | 186,309,151.41 | 17,743,117.61 | 0.00 | 0.00 | 0.00 204,052,2 69.02 | 29.91% | 29.91% |  |  |  | 募集 资金 |
| 江苏生物医药装备产业化基地项目 | 1,095,307,900.00 | 151,746.75 | 9,312,908.37 |  |  | 9,464,655.12 | 35.06% | 35.06% |  |  |  | 募集 资金 |
| 浙江东富龙生物技术有限公司生命科学产业化基地项目 | 1,303,537,600.00 | 10,616, 781.02 | 6,155,697.33 | 9,072, 044.03 |  | 7,700,434.32 | 45.69% | 45.69% |  |  |  | 募集 资金 |
| 上海千纯生物分离介质新技术和新产品的开发与产业化项目 | 250,000,000.00 | 116,757,255.25 | 10,829,672.23 |  |  | 127,586,927.48 | 54.37% | 54.37% |  |  |  | 其 他、 金融 机构 贷款 |
| 合计 | 3,411,361,500.00 | 313,834,934.43 | 44,041,395.54 | 9,072, 044.03 | 0.00 | 0.00 348,804,2 85.94 |  |  |  |  |  |  |

---
## 商誉账面原值

单位：元

<table id='35d07fd07771c33db9c386ad684e2fc2' titleId='59e95ae9-7ff5-4cfb-8439-65aaa9c3605f' headId='35d07fd07771c33db9c386ad684e2fc2'>
  <tr>
    <td rowspan=""2"">被投资单位名称或形成商誉的事项</td>
    <td rowspan=""2"">期初余额</td>
    <td colspan=""2"">本期增加</td>
    <td colspan=""2"">本期减少</td>
    <td rowspan=""2"">期末余额</td>
  </tr>
  <tr>
    <td>企业合并形成的</td>
    <td></td>
    <td>处置</td>
    <td>其他</td>
  </tr>
  <tr>
    <td>上海共和真空技术有限公司</td>
    <td>118,530.96</td>
    <td></td>
    <td></td>
    <td></td>
    <td></td>
    <td>118,530. 96</td>
  </tr>
  <tr>
    <td>东富龙包装技术（上海）有限公司</td>
    <td>12,100,216.19</td>
    <td></td>
    <td></td>
    <td></td>
    <td></td>
    <td>12,100,216.19</td>
  </tr>
  <tr>
    <td>上海东富龙制药设备工程有限公司</td>
    <td>19,260,173.74</td>
    <td></td>
    <td></td>
    <td></td>
    <td></td>
    <td>19,260,173.74</td>
  </tr>
  <tr>
    <td>上海东富龙信息技术有限公司</td>
    <td>7,181,862.45</td>
    <td></td>
    <td></td>
    <td></td>
    <td></td>
    <td>7,181,862.45</td>
  </tr>
  <tr>
    <td>上海涵欧制药设备有限公司</td>
    <td>17,765,041.32</td>
    <td></td>
    <td></td>
    <td></td>
    <td></td>
    <td>17,765,041.32</td>
  </tr>
  <tr>
    <td>上海承欢轻工机械有限公司</td>
    <td>13,600,056.36</td>
    <td></td>
    <td></td>
    <td></td>
    <td></td>
    <td>13,600,056.36</td>
  </tr>
  <tr>
    <td>上海东富龙海崴生物科技有限公司</td>
    <td>734,229.95</td>
    <td></td>
    <td></td>
    <td></td>
    <td></td>
    <td>734,229. 95</td>
  </tr>
  <tr>
    <td>嘉兴千纯生物科技有限公司</td>
    <td>22,211,656.68</td>
    <td></td>
    <td></td>
    <td></td>
    <td></td>
    <td>22,211,656.68</td>
  </tr>
  <tr>
    <td>江苏辉河包装机械有限公司</td>
    <td>52,565,914.17</td>
    <td></td>
    <td></td>
    <td></td>
    <td></td>
    <td>52,565,914.17</td>
  </tr>
  <tr>
    <td>Renggli AG</td>
    <td>15,246,731.03</td>
    <td></td>
    <td></td>
    <td></td>
    <td>409,212.09</td>
    <td>14,837,518.94</td>
  </tr>
  <tr>
    <td>东之恒（杭州）工程技术有限公司</td>
    <td>139,904.69</td>
    <td></td>
    <td></td>
    <td></td>
    <td></td>
    <td>139,904. 69</td>
  </tr>
  <tr>
    <td>赛普（杭州）过滤科技有限公司</td>
    <td>38,878,758.85</td>
    <td></td>
    <td></td>
    <td></td>
    <td></td>
    <td>38,878,758.85</td>
  </tr>
  <tr>
    <td>合计</td>
    <td>199,803,076.39</td>
    <td></td>
    <td></td>
    <td></td>
    <td>409,212.09</td>
    <td>199,393, 864.30</td>
  </tr>
</table>

> Note: merged cells detected, rendered as HTML table.

---
## 商誉减值准备

单位：元

<table id='cceab69f4c16887e1807d749f766a088' titleId='cceab69f4c16887e1807d749f766a088' headId='cceab69f4c16887e1807d749f766a088'>
  <tr>
    <td rowspan=""2"">被投资单位名称或形成商誉的事项</td>
    <td rowspan=""2"">期初余额</td>
    <td colspan=""2"">本期增加</td>
    <td colspan=""2"">本期减少</td>
    <td rowspan=""2"">期末余额</td>
  </tr>
  <tr>
    <td>计提</td>
    <td></td>
    <td>处置</td>
    <td></td>
  </tr>
  <tr>
    <td>上海东富龙制药设备工程有限公司</td>
    <td>6,650,000.00</td>
    <td></td>
    <td></td>
    <td></td>
    <td></td>
    <td>6,650,000.00</td>
  </tr>
  <tr>
    <td>上海东富龙信息技术有限公司</td>
    <td>7,181,862.45</td>
    <td></td>
    <td></td>
    <td></td>
    <td></td>
    <td>7,181,862.45</td>
  </tr>
  <tr>
    <td>上海承欢轻工机械有限公司</td>
    <td>7,205,059.97</td>
    <td></td>
    <td></td>
    <td></td>
    <td></td>
    <td>7,205,059.97</td>
  </tr>
  <tr>
    <td>赛普（杭州）过滤科技有限公司</td>
    <td>9,376,102.52</td>
    <td></td>
    <td></td>
    <td></td>
    <td></td>
    <td>9,376,102.52</td>
  </tr>
  <tr>
    <td>合计</td>
    <td>30,413,024.94</td>
    <td></td>
    <td></td>
    <td></td>
    <td></td>
    <td>30,413,024.94</td>
  </tr>
</table>

> Note: merged cells detected, rendered as HTML table.

---
## 商誉所在资产组或资产组组合的相关信息

| 名称 | 所属资产组或组合的构成及依据 | 所属经营分部及依据 | 是否与以前年度保持一致 |
| :--: | --: | :--: | :--: |
| 上海共和真空技术有限公司 | 业务单一独立，独立核算，将其全部主营业务经营性资产及负债认定为一个资产组 | 相关资产属于该组合 | 是 |
| 东富龙包装技术（上海）有限公司 | 业务单一独立，独立核算，将其全部主营业务经营性资产及负债认定为一个资产组 | 相关资产属于该组合 | 是 |
| 上海东富龙制药设备工程有限公司 | 业务单一独立，独立核算，将其全部主营业务经营性资产及负债认定为一个资产组 | 相关资产属于该组合 | 是 |
| 上海东富龙信息技术有限公司 | 业务单一独立，独立核算，将其全部主营业务经营性资产及负债认定为一个资产组 | 相关资产属于该组合 | 是 |
| 上海涵欧制药设备有限公司 | 业务单一独立，独立核算，将其全部主营业务经营性资产及负债认定为一个资产组 | 相关资产属于该组合 | 是 |
| 上海承欢轻工机械有限公司 | 业务单一独立，独立核算，将其全部主营业务经营性资产及负债认定为一个资产组 | 相关资产属于该组合 | 是 |
| 上海东富龙海崴生物科技有限公司 | 业务单一独立，独立核算，将其全部主营业务经营性资产及负债认定为一个资产组 | 相关资产属于该组合 | 是 |
| 嘉兴千纯生物科技有限公司 | 业务单一独立，独立核算，将其全部主营业务经营性资产及负债认定为一个资产组 | 相关资产属于该组合 | 是 |
| 江苏辉河包装机械有限公司 | 业务单一独立，独立核算，将其全部主营业务经营性资产及负债认定为一个资产组 | 相关资产属于该组合 | 是 |
| Renggli AG | 业务单一独立，独立核算，将其全部主营业务经营性资产及负债认定为一个资产组 | 相关资产属于该组合 | 是 |
| 东之恒（杭州）工程技术有限公司 | 业务单一独立，独立核算，将其全部主营业务经营性资产及负债认定为一个资产组 | 相关资产属于该组合 | 是 |
| 赛普（杭州）过滤科技有限公司 | 业务单一独立，独立核算，将其全部主营业务经营性资产及负债认定为一个资产组 | 相关资产属于该组合 | 是 |

---
## 未确认递延所得税资产的可抵扣亏损将于以下年度到期

| 年份 | 期末金额 | 期初金额 | 备注 |
| :--: | :--: | :--: | :--: |
| 2026年 | 322,206.22 | 675.50 |  |
| 2027年 | 9,665,157.38 | 11,568,721.99 |  |
| 2028年 | 49,107,872.25 | 52,930,179.85 |  |
| 2029年 | 53,124,570.98 | 46,193,560.12 |  |
| 2030年 | 103,586,001.02 | 107,326,043.66 |  |
| 2031年 | 54,668,213.44 | 19,171,549.09 |  |
| 2032年 | 58,941,311.09 | 58,941,311.09 |  |
| 2033年 | 92,464,850.92 | 92,464,850.92 |  |
| 2034年 | 91,055,411.09 | 91,055,411.09 |  |
| 2035年 | 133,495,524.70 | 133,495,524.70 |  |
| 2036年 | 51,814,709.04 |  |  |
| 合计 | 698,245,828.13 | 613,147,828.01 |  |

---
## 短期借款分类

| 项目 | 期末余额 | 期初余额 |
| :--: | :--: | :--: |
| 保证借款 |  | 10,925,751.62 |
| 信用借款 | 13,001,000.00 |  |
| 供应链融资-建信融通 | 6,375,644.07 | 4,221,906.04 |
| 合计 | 19,376,644.07 | 15,147,657.66 |

---
## 衍生金融负债

单位：元

| 项目 | 期末余额 | 期初余额 |
| :--: | :--: | :--: |
| 远期合约 | 314,109.60 | - |
| 合计 | 314,109.60 | - |

---
## 按款项性质列示其他应付款

单位：元

| 项目 | 期末余额 | 期初余额 |
| :--: | :--: | :--: |
| 代垫款 | 643,096.90 | 637,368.93 |
| 应付保证金、押金 | 11,819,949.29 | 10,150,858.17 |
| 图纸设计及提成费 | 3,758,687.95 | 2,244,187.22 |
| 应付费用 | 6,880,805.09 | 5,839,624.69 |
| 资金往来 | 100,000.00 | 100,000.00 |
| 合计 | 23,202,539.23 | 18,972,039.01 |

---
## 一年内到期的非流动负债

单位：元

| 项目 | 期末余额 | 期初余额 |
| :--: | :--: | :--: |
| 一年内到期的租赁负债 | 664,645.27 | 831,627.70 |
| 合计 | 664,645.27 | 831,627.70 |

---
37、长期借款
（1） 长期借款分类
单位：元
长期借款分类的说明：
公司全资子公司上海东富龙医疗科技产业发展有限公司下属的控股孙公司东富龙千纯生物科技（上海）有限公司向中国建设银行股份有限公司上海闵行支行借款9,030万元，借款期限自2024年4月20日至2036年4月12日。
其他说明，包括利率区间：
无
38、租赁负债
单位：元
39、预计负债
单位：元
40、递延收益
单位：元
42、股本
单位：元
43、资本公积
单位：元
44、库存股
单位：元
45、其他综合收益
单位：元
46、专项储备
单位：元
其他说明，包括本期增减变动情况、变动原因说明：
本期增加计提专项储备，本期减少为实际使用安全生产费。
47、盈余公积
单位：元
48、未分配利润
单位：元
调整期初未分配利润明细：
1)、由于《企业会计准则》及其相关新规定进行追溯调整，影响期初未分配利润0.00元。
2)、由于会计政策变更，影响期初未分配利润0.00元。
3)、由于重大会计差错更正，影响期初未分配利润0.00元。
4)、由于同一控制导致的合并范围变更，影响期初未分配利润0.00元。
5)、其他调整合计影响期初未分配利润0.00元。
49、营业收入和营业成本
单位：元
营业收入、营业成本的分解信息：
单位：元
50、税金及附加
单位：元
51、管理费用
单位：元
52、销售费用
单位：元
53、研发费用
单位：元
54、财务费用
单位：元
55、其他收益
单位：元
57、公允价值变动收益
单位：元
58、投资收益
单位：元
59、信用减值损失
单位：元
60、资产减值损失
单位：元
61、资产处置收益
单位：元
62、营业外收入
单位：元
63、营业外支出
单位：元
64、所得税费用
（1） 所得税费用表
单位：元
（2） 会计利润与所得税费用调整过程
单位：元
65、其他综合收益
详见附注43

---
## 租赁负债

单位：元

| 项目 | 期末余额 | 期初余额 |
| :--: | :--: | :--: |
| 租赁付款额 | 1,532,775.85 | 2,278,825.02 |
| 其中：未确认融资费用 | -54,790.12 | -88,543.82 |
| 减：一年内到期的租赁负债 | -664,645.27 | -831,627.70 |
| 合计 | 813,340.46 | 1,358,653.50 |

---
## 盈余公积

单位：元

| 项目 | 期初余额 | 本期增加 | 本期减少 | 期末余额 |
| :--: | :--: | :--: | :--: | :--: |
| 法定盈余公积 | 382,914,020.00 |  |  | 382,914,020.00 |
| 合计 | 382,914,020.00 |  |  | 382,914,020.00 |

---
66、现金流量表项目
（1） 与经营活动有关的现金
收到的其他与经营活动有关的现金
单位：元
支付的其他与经营活动有关的现金
单位：元
（2） 与投资活动有关的现金
收到的其他与投资活动有关的现金
单位：元
收到的重要的与投资活动有关的现金
单位：元
支付的重要的与投资活动有关的现金
单位：元
（3） 与筹资活动有关的现金
支付的其他与筹资活动有关的现金
单位：元
筹资活动产生的各项负债变动情况
适用 □不适用
单位：元
67、现金流量表补充资料
（1） 现金流量表补充资料
单位：元
（2） 本期支付的取得子公司的现金净额
（3） 本期收到的处置子公司的现金净额
（4） 现金和现金等价物的构成
单位：元
（6） 不属于现金及现金等价物的货币资金
单位：元
其他说明：
1、 供应商融资安排
（1）供应商融资安排的条款和条件
本公司通过北京跃瀚科技有限责任公司设立的融通供应链信息服务平台办理供应链融资业务。平台收到本公司提供的真实贸易背景应收账款信息，应收账款债务人可在“融信”业务合作额度内，向应收账款债权人签发应收账款电子凭证，并作出付款承诺，按约定履行该笔“融信”项下债务清偿。签发“融信”后，通过平台将“融信” 交付给链上企业，链上企业确认签收后成为 “融信”持有人，并可持有到期、根据平台功能进行拆分、转让或向融资机构申请融资。
（4）供应商融资安排的金融负债账面金额中不涉及现金收支的当期变动的类型和影响
本公司本期因供应商融资安排，本期终止确认应付账款同时确认短期借款(包括利息6,375,644.07元。本公司属于供应商融资安排的金融负债本期增减变动中不存在企业合并和汇率变动的影响。

---
## 属于供应商融资安排的金融负债

| 列报项目 | 期末余额 | 上年年末余额 |
| :--: | :--: | :--: |
| 短期借款 | 6,375,644.07 | 4,221,906.04 |
| 其中：供应商已从融资提供方收到的款项 | 6,375,644.07 | 4,221,906.04 |

---
## 付款到期日区间

|  | 期末 | 期初 |
| :--: | :--: | :--: |
| 属于供应商融资安排的金融负债 | 6,375,644.07 | 4,221,906.04 |

---
69、外币货币性项目
（1） 外币货币性项目
单位：元
70、租赁
（1） 本公司作为承租方
适用 □不适用
未纳入租赁负债计量的可变租赁付款额
□适用 不适用
简化处理的短期租赁或低价值资产的租赁费用
适用 □不适用
（2） 本公司作为出租方
作为出租人的经营租赁
适用 □不适用
单位：元
作为出租人的融资租赁
□适用 不适用
未来五年每年未折现租赁收款额
适用 □不适用
单位：元

---
## 未来五年每年未折现租赁收款额

单位：元

<table id='e2953ce3b4bef8c63025a334fe62538d' titleId='e039ef54-9f36-4dce-8d9e-d6e3a7ac7b91' headId='e2953ce3b4bef8c63025a334fe62538d'>
  <tr>
    <td rowspan=""2"">项目</td>
    <td colspan=""2"">每年未折现租赁收款额</td>
  </tr>
  <tr>
    <td>期末金额</td>
    <td>期初金额</td>
  </tr>
  <tr>
    <td>第一年</td>
    <td>1,294,395.12</td>
    <td>2,588,790.24</td>
  </tr>
  <tr>
    <td>第二年</td>
    <td>800,000.00</td>
    <td>0.00</td>
  </tr>
  <tr>
    <td>第三年</td>
    <td>800,000.00</td>
    <td>0.00</td>
  </tr>
  <tr>
    <td>第四年</td>
    <td>800,000.00</td>
    <td>0.00</td>
  </tr>
  <tr>
    <td>第五年</td>
    <td>800,000.00</td>
    <td>0.00</td>
  </tr>
  <tr>
    <td>五年后未折现租赁收款额总额</td>
    <td>4,494,395.12</td>
    <td>2,588,790.24</td>
  </tr>
</table>

> Note: merged cells detected, rendered as HTML table.

---
八、研发支出
单位：元
九、合并范围的变更
1、非同一控制下企业合并
（2） 合并成本及商誉
（3） 被购买方于购买日可辨认资产、负债
十、在其他主体中的权益
1、在子公司中的权益
（1） 企业集团的构成
单位：元
（2） 重要的非全资子公司
单位：元
（3） 重要非全资子公司的主要财务信息
单位：元
单位：元
（4） 使用企业集团资产和清偿企业集团债务的重大限制
（5） 向纳入合并财务报表范围的结构化主体提供的财务支持或其他支持
2、在子公司的所有者权益份额发生变化且仍控制子公司的交易
（1） 在子公司所有者权益份额发生变化的情况说明
（2） 交易对于少数股东权益及归属于母公司所有者权益的影响
3、在合营企业或联营企业中的权益
（1） 重要的合营企业或联营企业
（2） 重要合营企业的主要财务信息
（3） 重要联营企业的主要财务信息
（4） 不重要的合营企业和联营企业的汇总财务信息
（5） 合营企业或联营企业向本公司转移资金的能力存在重大限制的说明
（6） 合营企业或联营企业发生的超额亏损
（7） 与合营企业投资相关的未确认承诺
（8） 与合营企业或联营企业投资相关的或有负债
十一、政府补助
1、报告期末按应收金额确认的政府补助
□适用 不适用
未能在预计时点收到预计金额的政府补助的原因
□适用 不适用
2、涉及政府补助的负债项目
适用 □不适用
单位：元
3、计入当期损益的政府补助
适用 □不适用
单位：元

---
## 企业集团的构成

单位：元

<table id='19c13115ccc96aeec3f5801d829d7647' titleId='19c13115ccc96aeec3f5801d829d7647' headId='19c13115ccc96aeec3f5801d829d7647'>
  <tr>
    <td rowspan=""2"">子公司名称</td>
    <td rowspan=""2"">注册资本</td>
    <td rowspan=""2"">主要经营地</td>
    <td rowspan=""2"">注册地</td>
    <td rowspan=""2"">业务性质</td>
    <td colspan=""2"">持股比例</td>
    <td rowspan=""2"">取得方式</td>
  </tr>
  <tr>
    <td>直接</td>
    <td>间接</td>
  </tr>
  <tr>
    <td>上海共和 真空技术</td>
    <td>350,000.00 美元</td>
    <td>上海市闵行区都会路1509号</td>
    <td>上海市闵行区都会路1509号2幢</td>
    <td>生产销 售</td>
    <td>51.00%</td>
    <td>0.00%</td>
    <td>非同一 控制下</td>
  </tr>
  <tr>
    <td>有限公司</td>
    <td></td>
    <td></td>
    <td>1楼</td>
    <td></td>
    <td></td>
    <td></td>
    <td>合并</td>
  </tr>
  <tr>
    <td>东富龙 （美国）有限责任 公司</td>
    <td>200,000.00 美元</td>
    <td>955 s. Springfield Avenue, First Floor, Building A， Springfield， New Jersey ,07081</td>
    <td>Jans Carlowood Street, New York, USA</td>
    <td>销售</td>
    <td>100.00%</td>
    <td>0.00%</td>
    <td>设立或 投资</td>
  </tr>
  <tr>
    <td>上海东富 龙制药设 备制造有 限公司</td>
    <td>120,000,00 0.00元</td>
    <td>上海市金山区金流路399号</td>
    <td>上海市金山区金 流路399号</td>
    <td>生产销 售</td>
    <td>100.00%</td>
    <td>0.00%</td>
    <td>设立或 投资</td>
  </tr>
  <tr>
    <td>上海东富 龙智能工 程有限公司</td>
    <td>100,000,00 0.00元</td>
    <td>上海市闵行区都会路139号</td>
    <td>上海市闵行区东 川路555号丙楼5106室</td>
    <td>软件开 发</td>
    <td>100.00%</td>
    <td>0.00%</td>
    <td>设立或 投资</td>
  </tr>
  <tr>
    <td>上海东富 龙德惠空 调设备有 限公司</td>
    <td>70,000,000.00元</td>
    <td>上海市奉贤区沪杭公路1377号</td>
    <td>上海市奉贤区沪杭公路1377号3 幢</td>
    <td>生产销 售</td>
    <td>100.00%</td>
    <td>0.00%</td>
    <td>设立或 投资</td>
  </tr>
  <tr>
    <td>上海东富 龙德惠净 化空调工 程安装有限公司</td>
    <td>100,000,00 0.00元</td>
    <td>上海市奉贤区沪杭公路1377号</td>
    <td>上海市奉贤区沪杭公路1377号1 幢二层</td>
    <td>设计、 施工</td>
    <td>0.00%</td>
    <td>100.00%</td>
    <td>设立或 投资</td>
  </tr>
  <tr>
    <td>东富龙 （印度）私人有限 公司</td>
    <td>4,500,000. 00印度卢 比</td>
    <td>Plot no.22,Sy No.276 to 280,Pashamylara m,Industrial area,Patancheru Mandal,Sangared dy,Hyderabad,Te langana,India</td>
    <td>169, Zodiac Royal Palm, Room 406, East Goregaon, Aarey Milk Colony, Maharashtra, India.</td>
    <td>生产销 售</td>
    <td>100.00%</td>
    <td>0.00%</td>
    <td>设立或 投资</td>
  </tr>
  <tr>
    <td>上海东富龙爱瑞思 科技有限 公司</td>
    <td>1,500,000. 00美元</td>
    <td>上海市闵行区都会路139号</td>
    <td>上海市闵行区放鹤路2199号第1 幢A区</td>
    <td>生产销 售</td>
    <td>70.00%</td>
    <td>0.00%</td>
    <td>设立或 投资</td>
  </tr>
  <tr>
    <td>东富龙包 装技术 （上海）有限公司</td>
    <td>5,776,976. 00元</td>
    <td>上海市闵行区都会路139号</td>
    <td>上海市闵行区都会路1509号3幢 1层B区</td>
    <td>生产销 售</td>
    <td>100.00%</td>
    <td>0.00%</td>
    <td>非同一 控制下合并</td>
  </tr>
  <tr>
    <td>上海东富 龙拓溥科 技有限公 司</td>
    <td>1,500,000. 00美元</td>
    <td>上海市金山区金争路69号</td>
    <td>上海市金山区金争路69号1幢1 层C区</td>
    <td>生产销 售</td>
    <td>70.00%</td>
    <td>0.00%</td>
    <td>设立或 投资</td>
  </tr>
  <tr>
    <td>上海东富 龙制药设 备工程有限公司</td>
    <td>148,000,00 0.00元</td>
    <td>上海市奉贤区沪杭公路1377号</td>
    <td>上海市奉贤区沪杭公路1377号1 幢一层</td>
    <td>生产销 售</td>
    <td>100.00%</td>
    <td>0.00%</td>
    <td>非同一 控制下合并</td>
  </tr>
  <tr>
    <td>上海东富龙医疗科</td>
    <td>500,000,00 0.00元</td>
    <td>上海市闵行区都会路139号</td>
    <td>上海市闵行区都会路139号1幢1</td>
    <td>生产销 售</td>
    <td>100.00%</td>
    <td>0.00%</td>
    <td>设立或 投资</td>
  </tr>
  <tr>
    <td>技产业发展有限公司</td>
    <td></td>
    <td></td>
    <td>楼A区</td>
    <td></td>
    <td></td>
    <td></td>
    <td></td>
  </tr>
  <tr>
    <td>上海东富龙信息技术有限公司</td>
    <td>30,000,000.00元</td>
    <td>上海市闵行区都会路139号</td>
    <td>上海市闵行区都会路139号1幢3楼A区</td>
    <td>软件开 发、销售</td>
    <td>0.00%</td>
    <td>100.00%</td>
    <td>非同一 控制下合并</td>
  </tr>
  <tr>
    <td>东富龙生命科技有限公司</td>
    <td>150,000,00 0.00元</td>
    <td>上海市闵行区都会路139号</td>
    <td>上海市闵行区都会路139号1幢5楼；4幢3楼丙区</td>
    <td>生产销 售</td>
    <td>0.00%</td>
    <td>100.00%</td>
    <td>设立或 投资</td>
  </tr>
  <tr>
    <td>上海涵欧制药设备有限公司</td>
    <td>8,333,333. 00元</td>
    <td>上海市闵行区放鹤路2199号</td>
    <td>上海市奉贤区西 闸公路339号 306、307、308室</td>
    <td>生产销 售</td>
    <td>100.00%</td>
    <td>0.00%</td>
    <td>非同一 控制下合并</td>
  </tr>
  <tr>
    <td>上海承欢轻工机械有限公司</td>
    <td>24,735,000.00元</td>
    <td>上海市奉贤区沪杭公路1377号</td>
    <td>上海市奉贤区奉城镇洪朱路2803 号</td>
    <td>生产销 售</td>
    <td>51.00%</td>
    <td>0.00%</td>
    <td>非同一 控制下合并</td>
  </tr>
  <tr>
    <td>上海东富龙海崴生物科技有限公司</td>
    <td>50,000,000.00元</td>
    <td>上海市金山工业区金流路399号</td>
    <td>上海市金山工业区金流路399号1幢</td>
    <td>生产销 售</td>
    <td>87.70%</td>
    <td>0.00%</td>
    <td>非同一 控制下合并</td>
  </tr>
  <tr>
    <td>上海涌前智能装备有限公司</td>
    <td>10,000,000.00元</td>
    <td>上海市奉贤区沪杭公路1377号1幢三层</td>
    <td>上海市奉贤区沪杭公路1377号1 幢三层</td>
    <td>生产销 售</td>
    <td>0.00%</td>
    <td>70.00%</td>
    <td>设立或 投资</td>
  </tr>
  <tr>
    <td>东富龙俄罗斯有限公司</td>
    <td>1,200,000. 00俄罗斯 卢布</td>
    <td>125196, Moscow, 4th Lesnoy lane 13, Third floor, Apartment I, Rooms 1-5</td>
    <td>4-2 Lgarsky proezd, Moscow, Russia.</td>
    <td>销售</td>
    <td>100.00%</td>
    <td>0.00%</td>
    <td>设立或 投资</td>
  </tr>
  <tr>
    <td>东富龙智能装备制造（江苏）有限公司</td>
    <td>300,000,00 0.00元</td>
    <td>东台经济开发区人民路366号</td>
    <td>东台经济开发区 人民路366号</td>
    <td>生产销 售</td>
    <td>100.00%</td>
    <td>0.00%</td>
    <td>设立或 投资</td>
  </tr>
  <tr>
    <td>上海东富龙医用包装材料有限公司</td>
    <td>30,000,000.00元</td>
    <td>上海市闵行区都会路139号4幢3层乙区</td>
    <td>上海市闵行区都会路139号4幢3层乙区</td>
    <td>生产销 售</td>
    <td>0.00%</td>
    <td>100.00%</td>
    <td>设立或 投资</td>
  </tr>
  <tr>
    <td>东富龙包装技术（江苏）有限公司</td>
    <td>20,000,000.00元</td>
    <td>东台经济开发区人民路366号</td>
    <td>东台经济开发区 人民路366号</td>
    <td>生产销 售</td>
    <td>0.00%</td>
    <td>100.00%</td>
    <td>设立或 投资</td>
  </tr>
  <tr>
    <td>河南东富龙医用包装材料有限公司</td>
    <td>20,000,000.00元</td>
    <td>郑州航空港经济综合实验区黄海路与生物科技二街交叉口东北角郑州临空生物医药园16号楼</td>
    <td>郑州航空港经济 综合实验区黄海路与生物科技二街交叉口东北角郑州临空生物医药园16号楼</td>
    <td>生产销 售</td>
    <td>100.00%</td>
    <td>0.00%</td>
    <td>设立或 投资</td>
  </tr>
  <tr>
    <td>四川东富龙药用包装材料有</td>
    <td>20,000,000.00元</td>
    <td>成都天府国际生物城（双流区凤凰路618号）</td>
    <td>成都天府国际生物城（双流区凤 凰路618号）</td>
    <td>生产销 售</td>
    <td>100.00%</td>
    <td>0.00%</td>
    <td>设立或 投资</td>
  </tr>
  <tr>
    <td>限公司</td>
    <td></td>
    <td></td>
    <td></td>
    <td></td>
    <td></td>
    <td></td>
    <td></td>
  </tr>
  <tr>
    <td>上海东富龙生物试剂有限公司</td>
    <td>20,000,000.00元</td>
    <td>上海市闵行区都会路139号4幢2楼甲区</td>
    <td>上海市闵行区都会路139号4幢2楼甲区</td>
    <td>生产销 售</td>
    <td>0.00%</td>
    <td>100.00%</td>
    <td>设立或 投资</td>
  </tr>
  <tr>
    <td>嘉兴千纯生物科技有限公司</td>
    <td>10,204,000.00元</td>
    <td>浙江省嘉兴市平湖经济技术开发区新兴二路988号6幢3楼西侧</td>
    <td>浙江省嘉兴市平 湖经济技术开发区新兴二路988号6幢3楼西侧</td>
    <td>生产销 售</td>
    <td>0.00%</td>
    <td>51.00%</td>
    <td>非同一 控制下合并</td>
  </tr>
  <tr>
    <td>東富龍香港有限公司</td>
    <td>10,000.00 港元</td>
    <td>香港观塘区观塘道348号宏利坊6楼</td>
    <td>香港观塘区观塘 道348号宏利坊6楼</td>
    <td>销售</td>
    <td>100.00%</td>
    <td>0.00%</td>
    <td>设立或 投资</td>
  </tr>
  <tr>
    <td>浙江东富龙生物技术有限公司</td>
    <td>200,000,00 0.00元</td>
    <td>浙江省杭州市钱塘新区下沙街道和享科技中心 21幢621室</td>
    <td>浙江省杭州市钱塘新区下沙街道和享科技中心21 幢621室</td>
    <td>生产销 售</td>
    <td>100.00%</td>
    <td>0.00%</td>
    <td>设立或 投资</td>
  </tr>
  <tr>
    <td>东富龙（印尼）有限责任公司</td>
    <td>10,000,000,000.00印 尼盾</td>
    <td>Talavera Office Park Lt.21 Suite #05, JI.TB. Simatupang Kav.22-26, Kel.</td>
    <td>Talavera Office Park Lt.21 Suite #05, JI.TB. Simatupang Kav.22-26, Kel.Cilandak Barat, Kec Cilandak,Kota Adm, Jakata Selatan, Provinsi DKI Jakarta</td>
    <td>售后服 务</td>
    <td>99.00%</td>
    <td>1.00%</td>
    <td>设立或 投资</td>
  </tr>
  <tr>
    <td>东富龙土耳其机械贸易有限公司</td>
    <td>10,000.00土耳其里 拉</td>
    <td>Esentepe Mah.Harman 1 Sk.Duran Is Merkezi Blok NO:4/8 SISL</td>
    <td>Esentepe Mah.Harman 1 Sk.Duran Is Merkezi Blok NO:4/8 SISL</td>
    <td>售后服 务</td>
    <td>100.00%</td>
    <td>0.00%</td>
    <td>设立或 投资</td>
  </tr>
  <tr>
    <td>东富龙（澳大利亚）私人有限公司</td>
    <td>10,000.00 澳大利亚 元</td>
    <td>Suite 509, Level 5,379-383 Pitt Street, Sydney NSW 2000</td>
    <td>Suite 509, Level 5,379-383 Pitt Street, Sydney NSW 2000</td>
    <td>售后服 务</td>
    <td>100.00%</td>
    <td>0.00%</td>
    <td>设立或 投资</td>
  </tr>
  <tr>
    <td>东富龙（迪拜）有限公司</td>
    <td>367,000.00 阿联酋迪 拉姆</td>
    <td>Unit No:778 DMCC Business Centre Level No.1 Jewellery & Gemplex 3 Dubai United Arab Emirates</td>
    <td>Unit No:778 DMCC Business Centre Level No.1 Jewellery & Gemplex 3 Dubai United Arab Emirates</td>
    <td>售后服 务</td>
    <td>100.00%</td>
    <td>0.00%</td>
    <td>设立或 投资</td>
  </tr>
  <tr>
    <td>东富龙（越南）有限公司</td>
    <td>100,000.00 美元</td>
    <td>7th Floor,PDD Office Building,No 162 Pasteur street,Ben Nghe Ward,District 1,Ho Chi Minh City,Vietnam</td>
    <td>2 / F, River View Building, 1119 Tran Kheng Road, 05 Shek Ka Road, Ho Chi Minh City, Vietnam</td>
    <td>售后服 务</td>
    <td>100.00%</td>
    <td>0.00%</td>
    <td>设立或 投资</td>
  </tr>
  <tr>
    <td>东富龙（南非）私人公司</td>
    <td>10,000.00 南非兰特</td>
    <td>27 Newmark Estate Silver LakesRoad,Pretoria,Ga uteng,0081</td>
    <td>27 Newmark Estate Silver Lakes Road,Pretoria,Gauteng,0081</td>
    <td>售后服 务</td>
    <td>100.00%</td>
    <td>0.00%</td>
    <td>设立或 投资</td>
  </tr>
  <tr>
    <td>江苏辉河包装机械有限公司</td>
    <td>12,367,925.00元</td>
    <td>东台经济开发区人民路366号</td>
    <td>东台经济开发区 人民路366号</td>
    <td>生产销 售</td>
    <td>51.00%</td>
    <td>0.00%</td>
    <td>非同一 控制下 合并</td>
  </tr>
  <tr>
    <td>东富龙千纯生物科技（上海）有限公司</td>
    <td>50,000,000.00元</td>
    <td>上海市化学工业区目华路201号1幢20层2012室</td>
    <td>上海市化学工业区目华路201号1幢20层2012室</td>
    <td>生产销 售</td>
    <td>0.00%</td>
    <td>51.00%</td>
    <td>设立或 投资</td>
  </tr>
  <tr>
    <td>东富龙日本株式会社</td>
    <td>8,000,000. 00日元</td>
    <td>2-10-3,Misono-Chou,Yao- City,Osaka 581- 0818,Japan</td>
    <td>2-10-3,Misono- Chou,Yao- City,Osaka581-0818,Japan</td>
    <td>销售</td>
    <td>100.00%</td>
    <td>0.00%</td>
    <td>设立或 投资</td>
  </tr>
  <tr>
    <td>东富龙包装设备制造（江苏）有限公司</td>
    <td>20,000,000.00元</td>
    <td>东台经济开发区人民路366号</td>
    <td>东台经济开发区 人民路366号</td>
    <td>生产销 售</td>
    <td>100.00%</td>
    <td>0.00%</td>
    <td>新设</td>
  </tr>
  <tr>
    <td>上海东富龙检测技术有限公司</td>
    <td>10,000,000.00元</td>
    <td>上海市闵行区都会路139号1幢1楼C区</td>
    <td>上海市闵行区都会路139号1幢1楼C区</td>
    <td>生产销 售</td>
    <td>100.00%</td>
    <td>0.00%</td>
    <td>新设</td>
  </tr>
  <tr>
    <td>江苏承欢轻工机械有限公司</td>
    <td>20,000,000.00元</td>
    <td>东台经济开发区人民路366号</td>
    <td>东台经济开发区 人民路366号</td>
    <td>生产销 售</td>
    <td>0.00%</td>
    <td>100.00%</td>
    <td>新设</td>
  </tr>
  <tr>
    <td>东富龙水技术工程（上海）有限公司</td>
    <td>30,000,000.00元</td>
    <td>上海市金山区金争路69号1幢2层</td>
    <td>上海市金山区金争路69号1幢2 层</td>
    <td>生产销 售</td>
    <td>0.00%</td>
    <td>55.00%</td>
    <td>合资新 设</td>
  </tr>
  <tr>
    <td>东富龙派轲瑞自动化科技（上海）有限公司</td>
    <td>39,998,680.00元</td>
    <td>上海市闵行区都会路139号1幢四层B区</td>
    <td>上海市闵行区都 会路139号1幢四层B区</td>
    <td>生产销 售</td>
    <td>0.00%</td>
    <td>60.00%</td>
    <td>合资新 设</td>
  </tr>
  <tr>
    <td>东富龙（德国）有限公司</td>
    <td>200,000.00 欧元</td>
    <td>Amselweg 15,73765 Neuhausen auf den Fildern</td>
    <td>Amselweg 15,73765 Neuhausen auf den Fildern</td>
    <td>销售</td>
    <td>100.00%</td>
    <td>0.00%</td>
    <td>新设</td>
  </tr>
  <tr>
    <td>东富龙AND CIMA（巴拿马）</td>
    <td>10,000.00 美元</td>
    <td>Panama City</td>
    <td>Panama City</td>
    <td>销售</td>
    <td>70.00%</td>
    <td>0.00%</td>
    <td>新设</td>
  </tr>
  <tr>
    <td>东富龙新加坡有限公司</td>
    <td>10,000.00新加坡元</td>
    <td>111 North Bridge Road #29-06A Peninsula Plaza Singapore (179098)</td>
    <td>111 North Bridge Road #29-06A Peninsula Plaza Singapore (179098)</td>
    <td>销售与 售后服务</td>
    <td>100.00%</td>
    <td>0.00%</td>
    <td>新设</td>
  </tr>
  <tr>
    <td>东富龙意达有限公司</td>
    <td>500,000.00 欧元</td>
    <td>Via M. Buonarroti,43 - 28060 San Pietro Mosezzo, Fraz. Nibbia (NO)Italy</td>
    <td>San Pietro Mosezzo (No) Via Michelangelo Buonarroti 43 Cap 28060 Frazione:Nibbia</td>
    <td>生产销 售</td>
    <td>75.00%</td>
    <td>0.00%</td>
    <td>新设</td>
  </tr>
  <tr>
    <td>Pharmatec h Srl</td>
    <td>10,000.00 欧元</td>
    <td>Via Emilia 15, 24052 Azzano San Paolo( BG)</td>
    <td>Via Vincenzo Bellini 49, 24129 Bergamo (BG)</td>
    <td>销售与 售后服 务</td>
    <td>0.00%</td>
    <td>100.00%</td>
    <td>非同一 控制下合并</td>
  </tr>
  <tr>
    <td>Renggli.A G</td>
    <td>500,000.00 瑞士法郎</td>
    <td>Birkenstrasse 31 6343 Rotkreuz</td>
    <td>Birkenstrasse 31 6343 Rotkreuz</td>
    <td>生产销 售</td>
    <td>0.00%</td>
    <td>100.00%</td>
    <td>非同一 控制下 合并</td>
  </tr>
  <tr>
    <td>赛普（杭州）过滤科技有限公司</td>
    <td>4,190,211.0 0元</td>
    <td>浙江省杭州市钱塘区下沙街道银海科创中心17 幢101室</td>
    <td>浙江省杭州市钱塘区下沙街道银海科创中心17幢 101室</td>
    <td>生产销 售</td>
    <td>0.00%</td>
    <td>52.00%</td>
    <td>非同一 控制下 合并</td>
  </tr>
  <tr>
    <td>东之恒（杭州）工程技术有限公司</td>
    <td>10,000,000.00元</td>
    <td>浙江省杭州市钱塘区下沙街道福城路400号2幢309室</td>
    <td>浙江省杭州市钱 塘区下沙街道福城路400号2幢309室</td>
    <td>设计、 施工</td>
    <td>0.00%</td>
    <td>51.00%</td>
    <td>非同一 控制下 合并</td>
  </tr>
  <tr>
    <td>东富龙（广州）生命科学研究有限公司</td>
    <td>20,000,000.00元</td>
    <td>广州市黄埔区科学大道60号 909单元</td>
    <td>广州市黄埔区科学大道60号909 单元</td>
    <td>研发</td>
    <td>0.00%</td>
    <td>100.00%</td>
    <td>新设</td>
  </tr>
  <tr>
    <td>上海东富龙设备服务有限公司</td>
    <td>50,000,000.00元</td>
    <td>上海市闵行区都会路139号1幢1层B区</td>
    <td>上海市闵行区都会路139号1幢1层B区</td>
    <td>售后服 务</td>
    <td>100.00%</td>
    <td>0.00%</td>
    <td>新设</td>
  </tr>
</table>

> Note: merged cells detected, rendered as HTML table.

---
## 企业集团的构成

单位：元

<table id='19c13115ccc96aeec3f5801d829d7647' titleId='19c13115ccc96aeec3f5801d829d7647' headId='19c13115ccc96aeec3f5801d829d7647'>
  <tr>
    <td rowspan=""2"">子公司名称</td>
    <td rowspan=""2"">注册资本</td>
    <td rowspan=""2"">主要经营地</td>
    <td rowspan=""2"">注册地</td>
    <td rowspan=""2"">业务性质</td>
    <td colspan=""2"">持股比例</td>
    <td rowspan=""2"">取得方式</td>
  </tr>
  <tr>
    <td>直接</td>
    <td>间接</td>
  </tr>
  <tr>
    <td>上海共和 真空技术</td>
    <td>350,000.00 美元</td>
    <td>上海市闵行区都会路1509号</td>
    <td>上海市闵行区都会路1509号2幢</td>
    <td>生产销 售</td>
    <td>51.00%</td>
    <td>0.00%</td>
    <td>非同一 控制下</td>
  </tr>
  <tr>
    <td>有限公司</td>
    <td></td>
    <td></td>
    <td>1楼</td>
    <td></td>
    <td></td>
    <td></td>
    <td>合并</td>
  </tr>
  <tr>
    <td>东富龙 （美国）有限责任 公司</td>
    <td>200,000.00 美元</td>
    <td>955 s. Springfield Avenue, First Floor, Building A， Springfield， New Jersey ,07081</td>
    <td>Jans Carlowood Street, New York, USA</td>
    <td>销售</td>
    <td>100.00%</td>
    <td>0.00%</td>
    <td>设立或 投资</td>
  </tr>
  <tr>
    <td>上海东富 龙制药设 备制造有 限公司</td>
    <td>120,000,00 0.00元</td>
    <td>上海市金山区金流路399号</td>
    <td>上海市金山区金 流路399号</td>
    <td>生产销 售</td>
    <td>100.00%</td>
    <td>0.00%</td>
    <td>设立或 投资</td>
  </tr>
  <tr>
    <td>上海东富 龙智能工 程有限公司</td>
    <td>100,000,00 0.00元</td>
    <td>上海市闵行区都会路139号</td>
    <td>上海市闵行区东 川路555号丙楼5106室</td>
    <td>软件开 发</td>
    <td>100.00%</td>
    <td>0.00%</td>
    <td>设立或 投资</td>
  </tr>
  <tr>
    <td>上海东富 龙德惠空 调设备有 限公司</td>
    <td>70,000,000.00元</td>
    <td>上海市奉贤区沪杭公路1377号</td>
    <td>上海市奉贤区沪杭公路1377号3 幢</td>
    <td>生产销 售</td>
    <td>100.00%</td>
    <td>0.00%</td>
    <td>设立或 投资</td>
  </tr>
  <tr>
    <td>上海东富 龙德惠净 化空调工 程安装有限公司</td>
    <td>100,000,00 0.00元</td>
    <td>上海市奉贤区沪杭公路1377号</td>
    <td>上海市奉贤区沪杭公路1377号1 幢二层</td>
    <td>设计、 施工</td>
    <td>0.00%</td>
    <td>100.00%</td>
    <td>设立或 投资</td>
  </tr>
  <tr>
    <td>东富龙 （印度）私人有限 公司</td>
    <td>4,500,000. 00印度卢 比</td>
    <td>Plot no.22,Sy No.276 to 280,Pashamylara m,Industrial area,Patancheru Mandal,Sangared dy,Hyderabad,Te langana,India</td>
    <td>169, Zodiac Royal Palm, Room 406, East Goregaon, Aarey Milk Colony, Maharashtra, India.</td>
    <td>生产销 售</td>
    <td>100.00%</td>
    <td>0.00%</td>
    <td>设立或 投资</td>
  </tr>
  <tr>
    <td>上海东富龙爱瑞思 科技有限 公司</td>
    <td>1,500,000. 00美元</td>
    <td>上海市闵行区都会路139号</td>
    <td>上海市闵行区放鹤路2199号第1 幢A区</td>
    <td>生产销 售</td>
    <td>70.00%</td>
    <td>0.00%</td>
    <td>设立或 投资</td>
  </tr>
  <tr>
    <td>东富龙包 装技术 （上海）有限公司</td>
    <td>5,776,976. 00元</td>
    <td>上海市闵行区都会路139号</td>
    <td>上海市闵行区都会路1509号3幢 1层B区</td>
    <td>生产销 售</td>
    <td>100.00%</td>
    <td>0.00%</td>
    <td>非同一 控制下合并</td>
  </tr>
  <tr>
    <td>上海东富 龙拓溥科 技有限公 司</td>
    <td>1,500,000. 00美元</td>
    <td>上海市金山区金争路69号</td>
    <td>上海市金山区金争路69号1幢1 层C区</td>
    <td>生产销 售</td>
    <td>70.00%</td>
    <td>0.00%</td>
    <td>设立或 投资</td>
  </tr>
  <tr>
    <td>上海东富 龙制药设 备工程有限公司</td>
    <td>148,000,00 0.00元</td>
    <td>上海市奉贤区沪杭公路1377号</td>
    <td>上海市奉贤区沪杭公路1377号1 幢一层</td>
    <td>生产销 售</td>
    <td>100.00%</td>
    <td>0.00%</td>
    <td>非同一 控制下合并</td>
  </tr>
  <tr>
    <td>上海东富龙医疗科</td>
    <td>500,000,00 0.00元</td>
    <td>上海市闵行区都会路139号</td>
    <td>上海市闵行区都会路139号1幢1</td>
    <td>生产销 售</td>
    <td>100.00%</td>
    <td>0.00%</td>
    <td>设立或 投资</td>
  </tr>
  <tr>
    <td>技产业发展有限公司</td>
    <td></td>
    <td></td>
    <td>楼A区</td>
    <td></td>
    <td></td>
    <td></td>
    <td></td>
  </tr>
  <tr>
    <td>上海东富龙信息技术有限公司</td>
    <td>30,000,000.00元</td>
    <td>上海市闵行区都会路139号</td>
    <td>上海市闵行区都会路139号1幢3楼A区</td>
    <td>软件开 发、销售</td>
    <td>0.00%</td>
    <td>100.00%</td>
    <td>非同一 控制下合并</td>
  </tr>
  <tr>
    <td>东富龙生命科技有限公司</td>
    <td>150,000,00 0.00元</td>
    <td>上海市闵行区都会路139号</td>
    <td>上海市闵行区都会路139号1幢5楼；4幢3楼丙区</td>
    <td>生产销 售</td>
    <td>0.00%</td>
    <td>100.00%</td>
    <td>设立或 投资</td>
  </tr>
  <tr>
    <td>上海涵欧制药设备有限公司</td>
    <td>8,333,333. 00元</td>
    <td>上海市闵行区放鹤路2199号</td>
    <td>上海市奉贤区西 闸公路339号 306、307、308室</td>
    <td>生产销 售</td>
    <td>100.00%</td>
    <td>0.00%</td>
    <td>非同一 控制下合并</td>
  </tr>
  <tr>
    <td>上海承欢轻工机械有限公司</td>
    <td>24,735,000.00元</td>
    <td>上海市奉贤区沪杭公路1377号</td>
    <td>上海市奉贤区奉城镇洪朱路2803 号</td>
    <td>生产销 售</td>
    <td>51.00%</td>
    <td>0.00%</td>
    <td>非同一 控制下合并</td>
  </tr>
  <tr>
    <td>上海东富龙海崴生物科技有限公司</td>
    <td>50,000,000.00元</td>
    <td>上海市金山工业区金流路399号</td>
    <td>上海市金山工业区金流路399号1幢</td>
    <td>生产销 售</td>
    <td>87.70%</td>
    <td>0.00%</td>
    <td>非同一 控制下合并</td>
  </tr>
  <tr>
    <td>上海涌前智能装备有限公司</td>
    <td>10,000,000.00元</td>
    <td>上海市奉贤区沪杭公路1377号1幢三层</td>
    <td>上海市奉贤区沪杭公路1377号1 幢三层</td>
    <td>生产销 售</td>
    <td>0.00%</td>
    <td>70.00%</td>
    <td>设立或 投资</td>
  </tr>
  <tr>
    <td>东富龙俄罗斯有限公司</td>
    <td>1,200,000. 00俄罗斯 卢布</td>
    <td>125196, Moscow, 4th Lesnoy lane 13, Third floor, Apartment I, Rooms 1-5</td>
    <td>4-2 Lgarsky proezd, Moscow, Russia.</td>
    <td>销售</td>
    <td>100.00%</td>
    <td>0.00%</td>
    <td>设立或 投资</td>
  </tr>
  <tr>
    <td>东富龙智能装备制造（江苏）有限公司</td>
    <td>300,000,00 0.00元</td>
    <td>东台经济开发区人民路366号</td>
    <td>东台经济开发区 人民路366号</td>
    <td>生产销 售</td>
    <td>100.00%</td>
    <td>0.00%</td>
    <td>设立或 投资</td>
  </tr>
  <tr>
    <td>上海东富龙医用包装材料有限公司</td>
    <td>30,000,000.00元</td>
    <td>上海市闵行区都会路139号4幢3层乙区</td>
    <td>上海市闵行区都会路139号4幢3层乙区</td>
    <td>生产销 售</td>
    <td>0.00%</td>
    <td>100.00%</td>
    <td>设立或 投资</td>
  </tr>
  <tr>
    <td>东富龙包装技术（江苏）有限公司</td>
    <td>20,000,000.00元</td>
    <td>东台经济开发区人民路366号</td>
    <td>东台经济开发区 人民路366号</td>
    <td>生产销 售</td>
    <td>0.00%</td>
    <td>100.00%</td>
    <td>设立或 投资</td>
  </tr>
  <tr>
    <td>河南东富龙医用包装材料有限公司</td>
    <td>20,000,000.00元</td>
    <td>郑州航空港经济综合实验区黄海路与生物科技二街交叉口东北角郑州临空生物医药园16号楼</td>
    <td>郑州航空港经济 综合实验区黄海路与生物科技二街交叉口东北角郑州临空生物医药园16号楼</td>
    <td>生产销 售</td>
    <td>100.00%</td>
    <td>0.00%</td>
    <td>设立或 投资</td>
  </tr>
  <tr>
    <td>四川东富龙药用包装材料有</td>
    <td>20,000,000.00元</td>
    <td>成都天府国际生物城（双流区凤凰路618号）</td>
    <td>成都天府国际生物城（双流区凤 凰路618号）</td>
    <td>生产销 售</td>
    <td>100.00%</td>
    <td>0.00%</td>
    <td>设立或 投资</td>
  </tr>
  <tr>
    <td>限公司</td>
    <td></td>
    <td></td>
    <td></td>
    <td></td>
    <td></td>
    <td></td>
    <td></td>
  </tr>
  <tr>
    <td>上海东富龙生物试剂有限公司</td>
    <td>20,000,000.00元</td>
    <td>上海市闵行区都会路139号4幢2楼甲区</td>
    <td>上海市闵行区都会路139号4幢2楼甲区</td>
    <td>生产销 售</td>
    <td>0.00%</td>
    <td>100.00%</td>
    <td>设立或 投资</td>
  </tr>
  <tr>
    <td>嘉兴千纯生物科技有限公司</td>
    <td>10,204,000.00元</td>
    <td>浙江省嘉兴市平湖经济技术开发区新兴二路988号6幢3楼西侧</td>
    <td>浙江省嘉兴市平 湖经济技术开发区新兴二路988号6幢3楼西侧</td>
    <td>生产销 售</td>
    <td>0.00%</td>
    <td>51.00%</td>
    <td>非同一 控制下合并</td>
  </tr>
  <tr>
    <td>東富龍香港有限公司</td>
    <td>10,000.00 港元</td>
    <td>香港观塘区观塘道348号宏利坊6楼</td>
    <td>香港观塘区观塘 道348号宏利坊6楼</td>
    <td>销售</td>
    <td>100.00%</td>
    <td>0.00%</td>
    <td>设立或 投资</td>
  </tr>
  <tr>
    <td>浙江东富龙生物技术有限公司</td>
    <td>200,000,00 0.00元</td>
    <td>浙江省杭州市钱塘新区下沙街道和享科技中心 21幢621室</td>
    <td>浙江省杭州市钱塘新区下沙街道和享科技中心21 幢621室</td>
    <td>生产销 售</td>
    <td>100.00%</td>
    <td>0.00%</td>
    <td>设立或 投资</td>
  </tr>
  <tr>
    <td>东富龙（印尼）有限责任公司</td>
    <td>10,000,000,000.00印 尼盾</td>
    <td>Talavera Office Park Lt.21 Suite #05, JI.TB. Simatupang Kav.22-26, Kel.</td>
    <td>Talavera Office Park Lt.21 Suite #05, JI.TB. Simatupang Kav.22-26, Kel.Cilandak Barat, Kec Cilandak,Kota Adm, Jakata Selatan, Provinsi DKI Jakarta</td>
    <td>售后服 务</td>
    <td>99.00%</td>
    <td>1.00%</td>
    <td>设立或 投资</td>
  </tr>
  <tr>
    <td>东富龙土耳其机械贸易有限公司</td>
    <td>10,000.00土耳其里 拉</td>
    <td>Esentepe Mah.Harman 1 Sk.Duran Is Merkezi Blok NO:4/8 SISL</td>
    <td>Esentepe Mah.Harman 1 Sk.Duran Is Merkezi Blok NO:4/8 SISL</td>
    <td>售后服 务</td>
    <td>100.00%</td>
    <td>0.00%</td>
    <td>设立或 投资</td>
  </tr>
  <tr>
    <td>东富龙（澳大利亚）私人有限公司</td>
    <td>10,000.00 澳大利亚 元</td>
    <td>Suite 509, Level 5,379-383 Pitt Street, Sydney NSW 2000</td>
    <td>Suite 509, Level 5,379-383 Pitt Street, Sydney NSW 2000</td>
    <td>售后服 务</td>
    <td>100.00%</td>
    <td>0.00%</td>
    <td>设立或 投资</td>
  </tr>
  <tr>
    <td>东富龙（迪拜）有限公司</td>
    <td>367,000.00 阿联酋迪 拉姆</td>
    <td>Unit No:778 DMCC Business Centre Level No.1 Jewellery & Gemplex 3 Dubai United Arab Emirates</td>
    <td>Unit No:778 DMCC Business Centre Level No.1 Jewellery & Gemplex 3 Dubai United Arab Emirates</td>
    <td>售后服 务</td>
    <td>100.00%</td>
    <td>0.00%</td>
    <td>设立或 投资</td>
  </tr>
  <tr>
    <td>东富龙（越南）有限公司</td>
    <td>100,000.00 美元</td>
    <td>7th Floor,PDD Office Building,No 162 Pasteur street,Ben Nghe Ward,District 1,Ho Chi Minh City,Vietnam</td>
    <td>2 / F, River View Building, 1119 Tran Kheng Road, 05 Shek Ka Road, Ho Chi Minh City, Vietnam</td>
    <td>售后服 务</td>
    <td>100.00%</td>
    <td>0.00%</td>
    <td>设立或 投资</td>
  </tr>
  <tr>
    <td>东富龙（南非）私人公司</td>
    <td>10,000.00 南非兰特</td>
    <td>27 Newmark Estate Silver LakesRoad,Pretoria,Ga uteng,0081</td>
    <td>27 Newmark Estate Silver Lakes Road,Pretoria,Gauteng,0081</td>
    <td>售后服 务</td>
    <td>100.00%</td>
    <td>0.00%</td>
    <td>设立或 投资</td>
  </tr>
  <tr>
    <td>江苏辉河包装机械有限公司</td>
    <td>12,367,925.00元</td>
    <td>东台经济开发区人民路366号</td>
    <td>东台经济开发区 人民路366号</td>
    <td>生产销 售</td>
    <td>51.00%</td>
    <td>0.00%</td>
    <td>非同一 控制下 合并</td>
  </tr>
  <tr>
    <td>东富龙千纯生物科技（上海）有限公司</td>
    <td>50,000,000.00元</td>
    <td>上海市化学工业区目华路201号1幢20层2012室</td>
    <td>上海市化学工业区目华路201号1幢20层2012室</td>
    <td>生产销 售</td>
    <td>0.00%</td>
    <td>51.00%</td>
    <td>设立或 投资</td>
  </tr>
  <tr>
    <td>东富龙日本株式会社</td>
    <td>8,000,000. 00日元</td>
    <td>2-10-3,Misono-Chou,Yao- City,Osaka 581- 0818,Japan</td>
    <td>2-10-3,Misono- Chou,Yao- City,Osaka581-0818,Japan</td>
    <td>销售</td>
    <td>100.00%</td>
    <td>0.00%</td>
    <td>设立或 投资</td>
  </tr>
  <tr>
    <td>东富龙包装设备制造（江苏）有限公司</td>
    <td>20,000,000.00元</td>
    <td>东台经济开发区人民路366号</td>
    <td>东台经济开发区 人民路366号</td>
    <td>生产销 售</td>
    <td>100.00%</td>
    <td>0.00%</td>
    <td>新设</td>
  </tr>
  <tr>
    <td>上海东富龙检测技术有限公司</td>
    <td>10,000,000.00元</td>
    <td>上海市闵行区都会路139号1幢1楼C区</td>
    <td>上海市闵行区都会路139号1幢1楼C区</td>
    <td>生产销 售</td>
    <td>100.00%</td>
    <td>0.00%</td>
    <td>新设</td>
  </tr>
  <tr>
    <td>江苏承欢轻工机械有限公司</td>
    <td>20,000,000.00元</td>
    <td>东台经济开发区人民路366号</td>
    <td>东台经济开发区 人民路366号</td>
    <td>生产销 售</td>
    <td>0.00%</td>
    <td>100.00%</td>
    <td>新设</td>
  </tr>
  <tr>
    <td>东富龙水技术工程（上海）有限公司</td>
    <td>30,000,000.00元</td>
    <td>上海市金山区金争路69号1幢2层</td>
    <td>上海市金山区金争路69号1幢2 层</td>
    <td>生产销 售</td>
    <td>0.00%</td>
    <td>55.00%</td>
    <td>合资新 设</td>
  </tr>
  <tr>
    <td>东富龙派轲瑞自动化科技（上海）有限公司</td>
    <td>39,998,680.00元</td>
    <td>上海市闵行区都会路139号1幢四层B区</td>
    <td>上海市闵行区都 会路139号1幢四层B区</td>
    <td>生产销 售</td>
    <td>0.00%</td>
    <td>60.00%</td>
    <td>合资新 设</td>
  </tr>
  <tr>
    <td>东富龙（德国）有限公司</td>
    <td>200,000.00 欧元</td>
    <td>Amselweg 15,73765 Neuhausen auf den Fildern</td>
    <td>Amselweg 15,73765 Neuhausen auf den Fildern</td>
    <td>销售</td>
    <td>100.00%</td>
    <td>0.00%</td>
    <td>新设</td>
  </tr>
  <tr>
    <td>东富龙AND CIMA（巴拿马）</td>
    <td>10,000.00 美元</td>
    <td>Panama City</td>
    <td>Panama City</td>
    <td>销售</td>
    <td>70.00%</td>
    <td>0.00%</td>
    <td>新设</td>
  </tr>
  <tr>
    <td>东富龙新加坡有限公司</td>
    <td>10,000.00新加坡元</td>
    <td>111 North Bridge Road #29-06A Peninsula Plaza Singapore (179098)</td>
    <td>111 North Bridge Road #29-06A Peninsula Plaza Singapore (179098)</td>
    <td>销售与 售后服务</td>
    <td>100.00%</td>
    <td>0.00%</td>
    <td>新设</td>
  </tr>
  <tr>
    <td>东富龙意达有限公司</td>
    <td>500,000.00 欧元</td>
    <td>Via M. Buonarroti,43 - 28060 San Pietro Mosezzo, Fraz. Nibbia (NO)Italy</td>
    <td>San Pietro Mosezzo (No) Via Michelangelo Buonarroti 43 Cap 28060 Frazione:Nibbia</td>
    <td>生产销 售</td>
    <td>75.00%</td>
    <td>0.00%</td>
    <td>新设</td>
  </tr>
  <tr>
    <td>Pharmatec h Srl</td>
    <td>10,000.00 欧元</td>
    <td>Via Emilia 15, 24052 Azzano San Paolo( BG)</td>
    <td>Via Vincenzo Bellini 49, 24129 Bergamo (BG)</td>
    <td>销售与 售后服 务</td>
    <td>0.00%</td>
    <td>100.00%</td>
    <td>非同一 控制下合并</td>
  </tr>
  <tr>
    <td>Renggli.A G</td>
    <td>500,000.00 瑞士法郎</td>
    <td>Birkenstrasse 31 6343 Rotkreuz</td>
    <td>Birkenstrasse 31 6343 Rotkreuz</td>
    <td>生产销 售</td>
    <td>0.00%</td>
    <td>100.00%</td>
    <td>非同一 控制下 合并</td>
  </tr>
  <tr>
    <td>赛普（杭州）过滤科技有限公司</td>
    <td>4,190,211.0 0元</td>
    <td>浙江省杭州市钱塘区下沙街道银海科创中心17 幢101室</td>
    <td>浙江省杭州市钱塘区下沙街道银海科创中心17幢 101室</td>
    <td>生产销 售</td>
    <td>0.00%</td>
    <td>52.00%</td>
    <td>非同一 控制下 合并</td>
  </tr>
  <tr>
    <td>东之恒（杭州）工程技术有限公司</td>
    <td>10,000,000.00元</td>
    <td>浙江省杭州市钱塘区下沙街道福城路400号2幢309室</td>
    <td>浙江省杭州市钱 塘区下沙街道福城路400号2幢309室</td>
    <td>设计、 施工</td>
    <td>0.00%</td>
    <td>51.00%</td>
    <td>非同一 控制下 合并</td>
  </tr>
  <tr>
    <td>东富龙（广州）生命科学研究有限公司</td>
    <td>20,000,000.00元</td>
    <td>广州市黄埔区科学大道60号 909单元</td>
    <td>广州市黄埔区科学大道60号909 单元</td>
    <td>研发</td>
    <td>0.00%</td>
    <td>100.00%</td>
    <td>新设</td>
  </tr>
  <tr>
    <td>上海东富龙设备服务有限公司</td>
    <td>50,000,000.00元</td>
    <td>上海市闵行区都会路139号1幢1层B区</td>
    <td>上海市闵行区都会路139号1幢1层B区</td>
    <td>售后服 务</td>
    <td>100.00%</td>
    <td>0.00%</td>
    <td>新设</td>
  </tr>
</table>

> Note: merged cells detected, rendered as HTML table.

---
## 企业集团的构成

单位：元

<table id='19c13115ccc96aeec3f5801d829d7647' titleId='19c13115ccc96aeec3f5801d829d7647' headId='19c13115ccc96aeec3f5801d829d7647'>
  <tr>
    <td rowspan=""2"">子公司名称</td>
    <td rowspan=""2"">注册资本</td>
    <td rowspan=""2"">主要经营地</td>
    <td rowspan=""2"">注册地</td>
    <td rowspan=""2"">业务性质</td>
    <td colspan=""2"">持股比例</td>
    <td rowspan=""2"">取得方式</td>
  </tr>
  <tr>
    <td>直接</td>
    <td>间接</td>
  </tr>
  <tr>
    <td>上海共和 真空技术</td>
    <td>350,000.00 美元</td>
    <td>上海市闵行区都会路1509号</td>
    <td>上海市闵行区都会路1509号2幢</td>
    <td>生产销 售</td>
    <td>51.00%</td>
    <td>0.00%</td>
    <td>非同一 控制下</td>
  </tr>
  <tr>
    <td>有限公司</td>
    <td></td>
    <td></td>
    <td>1楼</td>
    <td></td>
    <td></td>
    <td></td>
    <td>合并</td>
  </tr>
  <tr>
    <td>东富龙 （美国）有限责任 公司</td>
    <td>200,000.00 美元</td>
    <td>955 s. Springfield Avenue, First Floor, Building A， Springfield， New Jersey ,07081</td>
    <td>Jans Carlowood Street, New York, USA</td>
    <td>销售</td>
    <td>100.00%</td>
    <td>0.00%</td>
    <td>设立或 投资</td>
  </tr>
  <tr>
    <td>上海东富 龙制药设 备制造有 限公司</td>
    <td>120,000,00 0.00元</td>
    <td>上海市金山区金流路399号</td>
    <td>上海市金山区金 流路399号</td>
    <td>生产销 售</td>
    <td>100.00%</td>
    <td>0.00%</td>
    <td>设立或 投资</td>
  </tr>
  <tr>
    <td>上海东富 龙智能工 程有限公司</td>
    <td>100,000,00 0.00元</td>
    <td>上海市闵行区都会路139号</td>
    <td>上海市闵行区东 川路555号丙楼5106室</td>
    <td>软件开 发</td>
    <td>100.00%</td>
    <td>0.00%</td>
    <td>设立或 投资</td>
  </tr>
  <tr>
    <td>上海东富 龙德惠空 调设备有 限公司</td>
    <td>70,000,000.00元</td>
    <td>上海市奉贤区沪杭公路1377号</td>
    <td>上海市奉贤区沪杭公路1377号3 幢</td>
    <td>生产销 售</td>
    <td>100.00%</td>
    <td>0.00%</td>
    <td>设立或 投资</td>
  </tr>
  <tr>
    <td>上海东富 龙德惠净 化空调工 程安装有限公司</td>
    <td>100,000,00 0.00元</td>
    <td>上海市奉贤区沪杭公路1377号</td>
    <td>上海市奉贤区沪杭公路1377号1 幢二层</td>
    <td>设计、 施工</td>
    <td>0.00%</td>
    <td>100.00%</td>
    <td>设立或 投资</td>
  </tr>
  <tr>
    <td>东富龙 （印度）私人有限 公司</td>
    <td>4,500,000. 00印度卢 比</td>
    <td>Plot no.22,Sy No.276 to 280,Pashamylara m,Industrial area,Patancheru Mandal,Sangared dy,Hyderabad,Te langana,India</td>
    <td>169, Zodiac Royal Palm, Room 406, East Goregaon, Aarey Milk Colony, Maharashtra, India.</td>
    <td>生产销 售</td>
    <td>100.00%</td>
    <td>0.00%</td>
    <td>设立或 投资</td>
  </tr>
  <tr>
    <td>上海东富龙爱瑞思 科技有限 公司</td>
    <td>1,500,000. 00美元</td>
    <td>上海市闵行区都会路139号</td>
    <td>上海市闵行区放鹤路2199号第1 幢A区</td>
    <td>生产销 售</td>
    <td>70.00%</td>
    <td>0.00%</td>
    <td>设立或 投资</td>
  </tr>
  <tr>
    <td>东富龙包 装技术 （上海）有限公司</td>
    <td>5,776,976. 00元</td>
    <td>上海市闵行区都会路139号</td>
    <td>上海市闵行区都会路1509号3幢 1层B区</td>
    <td>生产销 售</td>
    <td>100.00%</td>
    <td>0.00%</td>
    <td>非同一 控制下合并</td>
  </tr>
  <tr>
    <td>上海东富 龙拓溥科 技有限公 司</td>
    <td>1,500,000. 00美元</td>
    <td>上海市金山区金争路69号</td>
    <td>上海市金山区金争路69号1幢1 层C区</td>
    <td>生产销 售</td>
    <td>70.00%</td>
    <td>0.00%</td>
    <td>设立或 投资</td>
  </tr>
  <tr>
    <td>上海东富 龙制药设 备工程有限公司</td>
    <td>148,000,00 0.00元</td>
    <td>上海市奉贤区沪杭公路1377号</td>
    <td>上海市奉贤区沪杭公路1377号1 幢一层</td>
    <td>生产销 售</td>
    <td>100.00%</td>
    <td>0.00%</td>
    <td>非同一 控制下合并</td>
  </tr>
  <tr>
    <td>上海东富龙医疗科</td>
    <td>500,000,00 0.00元</td>
    <td>上海市闵行区都会路139号</td>
    <td>上海市闵行区都会路139号1幢1</td>
    <td>生产销 售</td>
    <td>100.00%</td>
    <td>0.00%</td>
    <td>设立或 投资</td>
  </tr>
  <tr>
    <td>技产业发展有限公司</td>
    <td></td>
    <td></td>
    <td>楼A区</td>
    <td></td>
    <td></td>
    <td></td>
    <td></td>
  </tr>
  <tr>
    <td>上海东富龙信息技术有限公司</td>
    <td>30,000,000.00元</td>
    <td>上海市闵行区都会路139号</td>
    <td>上海市闵行区都会路139号1幢3楼A区</td>
    <td>软件开 发、销售</td>
    <td>0.00%</td>
    <td>100.00%</td>
    <td>非同一 控制下合并</td>
  </tr>
  <tr>
    <td>东富龙生命科技有限公司</td>
    <td>150,000,00 0.00元</td>
    <td>上海市闵行区都会路139号</td>
    <td>上海市闵行区都会路139号1幢5楼；4幢3楼丙区</td>
    <td>生产销 售</td>
    <td>0.00%</td>
    <td>100.00%</td>
    <td>设立或 投资</td>
  </tr>
  <tr>
    <td>上海涵欧制药设备有限公司</td>
    <td>8,333,333. 00元</td>
    <td>上海市闵行区放鹤路2199号</td>
    <td>上海市奉贤区西 闸公路339号 306、307、308室</td>
    <td>生产销 售</td>
    <td>100.00%</td>
    <td>0.00%</td>
    <td>非同一 控制下合并</td>
  </tr>
  <tr>
    <td>上海承欢轻工机械有限公司</td>
    <td>24,735,000.00元</td>
    <td>上海市奉贤区沪杭公路1377号</td>
    <td>上海市奉贤区奉城镇洪朱路2803 号</td>
    <td>生产销 售</td>
    <td>51.00%</td>
    <td>0.00%</td>
    <td>非同一 控制下合并</td>
  </tr>
  <tr>
    <td>上海东富龙海崴生物科技有限公司</td>
    <td>50,000,000.00元</td>
    <td>上海市金山工业区金流路399号</td>
    <td>上海市金山工业区金流路399号1幢</td>
    <td>生产销 售</td>
    <td>87.70%</td>
    <td>0.00%</td>
    <td>非同一 控制下合并</td>
  </tr>
  <tr>
    <td>上海涌前智能装备有限公司</td>
    <td>10,000,000.00元</td>
    <td>上海市奉贤区沪杭公路1377号1幢三层</td>
    <td>上海市奉贤区沪杭公路1377号1 幢三层</td>
    <td>生产销 售</td>
    <td>0.00%</td>
    <td>70.00%</td>
    <td>设立或 投资</td>
  </tr>
  <tr>
    <td>东富龙俄罗斯有限公司</td>
    <td>1,200,000. 00俄罗斯 卢布</td>
    <td>125196, Moscow, 4th Lesnoy lane 13, Third floor, Apartment I, Rooms 1-5</td>
    <td>4-2 Lgarsky proezd, Moscow, Russia.</td>
    <td>销售</td>
    <td>100.00%</td>
    <td>0.00%</td>
    <td>设立或 投资</td>
  </tr>
  <tr>
    <td>东富龙智能装备制造（江苏）有限公司</td>
    <td>300,000,00 0.00元</td>
    <td>东台经济开发区人民路366号</td>
    <td>东台经济开发区 人民路366号</td>
    <td>生产销 售</td>
    <td>100.00%</td>
    <td>0.00%</td>
    <td>设立或 投资</td>
  </tr>
  <tr>
    <td>上海东富龙医用包装材料有限公司</td>
    <td>30,000,000.00元</td>
    <td>上海市闵行区都会路139号4幢3层乙区</td>
    <td>上海市闵行区都会路139号4幢3层乙区</td>
    <td>生产销 售</td>
    <td>0.00%</td>
    <td>100.00%</td>
    <td>设立或 投资</td>
  </tr>
  <tr>
    <td>东富龙包装技术（江苏）有限公司</td>
    <td>20,000,000.00元</td>
    <td>东台经济开发区人民路366号</td>
    <td>东台经济开发区 人民路366号</td>
    <td>生产销 售</td>
    <td>0.00%</td>
    <td>100.00%</td>
    <td>设立或 投资</td>
  </tr>
  <tr>
    <td>河南东富龙医用包装材料有限公司</td>
    <td>20,000,000.00元</td>
    <td>郑州航空港经济综合实验区黄海路与生物科技二街交叉口东北角郑州临空生物医药园16号楼</td>
    <td>郑州航空港经济 综合实验区黄海路与生物科技二街交叉口东北角郑州临空生物医药园16号楼</td>
    <td>生产销 售</td>
    <td>100.00%</td>
    <td>0.00%</td>
    <td>设立或 投资</td>
  </tr>
  <tr>
    <td>四川东富龙药用包装材料有</td>
    <td>20,000,000.00元</td>
    <td>成都天府国际生物城（双流区凤凰路618号）</td>
    <td>成都天府国际生物城（双流区凤 凰路618号）</td>
    <td>生产销 售</td>
    <td>100.00%</td>
    <td>0.00%</td>
    <td>设立或 投资</td>
  </tr>
  <tr>
    <td>限公司</td>
    <td></td>
    <td></td>
    <td></td>
    <td></td>
    <td></td>
    <td></td>
    <td></td>
  </tr>
  <tr>
    <td>上海东富龙生物试剂有限公司</td>
    <td>20,000,000.00元</td>
    <td>上海市闵行区都会路139号4幢2楼甲区</td>
    <td>上海市闵行区都会路139号4幢2楼甲区</td>
    <td>生产销 售</td>
    <td>0.00%</td>
    <td>100.00%</td>
    <td>设立或 投资</td>
  </tr>
  <tr>
    <td>嘉兴千纯生物科技有限公司</td>
    <td>10,204,000.00元</td>
    <td>浙江省嘉兴市平湖经济技术开发区新兴二路988号6幢3楼西侧</td>
    <td>浙江省嘉兴市平 湖经济技术开发区新兴二路988号6幢3楼西侧</td>
    <td>生产销 售</td>
    <td>0.00%</td>
    <td>51.00%</td>
    <td>非同一 控制下合并</td>
  </tr>
  <tr>
    <td>東富龍香港有限公司</td>
    <td>10,000.00 港元</td>
    <td>香港观塘区观塘道348号宏利坊6楼</td>
    <td>香港观塘区观塘 道348号宏利坊6楼</td>
    <td>销售</td>
    <td>100.00%</td>
    <td>0.00%</td>
    <td>设立或 投资</td>
  </tr>
  <tr>
    <td>浙江东富龙生物技术有限公司</td>
    <td>200,000,00 0.00元</td>
    <td>浙江省杭州市钱塘新区下沙街道和享科技中心 21幢621室</td>
    <td>浙江省杭州市钱塘新区下沙街道和享科技中心21 幢621室</td>
    <td>生产销 售</td>
    <td>100.00%</td>
    <td>0.00%</td>
    <td>设立或 投资</td>
  </tr>
  <tr>
    <td>东富龙（印尼）有限责任公司</td>
    <td>10,000,000,000.00印 尼盾</td>
    <td>Talavera Office Park Lt.21 Suite #05, JI.TB. Simatupang Kav.22-26, Kel.</td>
    <td>Talavera Office Park Lt.21 Suite #05, JI.TB. Simatupang Kav.22-26, Kel.Cilandak Barat, Kec Cilandak,Kota Adm, Jakata Selatan, Provinsi DKI Jakarta</td>
    <td>售后服 务</td>
    <td>99.00%</td>
    <td>1.00%</td>
    <td>设立或 投资</td>
  </tr>
  <tr>
    <td>东富龙土耳其机械贸易有限公司</td>
    <td>10,000.00土耳其里 拉</td>
    <td>Esentepe Mah.Harman 1 Sk.Duran Is Merkezi Blok NO:4/8 SISL</td>
    <td>Esentepe Mah.Harman 1 Sk.Duran Is Merkezi Blok NO:4/8 SISL</td>
    <td>售后服 务</td>
    <td>100.00%</td>
    <td>0.00%</td>
    <td>设立或 投资</td>
  </tr>
  <tr>
    <td>东富龙（澳大利亚）私人有限公司</td>
    <td>10,000.00 澳大利亚 元</td>
    <td>Suite 509, Level 5,379-383 Pitt Street, Sydney NSW 2000</td>
    <td>Suite 509, Level 5,379-383 Pitt Street, Sydney NSW 2000</td>
    <td>售后服 务</td>
    <td>100.00%</td>
    <td>0.00%</td>
    <td>设立或 投资</td>
  </tr>
  <tr>
    <td>东富龙（迪拜）有限公司</td>
    <td>367,000.00 阿联酋迪 拉姆</td>
    <td>Unit No:778 DMCC Business Centre Level No.1 Jewellery & Gemplex 3 Dubai United Arab Emirates</td>
    <td>Unit No:778 DMCC Business Centre Level No.1 Jewellery & Gemplex 3 Dubai United Arab Emirates</td>
    <td>售后服 务</td>
    <td>100.00%</td>
    <td>0.00%</td>
    <td>设立或 投资</td>
  </tr>
  <tr>
    <td>东富龙（越南）有限公司</td>
    <td>100,000.00 美元</td>
    <td>7th Floor,PDD Office Building,No 162 Pasteur street,Ben Nghe Ward,District 1,Ho Chi Minh City,Vietnam</td>
    <td>2 / F, River View Building, 1119 Tran Kheng Road, 05 Shek Ka Road, Ho Chi Minh City, Vietnam</td>
    <td>售后服 务</td>
    <td>100.00%</td>
    <td>0.00%</td>
    <td>设立或 投资</td>
  </tr>
  <tr>
    <td>东富龙（南非）私人公司</td>
    <td>10,000.00 南非兰特</td>
    <td>27 Newmark Estate Silver LakesRoad,Pretoria,Ga uteng,0081</td>
    <td>27 Newmark Estate Silver Lakes Road,Pretoria,Gauteng,0081</td>
    <td>售后服 务</td>
    <td>100.00%</td>
    <td>0.00%</td>
    <td>设立或 投资</td>
  </tr>
  <tr>
    <td>江苏辉河包装机械有限公司</td>
    <td>12,367,925.00元</td>
    <td>东台经济开发区人民路366号</td>
    <td>东台经济开发区 人民路366号</td>
    <td>生产销 售</td>
    <td>51.00%</td>
    <td>0.00%</td>
    <td>非同一 控制下 合并</td>
  </tr>
  <tr>
    <td>东富龙千纯生物科技（上海）有限公司</td>
    <td>50,000,000.00元</td>
    <td>上海市化学工业区目华路201号1幢20层2012室</td>
    <td>上海市化学工业区目华路201号1幢20层2012室</td>
    <td>生产销 售</td>
    <td>0.00%</td>
    <td>51.00%</td>
    <td>设立或 投资</td>
  </tr>
  <tr>
    <td>东富龙日本株式会社</td>
    <td>8,000,000. 00日元</td>
    <td>2-10-3,Misono-Chou,Yao- City,Osaka 581- 0818,Japan</td>
    <td>2-10-3,Misono- Chou,Yao- City,Osaka581-0818,Japan</td>
    <td>销售</td>
    <td>100.00%</td>
    <td>0.00%</td>
    <td>设立或 投资</td>
  </tr>
  <tr>
    <td>东富龙包装设备制造（江苏）有限公司</td>
    <td>20,000,000.00元</td>
    <td>东台经济开发区人民路366号</td>
    <td>东台经济开发区 人民路366号</td>
    <td>生产销 售</td>
    <td>100.00%</td>
    <td>0.00%</td>
    <td>新设</td>
  </tr>
  <tr>
    <td>上海东富龙检测技术有限公司</td>
    <td>10,000,000.00元</td>
    <td>上海市闵行区都会路139号1幢1楼C区</td>
    <td>上海市闵行区都会路139号1幢1楼C区</td>
    <td>生产销 售</td>
    <td>100.00%</td>
    <td>0.00%</td>
    <td>新设</td>
  </tr>
  <tr>
    <td>江苏承欢轻工机械有限公司</td>
    <td>20,000,000.00元</td>
    <td>东台经济开发区人民路366号</td>
    <td>东台经济开发区 人民路366号</td>
    <td>生产销 售</td>
    <td>0.00%</td>
    <td>100.00%</td>
    <td>新设</td>
  </tr>
  <tr>
    <td>东富龙水技术工程（上海）有限公司</td>
    <td>30,000,000.00元</td>
    <td>上海市金山区金争路69号1幢2层</td>
    <td>上海市金山区金争路69号1幢2 层</td>
    <td>生产销 售</td>
    <td>0.00%</td>
    <td>55.00%</td>
    <td>合资新 设</td>
  </tr>
  <tr>
    <td>东富龙派轲瑞自动化科技（上海）有限公司</td>
    <td>39,998,680.00元</td>
    <td>上海市闵行区都会路139号1幢四层B区</td>
    <td>上海市闵行区都 会路139号1幢四层B区</td>
    <td>生产销 售</td>
    <td>0.00%</td>
    <td>60.00%</td>
    <td>合资新 设</td>
  </tr>
  <tr>
    <td>东富龙（德国）有限公司</td>
    <td>200,000.00 欧元</td>
    <td>Amselweg 15,73765 Neuhausen auf den Fildern</td>
    <td>Amselweg 15,73765 Neuhausen auf den Fildern</td>
    <td>销售</td>
    <td>100.00%</td>
    <td>0.00%</td>
    <td>新设</td>
  </tr>
  <tr>
    <td>东富龙AND CIMA（巴拿马）</td>
    <td>10,000.00 美元</td>
    <td>Panama City</td>
    <td>Panama City</td>
    <td>销售</td>
    <td>70.00%</td>
    <td>0.00%</td>
    <td>新设</td>
  </tr>
  <tr>
    <td>东富龙新加坡有限公司</td>
    <td>10,000.00新加坡元</td>
    <td>111 North Bridge Road #29-06A Peninsula Plaza Singapore (179098)</td>
    <td>111 North Bridge Road #29-06A Peninsula Plaza Singapore (179098)</td>
    <td>销售与 售后服务</td>
    <td>100.00%</td>
    <td>0.00%</td>
    <td>新设</td>
  </tr>
  <tr>
    <td>东富龙意达有限公司</td>
    <td>500,000.00 欧元</td>
    <td>Via M. Buonarroti,43 - 28060 San Pietro Mosezzo, Fraz. Nibbia (NO)Italy</td>
    <td>San Pietro Mosezzo (No) Via Michelangelo Buonarroti 43 Cap 28060 Frazione:Nibbia</td>
    <td>生产销 售</td>
    <td>75.00%</td>
    <td>0.00%</td>
    <td>新设</td>
  </tr>
  <tr>
    <td>Pharmatec h Srl</td>
    <td>10,000.00 欧元</td>
    <td>Via Emilia 15, 24052 Azzano San Paolo( BG)</td>
    <td>Via Vincenzo Bellini 49, 24129 Bergamo (BG)</td>
    <td>销售与 售后服 务</td>
    <td>0.00%</td>
    <td>100.00%</td>
    <td>非同一 控制下合并</td>
  </tr>
  <tr>
    <td>Renggli.A G</td>
    <td>500,000.00 瑞士法郎</td>
    <td>Birkenstrasse 31 6343 Rotkreuz</td>
    <td>Birkenstrasse 31 6343 Rotkreuz</td>
    <td>生产销 售</td>
    <td>0.00%</td>
    <td>100.00%</td>
    <td>非同一 控制下 合并</td>
  </tr>
  <tr>
    <td>赛普（杭州）过滤科技有限公司</td>
    <td>4,190,211.0 0元</td>
    <td>浙江省杭州市钱塘区下沙街道银海科创中心17 幢101室</td>
    <td>浙江省杭州市钱塘区下沙街道银海科创中心17幢 101室</td>
    <td>生产销 售</td>
    <td>0.00%</td>
    <td>52.00%</td>
    <td>非同一 控制下 合并</td>
  </tr>
  <tr>
    <td>东之恒（杭州）工程技术有限公司</td>
    <td>10,000,000.00元</td>
    <td>浙江省杭州市钱塘区下沙街道福城路400号2幢309室</td>
    <td>浙江省杭州市钱 塘区下沙街道福城路400号2幢309室</td>
    <td>设计、 施工</td>
    <td>0.00%</td>
    <td>51.00%</td>
    <td>非同一 控制下 合并</td>
  </tr>
  <tr>
    <td>东富龙（广州）生命科学研究有限公司</td>
    <td>20,000,000.00元</td>
    <td>广州市黄埔区科学大道60号 909单元</td>
    <td>广州市黄埔区科学大道60号909 单元</td>
    <td>研发</td>
    <td>0.00%</td>
    <td>100.00%</td>
    <td>新设</td>
  </tr>
  <tr>
    <td>上海东富龙设备服务有限公司</td>
    <td>50,000,000.00元</td>
    <td>上海市闵行区都会路139号1幢1层B区</td>
    <td>上海市闵行区都会路139号1幢1层B区</td>
    <td>售后服 务</td>
    <td>100.00%</td>
    <td>0.00%</td>
    <td>新设</td>
  </tr>
</table>

> Note: merged cells detected, rendered as HTML table.

---
## 企业集团的构成

单位：元

<table id='19c13115ccc96aeec3f5801d829d7647' titleId='19c13115ccc96aeec3f5801d829d7647' headId='19c13115ccc96aeec3f5801d829d7647'>
  <tr>
    <td rowspan=""2"">子公司名称</td>
    <td rowspan=""2"">注册资本</td>
    <td rowspan=""2"">主要经营地</td>
    <td rowspan=""2"">注册地</td>
    <td rowspan=""2"">业务性质</td>
    <td colspan=""2"">持股比例</td>
    <td rowspan=""2"">取得方式</td>
  </tr>
  <tr>
    <td>直接</td>
    <td>间接</td>
  </tr>
  <tr>
    <td>上海共和 真空技术</td>
    <td>350,000.00 美元</td>
    <td>上海市闵行区都会路1509号</td>
    <td>上海市闵行区都会路1509号2幢</td>
    <td>生产销 售</td>
    <td>51.00%</td>
    <td>0.00%</td>
    <td>非同一 控制下</td>
  </tr>
  <tr>
    <td>有限公司</td>
    <td></td>
    <td></td>
    <td>1楼</td>
    <td></td>
    <td></td>
    <td></td>
    <td>合并</td>
  </tr>
  <tr>
    <td>东富龙 （美国）有限责任 公司</td>
    <td>200,000.00 美元</td>
    <td>955 s. Springfield Avenue, First Floor, Building A， Springfield， New Jersey ,07081</td>
    <td>Jans Carlowood Street, New York, USA</td>
    <td>销售</td>
    <td>100.00%</td>
    <td>0.00%</td>
    <td>设立或 投资</td>
  </tr>
  <tr>
    <td>上海东富 龙制药设 备制造有 限公司</td>
    <td>120,000,00 0.00元</td>
    <td>上海市金山区金流路399号</td>
    <td>上海市金山区金 流路399号</td>
    <td>生产销 售</td>
    <td>100.00%</td>
    <td>0.00%</td>
    <td>设立或 投资</td>
  </tr>
  <tr>
    <td>上海东富 龙智能工 程有限公司</td>
    <td>100,000,00 0.00元</td>
    <td>上海市闵行区都会路139号</td>
    <td>上海市闵行区东 川路555号丙楼5106室</td>
    <td>软件开 发</td>
    <td>100.00%</td>
    <td>0.00%</td>
    <td>设立或 投资</td>
  </tr>
  <tr>
    <td>上海东富 龙德惠空 调设备有 限公司</td>
    <td>70,000,000.00元</td>
    <td>上海市奉贤区沪杭公路1377号</td>
    <td>上海市奉贤区沪杭公路1377号3 幢</td>
    <td>生产销 售</td>
    <td>100.00%</td>
    <td>0.00%</td>
    <td>设立或 投资</td>
  </tr>
  <tr>
    <td>上海东富 龙德惠净 化空调工 程安装有限公司</td>
    <td>100,000,00 0.00元</td>
    <td>上海市奉贤区沪杭公路1377号</td>
    <td>上海市奉贤区沪杭公路1377号1 幢二层</td>
    <td>设计、 施工</td>
    <td>0.00%</td>
    <td>100.00%</td>
    <td>设立或 投资</td>
  </tr>
  <tr>
    <td>东富龙 （印度）私人有限 公司</td>
    <td>4,500,000. 00印度卢 比</td>
    <td>Plot no.22,Sy No.276 to 280,Pashamylara m,Industrial area,Patancheru Mandal,Sangared dy,Hyderabad,Te langana,India</td>
    <td>169, Zodiac Royal Palm, Room 406, East Goregaon, Aarey Milk Colony, Maharashtra, India.</td>
    <td>生产销 售</td>
    <td>100.00%</td>
    <td>0.00%</td>
    <td>设立或 投资</td>
  </tr>
  <tr>
    <td>上海东富龙爱瑞思 科技有限 公司</td>
    <td>1,500,000. 00美元</td>
    <td>上海市闵行区都会路139号</td>
    <td>上海市闵行区放鹤路2199号第1 幢A区</td>
    <td>生产销 售</td>
    <td>70.00%</td>
    <td>0.00%</td>
    <td>设立或 投资</td>
  </tr>
  <tr>
    <td>东富龙包 装技术 （上海）有限公司</td>
    <td>5,776,976. 00元</td>
    <td>上海市闵行区都会路139号</td>
    <td>上海市闵行区都会路1509号3幢 1层B区</td>
    <td>生产销 售</td>
    <td>100.00%</td>
    <td>0.00%</td>
    <td>非同一 控制下合并</td>
  </tr>
  <tr>
    <td>上海东富 龙拓溥科 技有限公 司</td>
    <td>1,500,000. 00美元</td>
    <td>上海市金山区金争路69号</td>
    <td>上海市金山区金争路69号1幢1 层C区</td>
    <td>生产销 售</td>
    <td>70.00%</td>
    <td>0.00%</td>
    <td>设立或 投资</td>
  </tr>
  <tr>
    <td>上海东富 龙制药设 备工程有限公司</td>
    <td>148,000,00 0.00元</td>
    <td>上海市奉贤区沪杭公路1377号</td>
    <td>上海市奉贤区沪杭公路1377号1 幢一层</td>
    <td>生产销 售</td>
    <td>100.00%</td>
    <td>0.00%</td>
    <td>非同一 控制下合并</td>
  </tr>
  <tr>
    <td>上海东富龙医疗科</td>
    <td>500,000,00 0.00元</td>
    <td>上海市闵行区都会路139号</td>
    <td>上海市闵行区都会路139号1幢1</td>
    <td>生产销 售</td>
    <td>100.00%</td>
    <td>0.00%</td>
    <td>设立或 投资</td>
  </tr>
  <tr>
    <td>技产业发展有限公司</td>
    <td></td>
    <td></td>
    <td>楼A区</td>
    <td></td>
    <td></td>
    <td></td>
    <td></td>
  </tr>
  <tr>
    <td>上海东富龙信息技术有限公司</td>
    <td>30,000,000.00元</td>
    <td>上海市闵行区都会路139号</td>
    <td>上海市闵行区都会路139号1幢3楼A区</td>
    <td>软件开 发、销售</td>
    <td>0.00%</td>
    <td>100.00%</td>
    <td>非同一 控制下合并</td>
  </tr>
  <tr>
    <td>东富龙生命科技有限公司</td>
    <td>150,000,00 0.00元</td>
    <td>上海市闵行区都会路139号</td>
    <td>上海市闵行区都会路139号1幢5楼；4幢3楼丙区</td>
    <td>生产销 售</td>
    <td>0.00%</td>
    <td>100.00%</td>
    <td>设立或 投资</td>
  </tr>
  <tr>
    <td>上海涵欧制药设备有限公司</td>
    <td>8,333,333. 00元</td>
    <td>上海市闵行区放鹤路2199号</td>
    <td>上海市奉贤区西 闸公路339号 306、307、308室</td>
    <td>生产销 售</td>
    <td>100.00%</td>
    <td>0.00%</td>
    <td>非同一 控制下合并</td>
  </tr>
  <tr>
    <td>上海承欢轻工机械有限公司</td>
    <td>24,735,000.00元</td>
    <td>上海市奉贤区沪杭公路1377号</td>
    <td>上海市奉贤区奉城镇洪朱路2803 号</td>
    <td>生产销 售</td>
    <td>51.00%</td>
    <td>0.00%</td>
    <td>非同一 控制下合并</td>
  </tr>
  <tr>
    <td>上海东富龙海崴生物科技有限公司</td>
    <td>50,000,000.00元</td>
    <td>上海市金山工业区金流路399号</td>
    <td>上海市金山工业区金流路399号1幢</td>
    <td>生产销 售</td>
    <td>87.70%</td>
    <td>0.00%</td>
    <td>非同一 控制下合并</td>
  </tr>
  <tr>
    <td>上海涌前智能装备有限公司</td>
    <td>10,000,000.00元</td>
    <td>上海市奉贤区沪杭公路1377号1幢三层</td>
    <td>上海市奉贤区沪杭公路1377号1 幢三层</td>
    <td>生产销 售</td>
    <td>0.00%</td>
    <td>70.00%</td>
    <td>设立或 投资</td>
  </tr>
  <tr>
    <td>东富龙俄罗斯有限公司</td>
    <td>1,200,000. 00俄罗斯 卢布</td>
    <td>125196, Moscow, 4th Lesnoy lane 13, Third floor, Apartment I, Rooms 1-5</td>
    <td>4-2 Lgarsky proezd, Moscow, Russia.</td>
    <td>销售</td>
    <td>100.00%</td>
    <td>0.00%</td>
    <td>设立或 投资</td>
  </tr>
  <tr>
    <td>东富龙智能装备制造（江苏）有限公司</td>
    <td>300,000,00 0.00元</td>
    <td>东台经济开发区人民路366号</td>
    <td>东台经济开发区 人民路366号</td>
    <td>生产销 售</td>
    <td>100.00%</td>
    <td>0.00%</td>
    <td>设立或 投资</td>
  </tr>
  <tr>
    <td>上海东富龙医用包装材料有限公司</td>
    <td>30,000,000.00元</td>
    <td>上海市闵行区都会路139号4幢3层乙区</td>
    <td>上海市闵行区都会路139号4幢3层乙区</td>
    <td>生产销 售</td>
    <td>0.00%</td>
    <td>100.00%</td>
    <td>设立或 投资</td>
  </tr>
  <tr>
    <td>东富龙包装技术（江苏）有限公司</td>
    <td>20,000,000.00元</td>
    <td>东台经济开发区人民路366号</td>
    <td>东台经济开发区 人民路366号</td>
    <td>生产销 售</td>
    <td>0.00%</td>
    <td>100.00%</td>
    <td>设立或 投资</td>
  </tr>
  <tr>
    <td>河南东富龙医用包装材料有限公司</td>
    <td>20,000,000.00元</td>
    <td>郑州航空港经济综合实验区黄海路与生物科技二街交叉口东北角郑州临空生物医药园16号楼</td>
    <td>郑州航空港经济 综合实验区黄海路与生物科技二街交叉口东北角郑州临空生物医药园16号楼</td>
    <td>生产销 售</td>
    <td>100.00%</td>
    <td>0.00%</td>
    <td>设立或 投资</td>
  </tr>
  <tr>
    <td>四川东富龙药用包装材料有</td>
    <td>20,000,000.00元</td>
    <td>成都天府国际生物城（双流区凤凰路618号）</td>
    <td>成都天府国际生物城（双流区凤 凰路618号）</td>
    <td>生产销 售</td>
    <td>100.00%</td>
    <td>0.00%</td>
    <td>设立或 投资</td>
  </tr>
  <tr>
    <td>限公司</td>
    <td></td>
    <td></td>
    <td></td>
    <td></td>
    <td></td>
    <td></td>
    <td></td>
  </tr>
  <tr>
    <td>上海东富龙生物试剂有限公司</td>
    <td>20,000,000.00元</td>
    <td>上海市闵行区都会路139号4幢2楼甲区</td>
    <td>上海市闵行区都会路139号4幢2楼甲区</td>
    <td>生产销 售</td>
    <td>0.00%</td>
    <td>100.00%</td>
    <td>设立或 投资</td>
  </tr>
  <tr>
    <td>嘉兴千纯生物科技有限公司</td>
    <td>10,204,000.00元</td>
    <td>浙江省嘉兴市平湖经济技术开发区新兴二路988号6幢3楼西侧</td>
    <td>浙江省嘉兴市平 湖经济技术开发区新兴二路988号6幢3楼西侧</td>
    <td>生产销 售</td>
    <td>0.00%</td>
    <td>51.00%</td>
    <td>非同一 控制下合并</td>
  </tr>
  <tr>
    <td>東富龍香港有限公司</td>
    <td>10,000.00 港元</td>
    <td>香港观塘区观塘道348号宏利坊6楼</td>
    <td>香港观塘区观塘 道348号宏利坊6楼</td>
    <td>销售</td>
    <td>100.00%</td>
    <td>0.00%</td>
    <td>设立或 投资</td>
  </tr>
  <tr>
    <td>浙江东富龙生物技术有限公司</td>
    <td>200,000,00 0.00元</td>
    <td>浙江省杭州市钱塘新区下沙街道和享科技中心 21幢621室</td>
    <td>浙江省杭州市钱塘新区下沙街道和享科技中心21 幢621室</td>
    <td>生产销 售</td>
    <td>100.00%</td>
    <td>0.00%</td>
    <td>设立或 投资</td>
  </tr>
  <tr>
    <td>东富龙（印尼）有限责任公司</td>
    <td>10,000,000,000.00印 尼盾</td>
    <td>Talavera Office Park Lt.21 Suite #05, JI.TB. Simatupang Kav.22-26, Kel.</td>
    <td>Talavera Office Park Lt.21 Suite #05, JI.TB. Simatupang Kav.22-26, Kel.Cilandak Barat, Kec Cilandak,Kota Adm, Jakata Selatan, Provinsi DKI Jakarta</td>
    <td>售后服 务</td>
    <td>99.00%</td>
    <td>1.00%</td>
    <td>设立或 投资</td>
  </tr>
  <tr>
    <td>东富龙土耳其机械贸易有限公司</td>
    <td>10,000.00土耳其里 拉</td>
    <td>Esentepe Mah.Harman 1 Sk.Duran Is Merkezi Blok NO:4/8 SISL</td>
    <td>Esentepe Mah.Harman 1 Sk.Duran Is Merkezi Blok NO:4/8 SISL</td>
    <td>售后服 务</td>
    <td>100.00%</td>
    <td>0.00%</td>
    <td>设立或 投资</td>
  </tr>
  <tr>
    <td>东富龙（澳大利亚）私人有限公司</td>
    <td>10,000.00 澳大利亚 元</td>
    <td>Suite 509, Level 5,379-383 Pitt Street, Sydney NSW 2000</td>
    <td>Suite 509, Level 5,379-383 Pitt Street, Sydney NSW 2000</td>
    <td>售后服 务</td>
    <td>100.00%</td>
    <td>0.00%</td>
    <td>设立或 投资</td>
  </tr>
  <tr>
    <td>东富龙（迪拜）有限公司</td>
    <td>367,000.00 阿联酋迪 拉姆</td>
    <td>Unit No:778 DMCC Business Centre Level No.1 Jewellery & Gemplex 3 Dubai United Arab Emirates</td>
    <td>Unit No:778 DMCC Business Centre Level No.1 Jewellery & Gemplex 3 Dubai United Arab Emirates</td>
    <td>售后服 务</td>
    <td>100.00%</td>
    <td>0.00%</td>
    <td>设立或 投资</td>
  </tr>
  <tr>
    <td>东富龙（越南）有限公司</td>
    <td>100,000.00 美元</td>
    <td>7th Floor,PDD Office Building,No 162 Pasteur street,Ben Nghe Ward,District 1,Ho Chi Minh City,Vietnam</td>
    <td>2 / F, River View Building, 1119 Tran Kheng Road, 05 Shek Ka Road, Ho Chi Minh City, Vietnam</td>
    <td>售后服 务</td>
    <td>100.00%</td>
    <td>0.00%</td>
    <td>设立或 投资</td>
  </tr>
  <tr>
    <td>东富龙（南非）私人公司</td>
    <td>10,000.00 南非兰特</td>
    <td>27 Newmark Estate Silver LakesRoad,Pretoria,Ga uteng,0081</td>
    <td>27 Newmark Estate Silver Lakes Road,Pretoria,Gauteng,0081</td>
    <td>售后服 务</td>
    <td>100.00%</td>
    <td>0.00%</td>
    <td>设立或 投资</td>
  </tr>
  <tr>
    <td>江苏辉河包装机械有限公司</td>
    <td>12,367,925.00元</td>
    <td>东台经济开发区人民路366号</td>
    <td>东台经济开发区 人民路366号</td>
    <td>生产销 售</td>
    <td>51.00%</td>
    <td>0.00%</td>
    <td>非同一 控制下 合并</td>
  </tr>
  <tr>
    <td>东富龙千纯生物科技（上海）有限公司</td>
    <td>50,000,000.00元</td>
    <td>上海市化学工业区目华路201号1幢20层2012室</td>
    <td>上海市化学工业区目华路201号1幢20层2012室</td>
    <td>生产销 售</td>
    <td>0.00%</td>
    <td>51.00%</td>
    <td>设立或 投资</td>
  </tr>
  <tr>
    <td>东富龙日本株式会社</td>
    <td>8,000,000. 00日元</td>
    <td>2-10-3,Misono-Chou,Yao- City,Osaka 581- 0818,Japan</td>
    <td>2-10-3,Misono- Chou,Yao- City,Osaka581-0818,Japan</td>
    <td>销售</td>
    <td>100.00%</td>
    <td>0.00%</td>
    <td>设立或 投资</td>
  </tr>
  <tr>
    <td>东富龙包装设备制造（江苏）有限公司</td>
    <td>20,000,000.00元</td>
    <td>东台经济开发区人民路366号</td>
    <td>东台经济开发区 人民路366号</td>
    <td>生产销 售</td>
    <td>100.00%</td>
    <td>0.00%</td>
    <td>新设</td>
  </tr>
  <tr>
    <td>上海东富龙检测技术有限公司</td>
    <td>10,000,000.00元</td>
    <td>上海市闵行区都会路139号1幢1楼C区</td>
    <td>上海市闵行区都会路139号1幢1楼C区</td>
    <td>生产销 售</td>
    <td>100.00%</td>
    <td>0.00%</td>
    <td>新设</td>
  </tr>
  <tr>
    <td>江苏承欢轻工机械有限公司</td>
    <td>20,000,000.00元</td>
    <td>东台经济开发区人民路366号</td>
    <td>东台经济开发区 人民路366号</td>
    <td>生产销 售</td>
    <td>0.00%</td>
    <td>100.00%</td>
    <td>新设</td>
  </tr>
  <tr>
    <td>东富龙水技术工程（上海）有限公司</td>
    <td>30,000,000.00元</td>
    <td>上海市金山区金争路69号1幢2层</td>
    <td>上海市金山区金争路69号1幢2 层</td>
    <td>生产销 售</td>
    <td>0.00%</td>
    <td>55.00%</td>
    <td>合资新 设</td>
  </tr>
  <tr>
    <td>东富龙派轲瑞自动化科技（上海）有限公司</td>
    <td>39,998,680.00元</td>
    <td>上海市闵行区都会路139号1幢四层B区</td>
    <td>上海市闵行区都 会路139号1幢四层B区</td>
    <td>生产销 售</td>
    <td>0.00%</td>
    <td>60.00%</td>
    <td>合资新 设</td>
  </tr>
  <tr>
    <td>东富龙（德国）有限公司</td>
    <td>200,000.00 欧元</td>
    <td>Amselweg 15,73765 Neuhausen auf den Fildern</td>
    <td>Amselweg 15,73765 Neuhausen auf den Fildern</td>
    <td>销售</td>
    <td>100.00%</td>
    <td>0.00%</td>
    <td>新设</td>
  </tr>
  <tr>
    <td>东富龙AND CIMA（巴拿马）</td>
    <td>10,000.00 美元</td>
    <td>Panama City</td>
    <td>Panama City</td>
    <td>销售</td>
    <td>70.00%</td>
    <td>0.00%</td>
    <td>新设</td>
  </tr>
  <tr>
    <td>东富龙新加坡有限公司</td>
    <td>10,000.00新加坡元</td>
    <td>111 North Bridge Road #29-06A Peninsula Plaza Singapore (179098)</td>
    <td>111 North Bridge Road #29-06A Peninsula Plaza Singapore (179098)</td>
    <td>销售与 售后服务</td>
    <td>100.00%</td>
    <td>0.00%</td>
    <td>新设</td>
  </tr>
  <tr>
    <td>东富龙意达有限公司</td>
    <td>500,000.00 欧元</td>
    <td>Via M. Buonarroti,43 - 28060 San Pietro Mosezzo, Fraz. Nibbia (NO)Italy</td>
    <td>San Pietro Mosezzo (No) Via Michelangelo Buonarroti 43 Cap 28060 Frazione:Nibbia</td>
    <td>生产销 售</td>
    <td>75.00%</td>
    <td>0.00%</td>
    <td>新设</td>
  </tr>
  <tr>
    <td>Pharmatec h Srl</td>
    <td>10,000.00 欧元</td>
    <td>Via Emilia 15, 24052 Azzano San Paolo( BG)</td>
    <td>Via Vincenzo Bellini 49, 24129 Bergamo (BG)</td>
    <td>销售与 售后服 务</td>
    <td>0.00%</td>
    <td>100.00%</td>
    <td>非同一 控制下合并</td>
  </tr>
  <tr>
    <td>Renggli.A G</td>
    <td>500,000.00 瑞士法郎</td>
    <td>Birkenstrasse 31 6343 Rotkreuz</td>
    <td>Birkenstrasse 31 6343 Rotkreuz</td>
    <td>生产销 售</td>
    <td>0.00%</td>
    <td>100.00%</td>
    <td>非同一 控制下 合并</td>
  </tr>
  <tr>
    <td>赛普（杭州）过滤科技有限公司</td>
    <td>4,190,211.0 0元</td>
    <td>浙江省杭州市钱塘区下沙街道银海科创中心17 幢101室</td>
    <td>浙江省杭州市钱塘区下沙街道银海科创中心17幢 101室</td>
    <td>生产销 售</td>
    <td>0.00%</td>
    <td>52.00%</td>
    <td>非同一 控制下 合并</td>
  </tr>
  <tr>
    <td>东之恒（杭州）工程技术有限公司</td>
    <td>10,000,000.00元</td>
    <td>浙江省杭州市钱塘区下沙街道福城路400号2幢309室</td>
    <td>浙江省杭州市钱 塘区下沙街道福城路400号2幢309室</td>
    <td>设计、 施工</td>
    <td>0.00%</td>
    <td>51.00%</td>
    <td>非同一 控制下 合并</td>
  </tr>
  <tr>
    <td>东富龙（广州）生命科学研究有限公司</td>
    <td>20,000,000.00元</td>
    <td>广州市黄埔区科学大道60号 909单元</td>
    <td>广州市黄埔区科学大道60号909 单元</td>
    <td>研发</td>
    <td>0.00%</td>
    <td>100.00%</td>
    <td>新设</td>
  </tr>
  <tr>
    <td>上海东富龙设备服务有限公司</td>
    <td>50,000,000.00元</td>
    <td>上海市闵行区都会路139号1幢1层B区</td>
    <td>上海市闵行区都会路139号1幢1层B区</td>
    <td>售后服 务</td>
    <td>100.00%</td>
    <td>0.00%</td>
    <td>新设</td>
  </tr>
</table>

> Note: merged cells detected, rendered as HTML table.

---
## 企业集团的构成

单位：元

<table id='19c13115ccc96aeec3f5801d829d7647' titleId='19c13115ccc96aeec3f5801d829d7647' headId='19c13115ccc96aeec3f5801d829d7647'>
  <tr>
    <td rowspan=""2"">子公司名称</td>
    <td rowspan=""2"">注册资本</td>
    <td rowspan=""2"">主要经营地</td>
    <td rowspan=""2"">注册地</td>
    <td rowspan=""2"">业务性质</td>
    <td colspan=""2"">持股比例</td>
    <td rowspan=""2"">取得方式</td>
  </tr>
  <tr>
    <td>直接</td>
    <td>间接</td>
  </tr>
  <tr>
    <td>上海共和 真空技术</td>
    <td>350,000.00 美元</td>
    <td>上海市闵行区都会路1509号</td>
    <td>上海市闵行区都会路1509号2幢</td>
    <td>生产销 售</td>
    <td>51.00%</td>
    <td>0.00%</td>
    <td>非同一 控制下</td>
  </tr>
  <tr>
    <td>有限公司</td>
    <td></td>
    <td></td>
    <td>1楼</td>
    <td></td>
    <td></td>
    <td></td>
    <td>合并</td>
  </tr>
  <tr>
    <td>东富龙 （美国）有限责任 公司</td>
    <td>200,000.00 美元</td>
    <td>955 s. Springfield Avenue, First Floor, Building A， Springfield， New Jersey ,07081</td>
    <td>Jans Carlowood Street, New York, USA</td>
    <td>销售</td>
    <td>100.00%</td>
    <td>0.00%</td>
    <td>设立或 投资</td>
  </tr>
  <tr>
    <td>上海东富 龙制药设 备制造有 限公司</td>
    <td>120,000,00 0.00元</td>
    <td>上海市金山区金流路399号</td>
    <td>上海市金山区金 流路399号</td>
    <td>生产销 售</td>
    <td>100.00%</td>
    <td>0.00%</td>
    <td>设立或 投资</td>
  </tr>
  <tr>
    <td>上海东富 龙智能工 程有限公司</td>
    <td>100,000,00 0.00元</td>
    <td>上海市闵行区都会路139号</td>
    <td>上海市闵行区东 川路555号丙楼5106室</td>
    <td>软件开 发</td>
    <td>100.00%</td>
    <td>0.00%</td>
    <td>设立或 投资</td>
  </tr>
  <tr>
    <td>上海东富 龙德惠空 调设备有 限公司</td>
    <td>70,000,000.00元</td>
    <td>上海市奉贤区沪杭公路1377号</td>
    <td>上海市奉贤区沪杭公路1377号3 幢</td>
    <td>生产销 售</td>
    <td>100.00%</td>
    <td>0.00%</td>
    <td>设立或 投资</td>
  </tr>
  <tr>
    <td>上海东富 龙德惠净 化空调工 程安装有限公司</td>
    <td>100,000,00 0.00元</td>
    <td>上海市奉贤区沪杭公路1377号</td>
    <td>上海市奉贤区沪杭公路1377号1 幢二层</td>
    <td>设计、 施工</td>
    <td>0.00%</td>
    <td>100.00%</td>
    <td>设立或 投资</td>
  </tr>
  <tr>
    <td>东富龙 （印度）私人有限 公司</td>
    <td>4,500,000. 00印度卢 比</td>
    <td>Plot no.22,Sy No.276 to 280,Pashamylara m,Industrial area,Patancheru Mandal,Sangared dy,Hyderabad,Te langana,India</td>
    <td>169, Zodiac Royal Palm, Room 406, East Goregaon, Aarey Milk Colony, Maharashtra, India.</td>
    <td>生产销 售</td>
    <td>100.00%</td>
    <td>0.00%</td>
    <td>设立或 投资</td>
  </tr>
  <tr>
    <td>上海东富龙爱瑞思 科技有限 公司</td>
    <td>1,500,000. 00美元</td>
    <td>上海市闵行区都会路139号</td>
    <td>上海市闵行区放鹤路2199号第1 幢A区</td>
    <td>生产销 售</td>
    <td>70.00%</td>
    <td>0.00%</td>
    <td>设立或 投资</td>
  </tr>
  <tr>
    <td>东富龙包 装技术 （上海）有限公司</td>
    <td>5,776,976. 00元</td>
    <td>上海市闵行区都会路139号</td>
    <td>上海市闵行区都会路1509号3幢 1层B区</td>
    <td>生产销 售</td>
    <td>100.00%</td>
    <td>0.00%</td>
    <td>非同一 控制下合并</td>
  </tr>
  <tr>
    <td>上海东富 龙拓溥科 技有限公 司</td>
    <td>1,500,000. 00美元</td>
    <td>上海市金山区金争路69号</td>
    <td>上海市金山区金争路69号1幢1 层C区</td>
    <td>生产销 售</td>
    <td>70.00%</td>
    <td>0.00%</td>
    <td>设立或 投资</td>
  </tr>
  <tr>
    <td>上海东富 龙制药设 备工程有限公司</td>
    <td>148,000,00 0.00元</td>
    <td>上海市奉贤区沪杭公路1377号</td>
    <td>上海市奉贤区沪杭公路1377号1 幢一层</td>
    <td>生产销 售</td>
    <td>100.00%</td>
    <td>0.00%</td>
    <td>非同一 控制下合并</td>
  </tr>
  <tr>
    <td>上海东富龙医疗科</td>
    <td>500,000,00 0.00元</td>
    <td>上海市闵行区都会路139号</td>
    <td>上海市闵行区都会路139号1幢1</td>
    <td>生产销 售</td>
    <td>100.00%</td>
    <td>0.00%</td>
    <td>设立或 投资</td>
  </tr>
  <tr>
    <td>技产业发展有限公司</td>
    <td></td>
    <td></td>
    <td>楼A区</td>
    <td></td>
    <td></td>
    <td></td>
    <td></td>
  </tr>
  <tr>
    <td>上海东富龙信息技术有限公司</td>
    <td>30,000,000.00元</td>
    <td>上海市闵行区都会路139号</td>
    <td>上海市闵行区都会路139号1幢3楼A区</td>
    <td>软件开 发、销售</td>
    <td>0.00%</td>
    <td>100.00%</td>
    <td>非同一 控制下合并</td>
  </tr>
  <tr>
    <td>东富龙生命科技有限公司</td>
    <td>150,000,00 0.00元</td>
    <td>上海市闵行区都会路139号</td>
    <td>上海市闵行区都会路139号1幢5楼；4幢3楼丙区</td>
    <td>生产销 售</td>
    <td>0.00%</td>
    <td>100.00%</td>
    <td>设立或 投资</td>
  </tr>
  <tr>
    <td>上海涵欧制药设备有限公司</td>
    <td>8,333,333. 00元</td>
    <td>上海市闵行区放鹤路2199号</td>
    <td>上海市奉贤区西 闸公路339号 306、307、308室</td>
    <td>生产销 售</td>
    <td>100.00%</td>
    <td>0.00%</td>
    <td>非同一 控制下合并</td>
  </tr>
  <tr>
    <td>上海承欢轻工机械有限公司</td>
    <td>24,735,000.00元</td>
    <td>上海市奉贤区沪杭公路1377号</td>
    <td>上海市奉贤区奉城镇洪朱路2803 号</td>
    <td>生产销 售</td>
    <td>51.00%</td>
    <td>0.00%</td>
    <td>非同一 控制下合并</td>
  </tr>
  <tr>
    <td>上海东富龙海崴生物科技有限公司</td>
    <td>50,000,000.00元</td>
    <td>上海市金山工业区金流路399号</td>
    <td>上海市金山工业区金流路399号1幢</td>
    <td>生产销 售</td>
    <td>87.70%</td>
    <td>0.00%</td>
    <td>非同一 控制下合并</td>
  </tr>
  <tr>
    <td>上海涌前智能装备有限公司</td>
    <td>10,000,000.00元</td>
    <td>上海市奉贤区沪杭公路1377号1幢三层</td>
    <td>上海市奉贤区沪杭公路1377号1 幢三层</td>
    <td>生产销 售</td>
    <td>0.00%</td>
    <td>70.00%</td>
    <td>设立或 投资</td>
  </tr>
  <tr>
    <td>东富龙俄罗斯有限公司</td>
    <td>1,200,000. 00俄罗斯 卢布</td>
    <td>125196, Moscow, 4th Lesnoy lane 13, Third floor, Apartment I, Rooms 1-5</td>
    <td>4-2 Lgarsky proezd, Moscow, Russia.</td>
    <td>销售</td>
    <td>100.00%</td>
    <td>0.00%</td>
    <td>设立或 投资</td>
  </tr>
  <tr>
    <td>东富龙智能装备制造（江苏）有限公司</td>
    <td>300,000,00 0.00元</td>
    <td>东台经济开发区人民路366号</td>
    <td>东台经济开发区 人民路366号</td>
    <td>生产销 售</td>
    <td>100.00%</td>
    <td>0.00%</td>
    <td>设立或 投资</td>
  </tr>
  <tr>
    <td>上海东富龙医用包装材料有限公司</td>
    <td>30,000,000.00元</td>
    <td>上海市闵行区都会路139号4幢3层乙区</td>
    <td>上海市闵行区都会路139号4幢3层乙区</td>
    <td>生产销 售</td>
    <td>0.00%</td>
    <td>100.00%</td>
    <td>设立或 投资</td>
  </tr>
  <tr>
    <td>东富龙包装技术（江苏）有限公司</td>
    <td>20,000,000.00元</td>
    <td>东台经济开发区人民路366号</td>
    <td>东台经济开发区 人民路366号</td>
    <td>生产销 售</td>
    <td>0.00%</td>
    <td>100.00%</td>
    <td>设立或 投资</td>
  </tr>
  <tr>
    <td>河南东富龙医用包装材料有限公司</td>
    <td>20,000,000.00元</td>
    <td>郑州航空港经济综合实验区黄海路与生物科技二街交叉口东北角郑州临空生物医药园16号楼</td>
    <td>郑州航空港经济 综合实验区黄海路与生物科技二街交叉口东北角郑州临空生物医药园16号楼</td>
    <td>生产销 售</td>
    <td>100.00%</td>
    <td>0.00%</td>
    <td>设立或 投资</td>
  </tr>
  <tr>
    <td>四川东富龙药用包装材料有</td>
    <td>20,000,000.00元</td>
    <td>成都天府国际生物城（双流区凤凰路618号）</td>
    <td>成都天府国际生物城（双流区凤 凰路618号）</td>
    <td>生产销 售</td>
    <td>100.00%</td>
    <td>0.00%</td>
    <td>设立或 投资</td>
  </tr>
  <tr>
    <td>限公司</td>
    <td></td>
    <td></td>
    <td></td>
    <td></td>
    <td></td>
    <td></td>
    <td></td>
  </tr>
  <tr>
    <td>上海东富龙生物试剂有限公司</td>
    <td>20,000,000.00元</td>
    <td>上海市闵行区都会路139号4幢2楼甲区</td>
    <td>上海市闵行区都会路139号4幢2楼甲区</td>
    <td>生产销 售</td>
    <td>0.00%</td>
    <td>100.00%</td>
    <td>设立或 投资</td>
  </tr>
  <tr>
    <td>嘉兴千纯生物科技有限公司</td>
    <td>10,204,000.00元</td>
    <td>浙江省嘉兴市平湖经济技术开发区新兴二路988号6幢3楼西侧</td>
    <td>浙江省嘉兴市平 湖经济技术开发区新兴二路988号6幢3楼西侧</td>
    <td>生产销 售</td>
    <td>0.00%</td>
    <td>51.00%</td>
    <td>非同一 控制下合并</td>
  </tr>
  <tr>
    <td>東富龍香港有限公司</td>
    <td>10,000.00 港元</td>
    <td>香港观塘区观塘道348号宏利坊6楼</td>
    <td>香港观塘区观塘 道348号宏利坊6楼</td>
    <td>销售</td>
    <td>100.00%</td>
    <td>0.00%</td>
    <td>设立或 投资</td>
  </tr>
  <tr>
    <td>浙江东富龙生物技术有限公司</td>
    <td>200,000,00 0.00元</td>
    <td>浙江省杭州市钱塘新区下沙街道和享科技中心 21幢621室</td>
    <td>浙江省杭州市钱塘新区下沙街道和享科技中心21 幢621室</td>
    <td>生产销 售</td>
    <td>100.00%</td>
    <td>0.00%</td>
    <td>设立或 投资</td>
  </tr>
  <tr>
    <td>东富龙（印尼）有限责任公司</td>
    <td>10,000,000,000.00印 尼盾</td>
    <td>Talavera Office Park Lt.21 Suite #05, JI.TB. Simatupang Kav.22-26, Kel.</td>
    <td>Talavera Office Park Lt.21 Suite #05, JI.TB. Simatupang Kav.22-26, Kel.Cilandak Barat, Kec Cilandak,Kota Adm, Jakata Selatan, Provinsi DKI Jakarta</td>
    <td>售后服 务</td>
    <td>99.00%</td>
    <td>1.00%</td>
    <td>设立或 投资</td>
  </tr>
  <tr>
    <td>东富龙土耳其机械贸易有限公司</td>
    <td>10,000.00土耳其里 拉</td>
    <td>Esentepe Mah.Harman 1 Sk.Duran Is Merkezi Blok NO:4/8 SISL</td>
    <td>Esentepe Mah.Harman 1 Sk.Duran Is Merkezi Blok NO:4/8 SISL</td>
    <td>售后服 务</td>
    <td>100.00%</td>
    <td>0.00%</td>
    <td>设立或 投资</td>
  </tr>
  <tr>
    <td>东富龙（澳大利亚）私人有限公司</td>
    <td>10,000.00 澳大利亚 元</td>
    <td>Suite 509, Level 5,379-383 Pitt Street, Sydney NSW 2000</td>
    <td>Suite 509, Level 5,379-383 Pitt Street, Sydney NSW 2000</td>
    <td>售后服 务</td>
    <td>100.00%</td>
    <td>0.00%</td>
    <td>设立或 投资</td>
  </tr>
  <tr>
    <td>东富龙（迪拜）有限公司</td>
    <td>367,000.00 阿联酋迪 拉姆</td>
    <td>Unit No:778 DMCC Business Centre Level No.1 Jewellery & Gemplex 3 Dubai United Arab Emirates</td>
    <td>Unit No:778 DMCC Business Centre Level No.1 Jewellery & Gemplex 3 Dubai United Arab Emirates</td>
    <td>售后服 务</td>
    <td>100.00%</td>
    <td>0.00%</td>
    <td>设立或 投资</td>
  </tr>
  <tr>
    <td>东富龙（越南）有限公司</td>
    <td>100,000.00 美元</td>
    <td>7th Floor,PDD Office Building,No 162 Pasteur street,Ben Nghe Ward,District 1,Ho Chi Minh City,Vietnam</td>
    <td>2 / F, River View Building, 1119 Tran Kheng Road, 05 Shek Ka Road, Ho Chi Minh City, Vietnam</td>
    <td>售后服 务</td>
    <td>100.00%</td>
    <td>0.00%</td>
    <td>设立或 投资</td>
  </tr>
  <tr>
    <td>东富龙（南非）私人公司</td>
    <td>10,000.00 南非兰特</td>
    <td>27 Newmark Estate Silver LakesRoad,Pretoria,Ga uteng,0081</td>
    <td>27 Newmark Estate Silver Lakes Road,Pretoria,Gauteng,0081</td>
    <td>售后服 务</td>
    <td>100.00%</td>
    <td>0.00%</td>
    <td>设立或 投资</td>
  </tr>
  <tr>
    <td>江苏辉河包装机械有限公司</td>
    <td>12,367,925.00元</td>
    <td>东台经济开发区人民路366号</td>
    <td>东台经济开发区 人民路366号</td>
    <td>生产销 售</td>
    <td>51.00%</td>
    <td>0.00%</td>
    <td>非同一 控制下 合并</td>
  </tr>
  <tr>
    <td>东富龙千纯生物科技（上海）有限公司</td>
    <td>50,000,000.00元</td>
    <td>上海市化学工业区目华路201号1幢20层2012室</td>
    <td>上海市化学工业区目华路201号1幢20层2012室</td>
    <td>生产销 售</td>
    <td>0.00%</td>
    <td>51.00%</td>
    <td>设立或 投资</td>
  </tr>
  <tr>
    <td>东富龙日本株式会社</td>
    <td>8,000,000. 00日元</td>
    <td>2-10-3,Misono-Chou,Yao- City,Osaka 581- 0818,Japan</td>
    <td>2-10-3,Misono- Chou,Yao- City,Osaka581-0818,Japan</td>
    <td>销售</td>
    <td>100.00%</td>
    <td>0.00%</td>
    <td>设立或 投资</td>
  </tr>
  <tr>
    <td>东富龙包装设备制造（江苏）有限公司</td>
    <td>20,000,000.00元</td>
    <td>东台经济开发区人民路366号</td>
    <td>东台经济开发区 人民路366号</td>
    <td>生产销 售</td>
    <td>100.00%</td>
    <td>0.00%</td>
    <td>新设</td>
  </tr>
  <tr>
    <td>上海东富龙检测技术有限公司</td>
    <td>10,000,000.00元</td>
    <td>上海市闵行区都会路139号1幢1楼C区</td>
    <td>上海市闵行区都会路139号1幢1楼C区</td>
    <td>生产销 售</td>
    <td>100.00%</td>
    <td>0.00%</td>
    <td>新设</td>
  </tr>
  <tr>
    <td>江苏承欢轻工机械有限公司</td>
    <td>20,000,000.00元</td>
    <td>东台经济开发区人民路366号</td>
    <td>东台经济开发区 人民路366号</td>
    <td>生产销 售</td>
    <td>0.00%</td>
    <td>100.00%</td>
    <td>新设</td>
  </tr>
  <tr>
    <td>东富龙水技术工程（上海）有限公司</td>
    <td>30,000,000.00元</td>
    <td>上海市金山区金争路69号1幢2层</td>
    <td>上海市金山区金争路69号1幢2 层</td>
    <td>生产销 售</td>
    <td>0.00%</td>
    <td>55.00%</td>
    <td>合资新 设</td>
  </tr>
  <tr>
    <td>东富龙派轲瑞自动化科技（上海）有限公司</td>
    <td>39,998,680.00元</td>
    <td>上海市闵行区都会路139号1幢四层B区</td>
    <td>上海市闵行区都 会路139号1幢四层B区</td>
    <td>生产销 售</td>
    <td>0.00%</td>
    <td>60.00%</td>
    <td>合资新 设</td>
  </tr>
  <tr>
    <td>东富龙（德国）有限公司</td>
    <td>200,000.00 欧元</td>
    <td>Amselweg 15,73765 Neuhausen auf den Fildern</td>
    <td>Amselweg 15,73765 Neuhausen auf den Fildern</td>
    <td>销售</td>
    <td>100.00%</td>
    <td>0.00%</td>
    <td>新设</td>
  </tr>
  <tr>
    <td>东富龙AND CIMA（巴拿马）</td>
    <td>10,000.00 美元</td>
    <td>Panama City</td>
    <td>Panama City</td>
    <td>销售</td>
    <td>70.00%</td>
    <td>0.00%</td>
    <td>新设</td>
  </tr>
  <tr>
    <td>东富龙新加坡有限公司</td>
    <td>10,000.00新加坡元</td>
    <td>111 North Bridge Road #29-06A Peninsula Plaza Singapore (179098)</td>
    <td>111 North Bridge Road #29-06A Peninsula Plaza Singapore (179098)</td>
    <td>销售与 售后服务</td>
    <td>100.00%</td>
    <td>0.00%</td>
    <td>新设</td>
  </tr>
  <tr>
    <td>东富龙意达有限公司</td>
    <td>500,000.00 欧元</td>
    <td>Via M. Buonarroti,43 - 28060 San Pietro Mosezzo, Fraz. Nibbia (NO)Italy</td>
    <td>San Pietro Mosezzo (No) Via Michelangelo Buonarroti 43 Cap 28060 Frazione:Nibbia</td>
    <td>生产销 售</td>
    <td>75.00%</td>
    <td>0.00%</td>
    <td>新设</td>
  </tr>
  <tr>
    <td>Pharmatec h Srl</td>
    <td>10,000.00 欧元</td>
    <td>Via Emilia 15, 24052 Azzano San Paolo( BG)</td>
    <td>Via Vincenzo Bellini 49, 24129 Bergamo (BG)</td>
    <td>销售与 售后服 务</td>
    <td>0.00%</td>
    <td>100.00%</td>
    <td>非同一 控制下合并</td>
  </tr>
  <tr>
    <td>Renggli.A G</td>
    <td>500,000.00 瑞士法郎</td>
    <td>Birkenstrasse 31 6343 Rotkreuz</td>
    <td>Birkenstrasse 31 6343 Rotkreuz</td>
    <td>生产销 售</td>
    <td>0.00%</td>
    <td>100.00%</td>
    <td>非同一 控制下 合并</td>
  </tr>
  <tr>
    <td>赛普（杭州）过滤科技有限公司</td>
    <td>4,190,211.0 0元</td>
    <td>浙江省杭州市钱塘区下沙街道银海科创中心17 幢101室</td>
    <td>浙江省杭州市钱塘区下沙街道银海科创中心17幢 101室</td>
    <td>生产销 售</td>
    <td>0.00%</td>
    <td>52.00%</td>
    <td>非同一 控制下 合并</td>
  </tr>
  <tr>
    <td>东之恒（杭州）工程技术有限公司</td>
    <td>10,000,000.00元</td>
    <td>浙江省杭州市钱塘区下沙街道福城路400号2幢309室</td>
    <td>浙江省杭州市钱 塘区下沙街道福城路400号2幢309室</td>
    <td>设计、 施工</td>
    <td>0.00%</td>
    <td>51.00%</td>
    <td>非同一 控制下 合并</td>
  </tr>
  <tr>
    <td>东富龙（广州）生命科学研究有限公司</td>
    <td>20,000,000.00元</td>
    <td>广州市黄埔区科学大道60号 909单元</td>
    <td>广州市黄埔区科学大道60号909 单元</td>
    <td>研发</td>
    <td>0.00%</td>
    <td>100.00%</td>
    <td>新设</td>
  </tr>
  <tr>
    <td>上海东富龙设备服务有限公司</td>
    <td>50,000,000.00元</td>
    <td>上海市闵行区都会路139号1幢1层B区</td>
    <td>上海市闵行区都会路139号1幢1层B区</td>
    <td>售后服 务</td>
    <td>100.00%</td>
    <td>0.00%</td>
    <td>新设</td>
  </tr>
</table>

> Note: merged cells detected, rendered as HTML table.

---
## 企业集团的构成

单位：元

<table id='19c13115ccc96aeec3f5801d829d7647' titleId='19c13115ccc96aeec3f5801d829d7647' headId='19c13115ccc96aeec3f5801d829d7647'>
  <tr>
    <td rowspan=""2"">子公司名称</td>
    <td rowspan=""2"">注册资本</td>
    <td rowspan=""2"">主要经营地</td>
    <td rowspan=""2"">注册地</td>
    <td rowspan=""2"">业务性质</td>
    <td colspan=""2"">持股比例</td>
    <td rowspan=""2"">取得方式</td>
  </tr>
  <tr>
    <td>直接</td>
    <td>间接</td>
  </tr>
  <tr>
    <td>上海共和 真空技术</td>
    <td>350,000.00 美元</td>
    <td>上海市闵行区都会路1509号</td>
    <td>上海市闵行区都会路1509号2幢</td>
    <td>生产销 售</td>
    <td>51.00%</td>
    <td>0.00%</td>
    <td>非同一 控制下</td>
  </tr>
  <tr>
    <td>有限公司</td>
    <td></td>
    <td></td>
    <td>1楼</td>
    <td></td>
    <td></td>
    <td></td>
    <td>合并</td>
  </tr>
  <tr>
    <td>东富龙 （美国）有限责任 公司</td>
    <td>200,000.00 美元</td>
    <td>955 s. Springfield Avenue, First Floor, Building A， Springfield， New Jersey ,07081</td>
    <td>Jans Carlowood Street, New York, USA</td>
    <td>销售</td>
    <td>100.00%</td>
    <td>0.00%</td>
    <td>设立或 投资</td>
  </tr>
  <tr>
    <td>上海东富 龙制药设 备制造有 限公司</td>
    <td>120,000,00 0.00元</td>
    <td>上海市金山区金流路399号</td>
    <td>上海市金山区金 流路399号</td>
    <td>生产销 售</td>
    <td>100.00%</td>
    <td>0.00%</td>
    <td>设立或 投资</td>
  </tr>
  <tr>
    <td>上海东富 龙智能工 程有限公司</td>
    <td>100,000,00 0.00元</td>
    <td>上海市闵行区都会路139号</td>
    <td>上海市闵行区东 川路555号丙楼5106室</td>
    <td>软件开 发</td>
    <td>100.00%</td>
    <td>0.00%</td>
    <td>设立或 投资</td>
  </tr>
  <tr>
    <td>上海东富 龙德惠空 调设备有 限公司</td>
    <td>70,000,000.00元</td>
    <td>上海市奉贤区沪杭公路1377号</td>
    <td>上海市奉贤区沪杭公路1377号3 幢</td>
    <td>生产销 售</td>
    <td>100.00%</td>
    <td>0.00%</td>
    <td>设立或 投资</td>
  </tr>
  <tr>
    <td>上海东富 龙德惠净 化空调工 程安装有限公司</td>
    <td>100,000,00 0.00元</td>
    <td>上海市奉贤区沪杭公路1377号</td>
    <td>上海市奉贤区沪杭公路1377号1 幢二层</td>
    <td>设计、 施工</td>
    <td>0.00%</td>
    <td>100.00%</td>
    <td>设立或 投资</td>
  </tr>
  <tr>
    <td>东富龙 （印度）私人有限 公司</td>
    <td>4,500,000. 00印度卢 比</td>
    <td>Plot no.22,Sy No.276 to 280,Pashamylara m,Industrial area,Patancheru Mandal,Sangared dy,Hyderabad,Te langana,India</td>
    <td>169, Zodiac Royal Palm, Room 406, East Goregaon, Aarey Milk Colony, Maharashtra, India.</td>
    <td>生产销 售</td>
    <td>100.00%</td>
    <td>0.00%</td>
    <td>设立或 投资</td>
  </tr>
  <tr>
    <td>上海东富龙爱瑞思 科技有限 公司</td>
    <td>1,500,000. 00美元</td>
    <td>上海市闵行区都会路139号</td>
    <td>上海市闵行区放鹤路2199号第1 幢A区</td>
    <td>生产销 售</td>
    <td>70.00%</td>
    <td>0.00%</td>
    <td>设立或 投资</td>
  </tr>
  <tr>
    <td>东富龙包 装技术 （上海）有限公司</td>
    <td>5,776,976. 00元</td>
    <td>上海市闵行区都会路139号</td>
    <td>上海市闵行区都会路1509号3幢 1层B区</td>
    <td>生产销 售</td>
    <td>100.00%</td>
    <td>0.00%</td>
    <td>非同一 控制下合并</td>
  </tr>
  <tr>
    <td>上海东富 龙拓溥科 技有限公 司</td>
    <td>1,500,000. 00美元</td>
    <td>上海市金山区金争路69号</td>
    <td>上海市金山区金争路69号1幢1 层C区</td>
    <td>生产销 售</td>
    <td>70.00%</td>
    <td>0.00%</td>
    <td>设立或 投资</td>
  </tr>
  <tr>
    <td>上海东富 龙制药设 备工程有限公司</td>
    <td>148,000,00 0.00元</td>
    <td>上海市奉贤区沪杭公路1377号</td>
    <td>上海市奉贤区沪杭公路1377号1 幢一层</td>
    <td>生产销 售</td>
    <td>100.00%</td>
    <td>0.00%</td>
    <td>非同一 控制下合并</td>
  </tr>
  <tr>
    <td>上海东富龙医疗科</td>
    <td>500,000,00 0.00元</td>
    <td>上海市闵行区都会路139号</td>
    <td>上海市闵行区都会路139号1幢1</td>
    <td>生产销 售</td>
    <td>100.00%</td>
    <td>0.00%</td>
    <td>设立或 投资</td>
  </tr>
  <tr>
    <td>技产业发展有限公司</td>
    <td></td>
    <td></td>
    <td>楼A区</td>
    <td></td>
    <td></td>
    <td></td>
    <td></td>
  </tr>
  <tr>
    <td>上海东富龙信息技术有限公司</td>
    <td>30,000,000.00元</td>
    <td>上海市闵行区都会路139号</td>
    <td>上海市闵行区都会路139号1幢3楼A区</td>
    <td>软件开 发、销售</td>
    <td>0.00%</td>
    <td>100.00%</td>
    <td>非同一 控制下合并</td>
  </tr>
  <tr>
    <td>东富龙生命科技有限公司</td>
    <td>150,000,00 0.00元</td>
    <td>上海市闵行区都会路139号</td>
    <td>上海市闵行区都会路139号1幢5楼；4幢3楼丙区</td>
    <td>生产销 售</td>
    <td>0.00%</td>
    <td>100.00%</td>
    <td>设立或 投资</td>
  </tr>
  <tr>
    <td>上海涵欧制药设备有限公司</td>
    <td>8,333,333. 00元</td>
    <td>上海市闵行区放鹤路2199号</td>
    <td>上海市奉贤区西 闸公路339号 306、307、308室</td>
    <td>生产销 售</td>
    <td>100.00%</td>
    <td>0.00%</td>
    <td>非同一 控制下合并</td>
  </tr>
  <tr>
    <td>上海承欢轻工机械有限公司</td>
    <td>24,735,000.00元</td>
    <td>上海市奉贤区沪杭公路1377号</td>
    <td>上海市奉贤区奉城镇洪朱路2803 号</td>
    <td>生产销 售</td>
    <td>51.00%</td>
    <td>0.00%</td>
    <td>非同一 控制下合并</td>
  </tr>
  <tr>
    <td>上海东富龙海崴生物科技有限公司</td>
    <td>50,000,000.00元</td>
    <td>上海市金山工业区金流路399号</td>
    <td>上海市金山工业区金流路399号1幢</td>
    <td>生产销 售</td>
    <td>87.70%</td>
    <td>0.00%</td>
    <td>非同一 控制下合并</td>
  </tr>
  <tr>
    <td>上海涌前智能装备有限公司</td>
    <td>10,000,000.00元</td>
    <td>上海市奉贤区沪杭公路1377号1幢三层</td>
    <td>上海市奉贤区沪杭公路1377号1 幢三层</td>
    <td>生产销 售</td>
    <td>0.00%</td>
    <td>70.00%</td>
    <td>设立或 投资</td>
  </tr>
  <tr>
    <td>东富龙俄罗斯有限公司</td>
    <td>1,200,000. 00俄罗斯 卢布</td>
    <td>125196, Moscow, 4th Lesnoy lane 13, Third floor, Apartment I, Rooms 1-5</td>
    <td>4-2 Lgarsky proezd, Moscow, Russia.</td>
    <td>销售</td>
    <td>100.00%</td>
    <td>0.00%</td>
    <td>设立或 投资</td>
  </tr>
  <tr>
    <td>东富龙智能装备制造（江苏）有限公司</td>
    <td>300,000,00 0.00元</td>
    <td>东台经济开发区人民路366号</td>
    <td>东台经济开发区 人民路366号</td>
    <td>生产销 售</td>
    <td>100.00%</td>
    <td>0.00%</td>
    <td>设立或 投资</td>
  </tr>
  <tr>
    <td>上海东富龙医用包装材料有限公司</td>
    <td>30,000,000.00元</td>
    <td>上海市闵行区都会路139号4幢3层乙区</td>
    <td>上海市闵行区都会路139号4幢3层乙区</td>
    <td>生产销 售</td>
    <td>0.00%</td>
    <td>100.00%</td>
    <td>设立或 投资</td>
  </tr>
  <tr>
    <td>东富龙包装技术（江苏）有限公司</td>
    <td>20,000,000.00元</td>
    <td>东台经济开发区人民路366号</td>
    <td>东台经济开发区 人民路366号</td>
    <td>生产销 售</td>
    <td>0.00%</td>
    <td>100.00%</td>
    <td>设立或 投资</td>
  </tr>
  <tr>
    <td>河南东富龙医用包装材料有限公司</td>
    <td>20,000,000.00元</td>
    <td>郑州航空港经济综合实验区黄海路与生物科技二街交叉口东北角郑州临空生物医药园16号楼</td>
    <td>郑州航空港经济 综合实验区黄海路与生物科技二街交叉口东北角郑州临空生物医药园16号楼</td>
    <td>生产销 售</td>
    <td>100.00%</td>
    <td>0.00%</td>
    <td>设立或 投资</td>
  </tr>
  <tr>
    <td>四川东富龙药用包装材料有</td>
    <td>20,000,000.00元</td>
    <td>成都天府国际生物城（双流区凤凰路618号）</td>
    <td>成都天府国际生物城（双流区凤 凰路618号）</td>
    <td>生产销 售</td>
    <td>100.00%</td>
    <td>0.00%</td>
    <td>设立或 投资</td>
  </tr>
  <tr>
    <td>限公司</td>
    <td></td>
    <td></td>
    <td></td>
    <td></td>
    <td></td>
    <td></td>
    <td></td>
  </tr>
  <tr>
    <td>上海东富龙生物试剂有限公司</td>
    <td>20,000,000.00元</td>
    <td>上海市闵行区都会路139号4幢2楼甲区</td>
    <td>上海市闵行区都会路139号4幢2楼甲区</td>
    <td>生产销 售</td>
    <td>0.00%</td>
    <td>100.00%</td>
    <td>设立或 投资</td>
  </tr>
  <tr>
    <td>嘉兴千纯生物科技有限公司</td>
    <td>10,204,000.00元</td>
    <td>浙江省嘉兴市平湖经济技术开发区新兴二路988号6幢3楼西侧</td>
    <td>浙江省嘉兴市平 湖经济技术开发区新兴二路988号6幢3楼西侧</td>
    <td>生产销 售</td>
    <td>0.00%</td>
    <td>51.00%</td>
    <td>非同一 控制下合并</td>
  </tr>
  <tr>
    <td>東富龍香港有限公司</td>
    <td>10,000.00 港元</td>
    <td>香港观塘区观塘道348号宏利坊6楼</td>
    <td>香港观塘区观塘 道348号宏利坊6楼</td>
    <td>销售</td>
    <td>100.00%</td>
    <td>0.00%</td>
    <td>设立或 投资</td>
  </tr>
  <tr>
    <td>浙江东富龙生物技术有限公司</td>
    <td>200,000,00 0.00元</td>
    <td>浙江省杭州市钱塘新区下沙街道和享科技中心 21幢621室</td>
    <td>浙江省杭州市钱塘新区下沙街道和享科技中心21 幢621室</td>
    <td>生产销 售</td>
    <td>100.00%</td>
    <td>0.00%</td>
    <td>设立或 投资</td>
  </tr>
  <tr>
    <td>东富龙（印尼）有限责任公司</td>
    <td>10,000,000,000.00印 尼盾</td>
    <td>Talavera Office Park Lt.21 Suite #05, JI.TB. Simatupang Kav.22-26, Kel.</td>
    <td>Talavera Office Park Lt.21 Suite #05, JI.TB. Simatupang Kav.22-26, Kel.Cilandak Barat, Kec Cilandak,Kota Adm, Jakata Selatan, Provinsi DKI Jakarta</td>
    <td>售后服 务</td>
    <td>99.00%</td>
    <td>1.00%</td>
    <td>设立或 投资</td>
  </tr>
  <tr>
    <td>东富龙土耳其机械贸易有限公司</td>
    <td>10,000.00土耳其里 拉</td>
    <td>Esentepe Mah.Harman 1 Sk.Duran Is Merkezi Blok NO:4/8 SISL</td>
    <td>Esentepe Mah.Harman 1 Sk.Duran Is Merkezi Blok NO:4/8 SISL</td>
    <td>售后服 务</td>
    <td>100.00%</td>
    <td>0.00%</td>
    <td>设立或 投资</td>
  </tr>
  <tr>
    <td>东富龙（澳大利亚）私人有限公司</td>
    <td>10,000.00 澳大利亚 元</td>
    <td>Suite 509, Level 5,379-383 Pitt Street, Sydney NSW 2000</td>
    <td>Suite 509, Level 5,379-383 Pitt Street, Sydney NSW 2000</td>
    <td>售后服 务</td>
    <td>100.00%</td>
    <td>0.00%</td>
    <td>设立或 投资</td>
  </tr>
  <tr>
    <td>东富龙（迪拜）有限公司</td>
    <td>367,000.00 阿联酋迪 拉姆</td>
    <td>Unit No:778 DMCC Business Centre Level No.1 Jewellery & Gemplex 3 Dubai United Arab Emirates</td>
    <td>Unit No:778 DMCC Business Centre Level No.1 Jewellery & Gemplex 3 Dubai United Arab Emirates</td>
    <td>售后服 务</td>
    <td>100.00%</td>
    <td>0.00%</td>
    <td>设立或 投资</td>
  </tr>
  <tr>
    <td>东富龙（越南）有限公司</td>
    <td>100,000.00 美元</td>
    <td>7th Floor,PDD Office Building,No 162 Pasteur street,Ben Nghe Ward,District 1,Ho Chi Minh City,Vietnam</td>
    <td>2 / F, River View Building, 1119 Tran Kheng Road, 05 Shek Ka Road, Ho Chi Minh City, Vietnam</td>
    <td>售后服 务</td>
    <td>100.00%</td>
    <td>0.00%</td>
    <td>设立或 投资</td>
  </tr>
  <tr>
    <td>东富龙（南非）私人公司</td>
    <td>10,000.00 南非兰特</td>
    <td>27 Newmark Estate Silver LakesRoad,Pretoria,Ga uteng,0081</td>
    <td>27 Newmark Estate Silver Lakes Road,Pretoria,Gauteng,0081</td>
    <td>售后服 务</td>
    <td>100.00%</td>
    <td>0.00%</td>
    <td>设立或 投资</td>
  </tr>
  <tr>
    <td>江苏辉河包装机械有限公司</td>
    <td>12,367,925.00元</td>
    <td>东台经济开发区人民路366号</td>
    <td>东台经济开发区 人民路366号</td>
    <td>生产销 售</td>
    <td>51.00%</td>
    <td>0.00%</td>
    <td>非同一 控制下 合并</td>
  </tr>
  <tr>
    <td>东富龙千纯生物科技（上海）有限公司</td>
    <td>50,000,000.00元</td>
    <td>上海市化学工业区目华路201号1幢20层2012室</td>
    <td>上海市化学工业区目华路201号1幢20层2012室</td>
    <td>生产销 售</td>
    <td>0.00%</td>
    <td>51.00%</td>
    <td>设立或 投资</td>
  </tr>
  <tr>
    <td>东富龙日本株式会社</td>
    <td>8,000,000. 00日元</td>
    <td>2-10-3,Misono-Chou,Yao- City,Osaka 581- 0818,Japan</td>
    <td>2-10-3,Misono- Chou,Yao- City,Osaka581-0818,Japan</td>
    <td>销售</td>
    <td>100.00%</td>
    <td>0.00%</td>
    <td>设立或 投资</td>
  </tr>
  <tr>
    <td>东富龙包装设备制造（江苏）有限公司</td>
    <td>20,000,000.00元</td>
    <td>东台经济开发区人民路366号</td>
    <td>东台经济开发区 人民路366号</td>
    <td>生产销 售</td>
    <td>100.00%</td>
    <td>0.00%</td>
    <td>新设</td>
  </tr>
  <tr>
    <td>上海东富龙检测技术有限公司</td>
    <td>10,000,000.00元</td>
    <td>上海市闵行区都会路139号1幢1楼C区</td>
    <td>上海市闵行区都会路139号1幢1楼C区</td>
    <td>生产销 售</td>
    <td>100.00%</td>
    <td>0.00%</td>
    <td>新设</td>
  </tr>
  <tr>
    <td>江苏承欢轻工机械有限公司</td>
    <td>20,000,000.00元</td>
    <td>东台经济开发区人民路366号</td>
    <td>东台经济开发区 人民路366号</td>
    <td>生产销 售</td>
    <td>0.00%</td>
    <td>100.00%</td>
    <td>新设</td>
  </tr>
  <tr>
    <td>东富龙水技术工程（上海）有限公司</td>
    <td>30,000,000.00元</td>
    <td>上海市金山区金争路69号1幢2层</td>
    <td>上海市金山区金争路69号1幢2 层</td>
    <td>生产销 售</td>
    <td>0.00%</td>
    <td>55.00%</td>
    <td>合资新 设</td>
  </tr>
  <tr>
    <td>东富龙派轲瑞自动化科技（上海）有限公司</td>
    <td>39,998,680.00元</td>
    <td>上海市闵行区都会路139号1幢四层B区</td>
    <td>上海市闵行区都 会路139号1幢四层B区</td>
    <td>生产销 售</td>
    <td>0.00%</td>
    <td>60.00%</td>
    <td>合资新 设</td>
  </tr>
  <tr>
    <td>东富龙（德国）有限公司</td>
    <td>200,000.00 欧元</td>
    <td>Amselweg 15,73765 Neuhausen auf den Fildern</td>
    <td>Amselweg 15,73765 Neuhausen auf den Fildern</td>
    <td>销售</td>
    <td>100.00%</td>
    <td>0.00%</td>
    <td>新设</td>
  </tr>
  <tr>
    <td>东富龙AND CIMA（巴拿马）</td>
    <td>10,000.00 美元</td>
    <td>Panama City</td>
    <td>Panama City</td>
    <td>销售</td>
    <td>70.00%</td>
    <td>0.00%</td>
    <td>新设</td>
  </tr>
  <tr>
    <td>东富龙新加坡有限公司</td>
    <td>10,000.00新加坡元</td>
    <td>111 North Bridge Road #29-06A Peninsula Plaza Singapore (179098)</td>
    <td>111 North Bridge Road #29-06A Peninsula Plaza Singapore (179098)</td>
    <td>销售与 售后服务</td>
    <td>100.00%</td>
    <td>0.00%</td>
    <td>新设</td>
  </tr>
  <tr>
    <td>东富龙意达有限公司</td>
    <td>500,000.00 欧元</td>
    <td>Via M. Buonarroti,43 - 28060 San Pietro Mosezzo, Fraz. Nibbia (NO)Italy</td>
    <td>San Pietro Mosezzo (No) Via Michelangelo Buonarroti 43 Cap 28060 Frazione:Nibbia</td>
    <td>生产销 售</td>
    <td>75.00%</td>
    <td>0.00%</td>
    <td>新设</td>
  </tr>
  <tr>
    <td>Pharmatec h Srl</td>
    <td>10,000.00 欧元</td>
    <td>Via Emilia 15, 24052 Azzano San Paolo( BG)</td>
    <td>Via Vincenzo Bellini 49, 24129 Bergamo (BG)</td>
    <td>销售与 售后服 务</td>
    <td>0.00%</td>
    <td>100.00%</td>
    <td>非同一 控制下合并</td>
  </tr>
  <tr>
    <td>Renggli.A G</td>
    <td>500,000.00 瑞士法郎</td>
    <td>Birkenstrasse 31 6343 Rotkreuz</td>
    <td>Birkenstrasse 31 6343 Rotkreuz</td>
    <td>生产销 售</td>
    <td>0.00%</td>
    <td>100.00%</td>
    <td>非同一 控制下 合并</td>
  </tr>
  <tr>
    <td>赛普（杭州）过滤科技有限公司</td>
    <td>4,190,211.0 0元</td>
    <td>浙江省杭州市钱塘区下沙街道银海科创中心17 幢101室</td>
    <td>浙江省杭州市钱塘区下沙街道银海科创中心17幢 101室</td>
    <td>生产销 售</td>
    <td>0.00%</td>
    <td>52.00%</td>
    <td>非同一 控制下 合并</td>
  </tr>
  <tr>
    <td>东之恒（杭州）工程技术有限公司</td>
    <td>10,000,000.00元</td>
    <td>浙江省杭州市钱塘区下沙街道福城路400号2幢309室</td>
    <td>浙江省杭州市钱 塘区下沙街道福城路400号2幢309室</td>
    <td>设计、 施工</td>
    <td>0.00%</td>
    <td>51.00%</td>
    <td>非同一 控制下 合并</td>
  </tr>
  <tr>
    <td>东富龙（广州）生命科学研究有限公司</td>
    <td>20,000,000.00元</td>
    <td>广州市黄埔区科学大道60号 909单元</td>
    <td>广州市黄埔区科学大道60号909 单元</td>
    <td>研发</td>
    <td>0.00%</td>
    <td>100.00%</td>
    <td>新设</td>
  </tr>
  <tr>
    <td>上海东富龙设备服务有限公司</td>
    <td>50,000,000.00元</td>
    <td>上海市闵行区都会路139号1幢1层B区</td>
    <td>上海市闵行区都会路139号1幢1层B区</td>
    <td>售后服 务</td>
    <td>100.00%</td>
    <td>0.00%</td>
    <td>新设</td>
  </tr>
</table>

> Note: merged cells detected, rendered as HTML table.

---
## 企业集团的构成

单位：元

<table id='19c13115ccc96aeec3f5801d829d7647' titleId='19c13115ccc96aeec3f5801d829d7647' headId='19c13115ccc96aeec3f5801d829d7647'>
  <tr>
    <td rowspan=""2"">子公司名称</td>
    <td rowspan=""2"">注册资本</td>
    <td rowspan=""2"">主要经营地</td>
    <td rowspan=""2"">注册地</td>
    <td rowspan=""2"">业务性质</td>
    <td colspan=""2"">持股比例</td>
    <td rowspan=""2"">取得方式</td>
  </tr>
  <tr>
    <td>直接</td>
    <td>间接</td>
  </tr>
  <tr>
    <td>上海共和 真空技术</td>
    <td>350,000.00 美元</td>
    <td>上海市闵行区都会路1509号</td>
    <td>上海市闵行区都会路1509号2幢</td>
    <td>生产销 售</td>
    <td>51.00%</td>
    <td>0.00%</td>
    <td>非同一 控制下</td>
  </tr>
  <tr>
    <td>有限公司</td>
    <td></td>
    <td></td>
    <td>1楼</td>
    <td></td>
    <td></td>
    <td></td>
    <td>合并</td>
  </tr>
  <tr>
    <td>东富龙 （美国）有限责任 公司</td>
    <td>200,000.00 美元</td>
    <td>955 s. Springfield Avenue, First Floor, Building A， Springfield， New Jersey ,07081</td>
    <td>Jans Carlowood Street, New York, USA</td>
    <td>销售</td>
    <td>100.00%</td>
    <td>0.00%</td>
    <td>设立或 投资</td>
  </tr>
  <tr>
    <td>上海东富 龙制药设 备制造有 限公司</td>
    <td>120,000,00 0.00元</td>
    <td>上海市金山区金流路399号</td>
    <td>上海市金山区金 流路399号</td>
    <td>生产销 售</td>
    <td>100.00%</td>
    <td>0.00%</td>
    <td>设立或 投资</td>
  </tr>
  <tr>
    <td>上海东富 龙智能工 程有限公司</td>
    <td>100,000,00 0.00元</td>
    <td>上海市闵行区都会路139号</td>
    <td>上海市闵行区东 川路555号丙楼5106室</td>
    <td>软件开 发</td>
    <td>100.00%</td>
    <td>0.00%</td>
    <td>设立或 投资</td>
  </tr>
  <tr>
    <td>上海东富 龙德惠空 调设备有 限公司</td>
    <td>70,000,000.00元</td>
    <td>上海市奉贤区沪杭公路1377号</td>
    <td>上海市奉贤区沪杭公路1377号3 幢</td>
    <td>生产销 售</td>
    <td>100.00%</td>
    <td>0.00%</td>
    <td>设立或 投资</td>
  </tr>
  <tr>
    <td>上海东富 龙德惠净 化空调工 程安装有限公司</td>
    <td>100,000,00 0.00元</td>
    <td>上海市奉贤区沪杭公路1377号</td>
    <td>上海市奉贤区沪杭公路1377号1 幢二层</td>
    <td>设计、 施工</td>
    <td>0.00%</td>
    <td>100.00%</td>
    <td>设立或 投资</td>
  </tr>
  <tr>
    <td>东富龙 （印度）私人有限 公司</td>
    <td>4,500,000. 00印度卢 比</td>
    <td>Plot no.22,Sy No.276 to 280,Pashamylara m,Industrial area,Patancheru Mandal,Sangared dy,Hyderabad,Te langana,India</td>
    <td>169, Zodiac Royal Palm, Room 406, East Goregaon, Aarey Milk Colony, Maharashtra, India.</td>
    <td>生产销 售</td>
    <td>100.00%</td>
    <td>0.00%</td>
    <td>设立或 投资</td>
  </tr>
  <tr>
    <td>上海东富龙爱瑞思 科技有限 公司</td>
    <td>1,500,000. 00美元</td>
    <td>上海市闵行区都会路139号</td>
    <td>上海市闵行区放鹤路2199号第1 幢A区</td>
    <td>生产销 售</td>
    <td>70.00%</td>
    <td>0.00%</td>
    <td>设立或 投资</td>
  </tr>
  <tr>
    <td>东富龙包 装技术 （上海）有限公司</td>
    <td>5,776,976. 00元</td>
    <td>上海市闵行区都会路139号</td>
    <td>上海市闵行区都会路1509号3幢 1层B区</td>
    <td>生产销 售</td>
    <td>100.00%</td>
    <td>0.00%</td>
    <td>非同一 控制下合并</td>
  </tr>
  <tr>
    <td>上海东富 龙拓溥科 技有限公 司</td>
    <td>1,500,000. 00美元</td>
    <td>上海市金山区金争路69号</td>
    <td>上海市金山区金争路69号1幢1 层C区</td>
    <td>生产销 售</td>
    <td>70.00%</td>
    <td>0.00%</td>
    <td>设立或 投资</td>
  </tr>
  <tr>
    <td>上海东富 龙制药设 备工程有限公司</td>
    <td>148,000,00 0.00元</td>
    <td>上海市奉贤区沪杭公路1377号</td>
    <td>上海市奉贤区沪杭公路1377号1 幢一层</td>
    <td>生产销 售</td>
    <td>100.00%</td>
    <td>0.00%</td>
    <td>非同一 控制下合并</td>
  </tr>
  <tr>
    <td>上海东富龙医疗科</td>
    <td>500,000,00 0.00元</td>
    <td>上海市闵行区都会路139号</td>
    <td>上海市闵行区都会路139号1幢1</td>
    <td>生产销 售</td>
    <td>100.00%</td>
    <td>0.00%</td>
    <td>设立或 投资</td>
  </tr>
  <tr>
    <td>技产业发展有限公司</td>
    <td></td>
    <td></td>
    <td>楼A区</td>
    <td></td>
    <td></td>
    <td></td>
    <td></td>
  </tr>
  <tr>
    <td>上海东富龙信息技术有限公司</td>
    <td>30,000,000.00元</td>
    <td>上海市闵行区都会路139号</td>
    <td>上海市闵行区都会路139号1幢3楼A区</td>
    <td>软件开 发、销售</td>
    <td>0.00%</td>
    <td>100.00%</td>
    <td>非同一 控制下合并</td>
  </tr>
  <tr>
    <td>东富龙生命科技有限公司</td>
    <td>150,000,00 0.00元</td>
    <td>上海市闵行区都会路139号</td>
    <td>上海市闵行区都会路139号1幢5楼；4幢3楼丙区</td>
    <td>生产销 售</td>
    <td>0.00%</td>
    <td>100.00%</td>
    <td>设立或 投资</td>
  </tr>
  <tr>
    <td>上海涵欧制药设备有限公司</td>
    <td>8,333,333. 00元</td>
    <td>上海市闵行区放鹤路2199号</td>
    <td>上海市奉贤区西 闸公路339号 306、307、308室</td>
    <td>生产销 售</td>
    <td>100.00%</td>
    <td>0.00%</td>
    <td>非同一 控制下合并</td>
  </tr>
  <tr>
    <td>上海承欢轻工机械有限公司</td>
    <td>24,735,000.00元</td>
    <td>上海市奉贤区沪杭公路1377号</td>
    <td>上海市奉贤区奉城镇洪朱路2803 号</td>
    <td>生产销 售</td>
    <td>51.00%</td>
    <td>0.00%</td>
    <td>非同一 控制下合并</td>
  </tr>
  <tr>
    <td>上海东富龙海崴生物科技有限公司</td>
    <td>50,000,000.00元</td>
    <td>上海市金山工业区金流路399号</td>
    <td>上海市金山工业区金流路399号1幢</td>
    <td>生产销 售</td>
    <td>87.70%</td>
    <td>0.00%</td>
    <td>非同一 控制下合并</td>
  </tr>
  <tr>
    <td>上海涌前智能装备有限公司</td>
    <td>10,000,000.00元</td>
    <td>上海市奉贤区沪杭公路1377号1幢三层</td>
    <td>上海市奉贤区沪杭公路1377号1 幢三层</td>
    <td>生产销 售</td>
    <td>0.00%</td>
    <td>70.00%</td>
    <td>设立或 投资</td>
  </tr>
  <tr>
    <td>东富龙俄罗斯有限公司</td>
    <td>1,200,000. 00俄罗斯 卢布</td>
    <td>125196, Moscow, 4th Lesnoy lane 13, Third floor, Apartment I, Rooms 1-5</td>
    <td>4-2 Lgarsky proezd, Moscow, Russia.</td>
    <td>销售</td>
    <td>100.00%</td>
    <td>0.00%</td>
    <td>设立或 投资</td>
  </tr>
  <tr>
    <td>东富龙智能装备制造（江苏）有限公司</td>
    <td>300,000,00 0.00元</td>
    <td>东台经济开发区人民路366号</td>
    <td>东台经济开发区 人民路366号</td>
    <td>生产销 售</td>
    <td>100.00%</td>
    <td>0.00%</td>
    <td>设立或 投资</td>
  </tr>
  <tr>
    <td>上海东富龙医用包装材料有限公司</td>
    <td>30,000,000.00元</td>
    <td>上海市闵行区都会路139号4幢3层乙区</td>
    <td>上海市闵行区都会路139号4幢3层乙区</td>
    <td>生产销 售</td>
    <td>0.00%</td>
    <td>100.00%</td>
    <td>设立或 投资</td>
  </tr>
  <tr>
    <td>东富龙包装技术（江苏）有限公司</td>
    <td>20,000,000.00元</td>
    <td>东台经济开发区人民路366号</td>
    <td>东台经济开发区 人民路366号</td>
    <td>生产销 售</td>
    <td>0.00%</td>
    <td>100.00%</td>
    <td>设立或 投资</td>
  </tr>
  <tr>
    <td>河南东富龙医用包装材料有限公司</td>
    <td>20,000,000.00元</td>
    <td>郑州航空港经济综合实验区黄海路与生物科技二街交叉口东北角郑州临空生物医药园16号楼</td>
    <td>郑州航空港经济 综合实验区黄海路与生物科技二街交叉口东北角郑州临空生物医药园16号楼</td>
    <td>生产销 售</td>
    <td>100.00%</td>
    <td>0.00%</td>
    <td>设立或 投资</td>
  </tr>
  <tr>
    <td>四川东富龙药用包装材料有</td>
    <td>20,000,000.00元</td>
    <td>成都天府国际生物城（双流区凤凰路618号）</td>
    <td>成都天府国际生物城（双流区凤 凰路618号）</td>
    <td>生产销 售</td>
    <td>100.00%</td>
    <td>0.00%</td>
    <td>设立或 投资</td>
  </tr>
  <tr>
    <td>限公司</td>
    <td></td>
    <td></td>
    <td></td>
    <td></td>
    <td></td>
    <td></td>
    <td></td>
  </tr>
  <tr>
    <td>上海东富龙生物试剂有限公司</td>
    <td>20,000,000.00元</td>
    <td>上海市闵行区都会路139号4幢2楼甲区</td>
    <td>上海市闵行区都会路139号4幢2楼甲区</td>
    <td>生产销 售</td>
    <td>0.00%</td>
    <td>100.00%</td>
    <td>设立或 投资</td>
  </tr>
  <tr>
    <td>嘉兴千纯生物科技有限公司</td>
    <td>10,204,000.00元</td>
    <td>浙江省嘉兴市平湖经济技术开发区新兴二路988号6幢3楼西侧</td>
    <td>浙江省嘉兴市平 湖经济技术开发区新兴二路988号6幢3楼西侧</td>
    <td>生产销 售</td>
    <td>0.00%</td>
    <td>51.00%</td>
    <td>非同一 控制下合并</td>
  </tr>
  <tr>
    <td>東富龍香港有限公司</td>
    <td>10,000.00 港元</td>
    <td>香港观塘区观塘道348号宏利坊6楼</td>
    <td>香港观塘区观塘 道348号宏利坊6楼</td>
    <td>销售</td>
    <td>100.00%</td>
    <td>0.00%</td>
    <td>设立或 投资</td>
  </tr>
  <tr>
    <td>浙江东富龙生物技术有限公司</td>
    <td>200,000,00 0.00元</td>
    <td>浙江省杭州市钱塘新区下沙街道和享科技中心 21幢621室</td>
    <td>浙江省杭州市钱塘新区下沙街道和享科技中心21 幢621室</td>
    <td>生产销 售</td>
    <td>100.00%</td>
    <td>0.00%</td>
    <td>设立或 投资</td>
  </tr>
  <tr>
    <td>东富龙（印尼）有限责任公司</td>
    <td>10,000,000,000.00印 尼盾</td>
    <td>Talavera Office Park Lt.21 Suite #05, JI.TB. Simatupang Kav.22-26, Kel.</td>
    <td>Talavera Office Park Lt.21 Suite #05, JI.TB. Simatupang Kav.22-26, Kel.Cilandak Barat, Kec Cilandak,Kota Adm, Jakata Selatan, Provinsi DKI Jakarta</td>
    <td>售后服 务</td>
    <td>99.00%</td>
    <td>1.00%</td>
    <td>设立或 投资</td>
  </tr>
  <tr>
    <td>东富龙土耳其机械贸易有限公司</td>
    <td>10,000.00土耳其里 拉</td>
    <td>Esentepe Mah.Harman 1 Sk.Duran Is Merkezi Blok NO:4/8 SISL</td>
    <td>Esentepe Mah.Harman 1 Sk.Duran Is Merkezi Blok NO:4/8 SISL</td>
    <td>售后服 务</td>
    <td>100.00%</td>
    <td>0.00%</td>
    <td>设立或 投资</td>
  </tr>
  <tr>
    <td>东富龙（澳大利亚）私人有限公司</td>
    <td>10,000.00 澳大利亚 元</td>
    <td>Suite 509, Level 5,379-383 Pitt Street, Sydney NSW 2000</td>
    <td>Suite 509, Level 5,379-383 Pitt Street, Sydney NSW 2000</td>
    <td>售后服 务</td>
    <td>100.00%</td>
    <td>0.00%</td>
    <td>设立或 投资</td>
  </tr>
  <tr>
    <td>东富龙（迪拜）有限公司</td>
    <td>367,000.00 阿联酋迪 拉姆</td>
    <td>Unit No:778 DMCC Business Centre Level No.1 Jewellery & Gemplex 3 Dubai United Arab Emirates</td>
    <td>Unit No:778 DMCC Business Centre Level No.1 Jewellery & Gemplex 3 Dubai United Arab Emirates</td>
    <td>售后服 务</td>
    <td>100.00%</td>
    <td>0.00%</td>
    <td>设立或 投资</td>
  </tr>
  <tr>
    <td>东富龙（越南）有限公司</td>
    <td>100,000.00 美元</td>
    <td>7th Floor,PDD Office Building,No 162 Pasteur street,Ben Nghe Ward,District 1,Ho Chi Minh City,Vietnam</td>
    <td>2 / F, River View Building, 1119 Tran Kheng Road, 05 Shek Ka Road, Ho Chi Minh City, Vietnam</td>
    <td>售后服 务</td>
    <td>100.00%</td>
    <td>0.00%</td>
    <td>设立或 投资</td>
  </tr>
  <tr>
    <td>东富龙（南非）私人公司</td>
    <td>10,000.00 南非兰特</td>
    <td>27 Newmark Estate Silver LakesRoad,Pretoria,Ga uteng,0081</td>
    <td>27 Newmark Estate Silver Lakes Road,Pretoria,Gauteng,0081</td>
    <td>售后服 务</td>
    <td>100.00%</td>
    <td>0.00%</td>
    <td>设立或 投资</td>
  </tr>
  <tr>
    <td>江苏辉河包装机械有限公司</td>
    <td>12,367,925.00元</td>
    <td>东台经济开发区人民路366号</td>
    <td>东台经济开发区 人民路366号</td>
    <td>生产销 售</td>
    <td>51.00%</td>
    <td>0.00%</td>
    <td>非同一 控制下 合并</td>
  </tr>
  <tr>
    <td>东富龙千纯生物科技（上海）有限公司</td>
    <td>50,000,000.00元</td>
    <td>上海市化学工业区目华路201号1幢20层2012室</td>
    <td>上海市化学工业区目华路201号1幢20层2012室</td>
    <td>生产销 售</td>
    <td>0.00%</td>
    <td>51.00%</td>
    <td>设立或 投资</td>
  </tr>
  <tr>
    <td>东富龙日本株式会社</td>
    <td>8,000,000. 00日元</td>
    <td>2-10-3,Misono-Chou,Yao- City,Osaka 581- 0818,Japan</td>
    <td>2-10-3,Misono- Chou,Yao- City,Osaka581-0818,Japan</td>
    <td>销售</td>
    <td>100.00%</td>
    <td>0.00%</td>
    <td>设立或 投资</td>
  </tr>
  <tr>
    <td>东富龙包装设备制造（江苏）有限公司</td>
    <td>20,000,000.00元</td>
    <td>东台经济开发区人民路366号</td>
    <td>东台经济开发区 人民路366号</td>
    <td>生产销 售</td>
    <td>100.00%</td>
    <td>0.00%</td>
    <td>新设</td>
  </tr>
  <tr>
    <td>上海东富龙检测技术有限公司</td>
    <td>10,000,000.00元</td>
    <td>上海市闵行区都会路139号1幢1楼C区</td>
    <td>上海市闵行区都会路139号1幢1楼C区</td>
    <td>生产销 售</td>
    <td>100.00%</td>
    <td>0.00%</td>
    <td>新设</td>
  </tr>
  <tr>
    <td>江苏承欢轻工机械有限公司</td>
    <td>20,000,000.00元</td>
    <td>东台经济开发区人民路366号</td>
    <td>东台经济开发区 人民路366号</td>
    <td>生产销 售</td>
    <td>0.00%</td>
    <td>100.00%</td>
    <td>新设</td>
  </tr>
  <tr>
    <td>东富龙水技术工程（上海）有限公司</td>
    <td>30,000,000.00元</td>
    <td>上海市金山区金争路69号1幢2层</td>
    <td>上海市金山区金争路69号1幢2 层</td>
    <td>生产销 售</td>
    <td>0.00%</td>
    <td>55.00%</td>
    <td>合资新 设</td>
  </tr>
  <tr>
    <td>东富龙派轲瑞自动化科技（上海）有限公司</td>
    <td>39,998,680.00元</td>
    <td>上海市闵行区都会路139号1幢四层B区</td>
    <td>上海市闵行区都 会路139号1幢四层B区</td>
    <td>生产销 售</td>
    <td>0.00%</td>
    <td>60.00%</td>
    <td>合资新 设</td>
  </tr>
  <tr>
    <td>东富龙（德国）有限公司</td>
    <td>200,000.00 欧元</td>
    <td>Amselweg 15,73765 Neuhausen auf den Fildern</td>
    <td>Amselweg 15,73765 Neuhausen auf den Fildern</td>
    <td>销售</td>
    <td>100.00%</td>
    <td>0.00%</td>
    <td>新设</td>
  </tr>
  <tr>
    <td>东富龙AND CIMA（巴拿马）</td>
    <td>10,000.00 美元</td>
    <td>Panama City</td>
    <td>Panama City</td>
    <td>销售</td>
    <td>70.00%</td>
    <td>0.00%</td>
    <td>新设</td>
  </tr>
  <tr>
    <td>东富龙新加坡有限公司</td>
    <td>10,000.00新加坡元</td>
    <td>111 North Bridge Road #29-06A Peninsula Plaza Singapore (179098)</td>
    <td>111 North Bridge Road #29-06A Peninsula Plaza Singapore (179098)</td>
    <td>销售与 售后服务</td>
    <td>100.00%</td>
    <td>0.00%</td>
    <td>新设</td>
  </tr>
  <tr>
    <td>东富龙意达有限公司</td>
    <td>500,000.00 欧元</td>
    <td>Via M. Buonarroti,43 - 28060 San Pietro Mosezzo, Fraz. Nibbia (NO)Italy</td>
    <td>San Pietro Mosezzo (No) Via Michelangelo Buonarroti 43 Cap 28060 Frazione:Nibbia</td>
    <td>生产销 售</td>
    <td>75.00%</td>
    <td>0.00%</td>
    <td>新设</td>
  </tr>
  <tr>
    <td>Pharmatec h Srl</td>
    <td>10,000.00 欧元</td>
    <td>Via Emilia 15, 24052 Azzano San Paolo( BG)</td>
    <td>Via Vincenzo Bellini 49, 24129 Bergamo (BG)</td>
    <td>销售与 售后服 务</td>
    <td>0.00%</td>
    <td>100.00%</td>
    <td>非同一 控制下合并</td>
  </tr>
  <tr>
    <td>Renggli.A G</td>
    <td>500,000.00 瑞士法郎</td>
    <td>Birkenstrasse 31 6343 Rotkreuz</td>
    <td>Birkenstrasse 31 6343 Rotkreuz</td>
    <td>生产销 售</td>
    <td>0.00%</td>
    <td>100.00%</td>
    <td>非同一 控制下 合并</td>
  </tr>
  <tr>
    <td>赛普（杭州）过滤科技有限公司</td>
    <td>4,190,211.0 0元</td>
    <td>浙江省杭州市钱塘区下沙街道银海科创中心17 幢101室</td>
    <td>浙江省杭州市钱塘区下沙街道银海科创中心17幢 101室</td>
    <td>生产销 售</td>
    <td>0.00%</td>
    <td>52.00%</td>
    <td>非同一 控制下 合并</td>
  </tr>
  <tr>
    <td>东之恒（杭州）工程技术有限公司</td>
    <td>10,000,000.00元</td>
    <td>浙江省杭州市钱塘区下沙街道福城路400号2幢309室</td>
    <td>浙江省杭州市钱 塘区下沙街道福城路400号2幢309室</td>
    <td>设计、 施工</td>
    <td>0.00%</td>
    <td>51.00%</td>
    <td>非同一 控制下 合并</td>
  </tr>
  <tr>
    <td>东富龙（广州）生命科学研究有限公司</td>
    <td>20,000,000.00元</td>
    <td>广州市黄埔区科学大道60号 909单元</td>
    <td>广州市黄埔区科学大道60号909 单元</td>
    <td>研发</td>
    <td>0.00%</td>
    <td>100.00%</td>
    <td>新设</td>
  </tr>
  <tr>
    <td>上海东富龙设备服务有限公司</td>
    <td>50,000,000.00元</td>
    <td>上海市闵行区都会路139号1幢1层B区</td>
    <td>上海市闵行区都会路139号1幢1层B区</td>
    <td>售后服 务</td>
    <td>100.00%</td>
    <td>0.00%</td>
    <td>新设</td>
  </tr>
</table>

> Note: merged cells detected, rendered as HTML table.

---
## 企业集团的构成

单位：元

<table id='19c13115ccc96aeec3f5801d829d7647' titleId='19c13115ccc96aeec3f5801d829d7647' headId='19c13115ccc96aeec3f5801d829d7647'>
  <tr>
    <td rowspan=""2"">子公司名称</td>
    <td rowspan=""2"">注册资本</td>
    <td rowspan=""2"">主要经营地</td>
    <td rowspan=""2"">注册地</td>
    <td rowspan=""2"">业务性质</td>
    <td colspan=""2"">持股比例</td>
    <td rowspan=""2"">取得方式</td>
  </tr>
  <tr>
    <td>直接</td>
    <td>间接</td>
  </tr>
  <tr>
    <td>上海共和 真空技术</td>
    <td>350,000.00 美元</td>
    <td>上海市闵行区都会路1509号</td>
    <td>上海市闵行区都会路1509号2幢</td>
    <td>生产销 售</td>
    <td>51.00%</td>
    <td>0.00%</td>
    <td>非同一 控制下</td>
  </tr>
  <tr>
    <td>有限公司</td>
    <td></td>
    <td></td>
    <td>1楼</td>
    <td></td>
    <td></td>
    <td></td>
    <td>合并</td>
  </tr>
  <tr>
    <td>东富龙 （美国）有限责任 公司</td>
    <td>200,000.00 美元</td>
    <td>955 s. Springfield Avenue, First Floor, Building A， Springfield， New Jersey ,07081</td>
    <td>Jans Carlowood Street, New York, USA</td>
    <td>销售</td>
    <td>100.00%</td>
    <td>0.00%</td>
    <td>设立或 投资</td>
  </tr>
  <tr>
    <td>上海东富 龙制药设 备制造有 限公司</td>
    <td>120,000,00 0.00元</td>
    <td>上海市金山区金流路399号</td>
    <td>上海市金山区金 流路399号</td>
    <td>生产销 售</td>
    <td>100.00%</td>
    <td>0.00%</td>
    <td>设立或 投资</td>
  </tr>
  <tr>
    <td>上海东富 龙智能工 程有限公司</td>
    <td>100,000,00 0.00元</td>
    <td>上海市闵行区都会路139号</td>
    <td>上海市闵行区东 川路555号丙楼5106室</td>
    <td>软件开 发</td>
    <td>100.00%</td>
    <td>0.00%</td>
    <td>设立或 投资</td>
  </tr>
  <tr>
    <td>上海东富 龙德惠空 调设备有 限公司</td>
    <td>70,000,000.00元</td>
    <td>上海市奉贤区沪杭公路1377号</td>
    <td>上海市奉贤区沪杭公路1377号3 幢</td>
    <td>生产销 售</td>
    <td>100.00%</td>
    <td>0.00%</td>
    <td>设立或 投资</td>
  </tr>
  <tr>
    <td>上海东富 龙德惠净 化空调工 程安装有限公司</td>
    <td>100,000,00 0.00元</td>
    <td>上海市奉贤区沪杭公路1377号</td>
    <td>上海市奉贤区沪杭公路1377号1 幢二层</td>
    <td>设计、 施工</td>
    <td>0.00%</td>
    <td>100.00%</td>
    <td>设立或 投资</td>
  </tr>
  <tr>
    <td>东富龙 （印度）私人有限 公司</td>
    <td>4,500,000. 00印度卢 比</td>
    <td>Plot no.22,Sy No.276 to 280,Pashamylara m,Industrial area,Patancheru Mandal,Sangared dy,Hyderabad,Te langana,India</td>
    <td>169, Zodiac Royal Palm, Room 406, East Goregaon, Aarey Milk Colony, Maharashtra, India.</td>
    <td>生产销 售</td>
    <td>100.00%</td>
    <td>0.00%</td>
    <td>设立或 投资</td>
  </tr>
  <tr>
    <td>上海东富龙爱瑞思 科技有限 公司</td>
    <td>1,500,000. 00美元</td>
    <td>上海市闵行区都会路139号</td>
    <td>上海市闵行区放鹤路2199号第1 幢A区</td>
    <td>生产销 售</td>
    <td>70.00%</td>
    <td>0.00%</td>
    <td>设立或 投资</td>
  </tr>
  <tr>
    <td>东富龙包 装技术 （上海）有限公司</td>
    <td>5,776,976. 00元</td>
    <td>上海市闵行区都会路139号</td>
    <td>上海市闵行区都会路1509号3幢 1层B区</td>
    <td>生产销 售</td>
    <td>100.00%</td>
    <td>0.00%</td>
    <td>非同一 控制下合并</td>
  </tr>
  <tr>
    <td>上海东富 龙拓溥科 技有限公 司</td>
    <td>1,500,000. 00美元</td>
    <td>上海市金山区金争路69号</td>
    <td>上海市金山区金争路69号1幢1 层C区</td>
    <td>生产销 售</td>
    <td>70.00%</td>
    <td>0.00%</td>
    <td>设立或 投资</td>
  </tr>
  <tr>
    <td>上海东富 龙制药设 备工程有限公司</td>
    <td>148,000,00 0.00元</td>
    <td>上海市奉贤区沪杭公路1377号</td>
    <td>上海市奉贤区沪杭公路1377号1 幢一层</td>
    <td>生产销 售</td>
    <td>100.00%</td>
    <td>0.00%</td>
    <td>非同一 控制下合并</td>
  </tr>
  <tr>
    <td>上海东富龙医疗科</td>
    <td>500,000,00 0.00元</td>
    <td>上海市闵行区都会路139号</td>
    <td>上海市闵行区都会路139号1幢1</td>
    <td>生产销 售</td>
    <td>100.00%</td>
    <td>0.00%</td>
    <td>设立或 投资</td>
  </tr>
  <tr>
    <td>技产业发展有限公司</td>
    <td></td>
    <td></td>
    <td>楼A区</td>
    <td></td>
    <td></td>
    <td></td>
    <td></td>
  </tr>
  <tr>
    <td>上海东富龙信息技术有限公司</td>
    <td>30,000,000.00元</td>
    <td>上海市闵行区都会路139号</td>
    <td>上海市闵行区都会路139号1幢3楼A区</td>
    <td>软件开 发、销售</td>
    <td>0.00%</td>
    <td>100.00%</td>
    <td>非同一 控制下合并</td>
  </tr>
  <tr>
    <td>东富龙生命科技有限公司</td>
    <td>150,000,00 0.00元</td>
    <td>上海市闵行区都会路139号</td>
    <td>上海市闵行区都会路139号1幢5楼；4幢3楼丙区</td>
    <td>生产销 售</td>
    <td>0.00%</td>
    <td>100.00%</td>
    <td>设立或 投资</td>
  </tr>
  <tr>
    <td>上海涵欧制药设备有限公司</td>
    <td>8,333,333. 00元</td>
    <td>上海市闵行区放鹤路2199号</td>
    <td>上海市奉贤区西 闸公路339号 306、307、308室</td>
    <td>生产销 售</td>
    <td>100.00%</td>
    <td>0.00%</td>
    <td>非同一 控制下合并</td>
  </tr>
  <tr>
    <td>上海承欢轻工机械有限公司</td>
    <td>24,735,000.00元</td>
    <td>上海市奉贤区沪杭公路1377号</td>
    <td>上海市奉贤区奉城镇洪朱路2803 号</td>
    <td>生产销 售</td>
    <td>51.00%</td>
    <td>0.00%</td>
    <td>非同一 控制下合并</td>
  </tr>
  <tr>
    <td>上海东富龙海崴生物科技有限公司</td>
    <td>50,000,000.00元</td>
    <td>上海市金山工业区金流路399号</td>
    <td>上海市金山工业区金流路399号1幢</td>
    <td>生产销 售</td>
    <td>87.70%</td>
    <td>0.00%</td>
    <td>非同一 控制下合并</td>
  </tr>
  <tr>
    <td>上海涌前智能装备有限公司</td>
    <td>10,000,000.00元</td>
    <td>上海市奉贤区沪杭公路1377号1幢三层</td>
    <td>上海市奉贤区沪杭公路1377号1 幢三层</td>
    <td>生产销 售</td>
    <td>0.00%</td>
    <td>70.00%</td>
    <td>设立或 投资</td>
  </tr>
  <tr>
    <td>东富龙俄罗斯有限公司</td>
    <td>1,200,000. 00俄罗斯 卢布</td>
    <td>125196, Moscow, 4th Lesnoy lane 13, Third floor, Apartment I, Rooms 1-5</td>
    <td>4-2 Lgarsky proezd, Moscow, Russia.</td>
    <td>销售</td>
    <td>100.00%</td>
    <td>0.00%</td>
    <td>设立或 投资</td>
  </tr>
  <tr>
    <td>东富龙智能装备制造（江苏）有限公司</td>
    <td>300,000,00 0.00元</td>
    <td>东台经济开发区人民路366号</td>
    <td>东台经济开发区 人民路366号</td>
    <td>生产销 售</td>
    <td>100.00%</td>
    <td>0.00%</td>
    <td>设立或 投资</td>
  </tr>
  <tr>
    <td>上海东富龙医用包装材料有限公司</td>
    <td>30,000,000.00元</td>
    <td>上海市闵行区都会路139号4幢3层乙区</td>
    <td>上海市闵行区都会路139号4幢3层乙区</td>
    <td>生产销 售</td>
    <td>0.00%</td>
    <td>100.00%</td>
    <td>设立或 投资</td>
  </tr>
  <tr>
    <td>东富龙包装技术（江苏）有限公司</td>
    <td>20,000,000.00元</td>
    <td>东台经济开发区人民路366号</td>
    <td>东台经济开发区 人民路366号</td>
    <td>生产销 售</td>
    <td>0.00%</td>
    <td>100.00%</td>
    <td>设立或 投资</td>
  </tr>
  <tr>
    <td>河南东富龙医用包装材料有限公司</td>
    <td>20,000,000.00元</td>
    <td>郑州航空港经济综合实验区黄海路与生物科技二街交叉口东北角郑州临空生物医药园16号楼</td>
    <td>郑州航空港经济 综合实验区黄海路与生物科技二街交叉口东北角郑州临空生物医药园16号楼</td>
    <td>生产销 售</td>
    <td>100.00%</td>
    <td>0.00%</td>
    <td>设立或 投资</td>
  </tr>
  <tr>
    <td>四川东富龙药用包装材料有</td>
    <td>20,000,000.00元</td>
    <td>成都天府国际生物城（双流区凤凰路618号）</td>
    <td>成都天府国际生物城（双流区凤 凰路618号）</td>
    <td>生产销 售</td>
    <td>100.00%</td>
    <td>0.00%</td>
    <td>设立或 投资</td>
  </tr>
  <tr>
    <td>限公司</td>
    <td></td>
    <td></td>
    <td></td>
    <td></td>
    <td></td>
    <td></td>
    <td></td>
  </tr>
  <tr>
    <td>上海东富龙生物试剂有限公司</td>
    <td>20,000,000.00元</td>
    <td>上海市闵行区都会路139号4幢2楼甲区</td>
    <td>上海市闵行区都会路139号4幢2楼甲区</td>
    <td>生产销 售</td>
    <td>0.00%</td>
    <td>100.00%</td>
    <td>设立或 投资</td>
  </tr>
  <tr>
    <td>嘉兴千纯生物科技有限公司</td>
    <td>10,204,000.00元</td>
    <td>浙江省嘉兴市平湖经济技术开发区新兴二路988号6幢3楼西侧</td>
    <td>浙江省嘉兴市平 湖经济技术开发区新兴二路988号6幢3楼西侧</td>
    <td>生产销 售</td>
    <td>0.00%</td>
    <td>51.00%</td>
    <td>非同一 控制下合并</td>
  </tr>
  <tr>
    <td>東富龍香港有限公司</td>
    <td>10,000.00 港元</td>
    <td>香港观塘区观塘道348号宏利坊6楼</td>
    <td>香港观塘区观塘 道348号宏利坊6楼</td>
    <td>销售</td>
    <td>100.00%</td>
    <td>0.00%</td>
    <td>设立或 投资</td>
  </tr>
  <tr>
    <td>浙江东富龙生物技术有限公司</td>
    <td>200,000,00 0.00元</td>
    <td>浙江省杭州市钱塘新区下沙街道和享科技中心 21幢621室</td>
    <td>浙江省杭州市钱塘新区下沙街道和享科技中心21 幢621室</td>
    <td>生产销 售</td>
    <td>100.00%</td>
    <td>0.00%</td>
    <td>设立或 投资</td>
  </tr>
  <tr>
    <td>东富龙（印尼）有限责任公司</td>
    <td>10,000,000,000.00印 尼盾</td>
    <td>Talavera Office Park Lt.21 Suite #05, JI.TB. Simatupang Kav.22-26, Kel.</td>
    <td>Talavera Office Park Lt.21 Suite #05, JI.TB. Simatupang Kav.22-26, Kel.Cilandak Barat, Kec Cilandak,Kota Adm, Jakata Selatan, Provinsi DKI Jakarta</td>
    <td>售后服 务</td>
    <td>99.00%</td>
    <td>1.00%</td>
    <td>设立或 投资</td>
  </tr>
  <tr>
    <td>东富龙土耳其机械贸易有限公司</td>
    <td>10,000.00土耳其里 拉</td>
    <td>Esentepe Mah.Harman 1 Sk.Duran Is Merkezi Blok NO:4/8 SISL</td>
    <td>Esentepe Mah.Harman 1 Sk.Duran Is Merkezi Blok NO:4/8 SISL</td>
    <td>售后服 务</td>
    <td>100.00%</td>
    <td>0.00%</td>
    <td>设立或 投资</td>
  </tr>
  <tr>
    <td>东富龙（澳大利亚）私人有限公司</td>
    <td>10,000.00 澳大利亚 元</td>
    <td>Suite 509, Level 5,379-383 Pitt Street, Sydney NSW 2000</td>
    <td>Suite 509, Level 5,379-383 Pitt Street, Sydney NSW 2000</td>
    <td>售后服 务</td>
    <td>100.00%</td>
    <td>0.00%</td>
    <td>设立或 投资</td>
  </tr>
  <tr>
    <td>东富龙（迪拜）有限公司</td>
    <td>367,000.00 阿联酋迪 拉姆</td>
    <td>Unit No:778 DMCC Business Centre Level No.1 Jewellery & Gemplex 3 Dubai United Arab Emirates</td>
    <td>Unit No:778 DMCC Business Centre Level No.1 Jewellery & Gemplex 3 Dubai United Arab Emirates</td>
    <td>售后服 务</td>
    <td>100.00%</td>
    <td>0.00%</td>
    <td>设立或 投资</td>
  </tr>
  <tr>
    <td>东富龙（越南）有限公司</td>
    <td>100,000.00 美元</td>
    <td>7th Floor,PDD Office Building,No 162 Pasteur street,Ben Nghe Ward,District 1,Ho Chi Minh City,Vietnam</td>
    <td>2 / F, River View Building, 1119 Tran Kheng Road, 05 Shek Ka Road, Ho Chi Minh City, Vietnam</td>
    <td>售后服 务</td>
    <td>100.00%</td>
    <td>0.00%</td>
    <td>设立或 投资</td>
  </tr>
  <tr>
    <td>东富龙（南非）私人公司</td>
    <td>10,000.00 南非兰特</td>
    <td>27 Newmark Estate Silver LakesRoad,Pretoria,Ga uteng,0081</td>
    <td>27 Newmark Estate Silver Lakes Road,Pretoria,Gauteng,0081</td>
    <td>售后服 务</td>
    <td>100.00%</td>
    <td>0.00%</td>
    <td>设立或 投资</td>
  </tr>
  <tr>
    <td>江苏辉河包装机械有限公司</td>
    <td>12,367,925.00元</td>
    <td>东台经济开发区人民路366号</td>
    <td>东台经济开发区 人民路366号</td>
    <td>生产销 售</td>
    <td>51.00%</td>
    <td>0.00%</td>
    <td>非同一 控制下 合并</td>
  </tr>
  <tr>
    <td>东富龙千纯生物科技（上海）有限公司</td>
    <td>50,000,000.00元</td>
    <td>上海市化学工业区目华路201号1幢20层2012室</td>
    <td>上海市化学工业区目华路201号1幢20层2012室</td>
    <td>生产销 售</td>
    <td>0.00%</td>
    <td>51.00%</td>
    <td>设立或 投资</td>
  </tr>
  <tr>
    <td>东富龙日本株式会社</td>
    <td>8,000,000. 00日元</td>
    <td>2-10-3,Misono-Chou,Yao- City,Osaka 581- 0818,Japan</td>
    <td>2-10-3,Misono- Chou,Yao- City,Osaka581-0818,Japan</td>
    <td>销售</td>
    <td>100.00%</td>
    <td>0.00%</td>
    <td>设立或 投资</td>
  </tr>
  <tr>
    <td>东富龙包装设备制造（江苏）有限公司</td>
    <td>20,000,000.00元</td>
    <td>东台经济开发区人民路366号</td>
    <td>东台经济开发区 人民路366号</td>
    <td>生产销 售</td>
    <td>100.00%</td>
    <td>0.00%</td>
    <td>新设</td>
  </tr>
  <tr>
    <td>上海东富龙检测技术有限公司</td>
    <td>10,000,000.00元</td>
    <td>上海市闵行区都会路139号1幢1楼C区</td>
    <td>上海市闵行区都会路139号1幢1楼C区</td>
    <td>生产销 售</td>
    <td>100.00%</td>
    <td>0.00%</td>
    <td>新设</td>
  </tr>
  <tr>
    <td>江苏承欢轻工机械有限公司</td>
    <td>20,000,000.00元</td>
    <td>东台经济开发区人民路366号</td>
    <td>东台经济开发区 人民路366号</td>
    <td>生产销 售</td>
    <td>0.00%</td>
    <td>100.00%</td>
    <td>新设</td>
  </tr>
  <tr>
    <td>东富龙水技术工程（上海）有限公司</td>
    <td>30,000,000.00元</td>
    <td>上海市金山区金争路69号1幢2层</td>
    <td>上海市金山区金争路69号1幢2 层</td>
    <td>生产销 售</td>
    <td>0.00%</td>
    <td>55.00%</td>
    <td>合资新 设</td>
  </tr>
  <tr>
    <td>东富龙派轲瑞自动化科技（上海）有限公司</td>
    <td>39,998,680.00元</td>
    <td>上海市闵行区都会路139号1幢四层B区</td>
    <td>上海市闵行区都 会路139号1幢四层B区</td>
    <td>生产销 售</td>
    <td>0.00%</td>
    <td>60.00%</td>
    <td>合资新 设</td>
  </tr>
  <tr>
    <td>东富龙（德国）有限公司</td>
    <td>200,000.00 欧元</td>
    <td>Amselweg 15,73765 Neuhausen auf den Fildern</td>
    <td>Amselweg 15,73765 Neuhausen auf den Fildern</td>
    <td>销售</td>
    <td>100.00%</td>
    <td>0.00%</td>
    <td>新设</td>
  </tr>
  <tr>
    <td>东富龙AND CIMA（巴拿马）</td>
    <td>10,000.00 美元</td>
    <td>Panama City</td>
    <td>Panama City</td>
    <td>销售</td>
    <td>70.00%</td>
    <td>0.00%</td>
    <td>新设</td>
  </tr>
  <tr>
    <td>东富龙新加坡有限公司</td>
    <td>10,000.00新加坡元</td>
    <td>111 North Bridge Road #29-06A Peninsula Plaza Singapore (179098)</td>
    <td>111 North Bridge Road #29-06A Peninsula Plaza Singapore (179098)</td>
    <td>销售与 售后服务</td>
    <td>100.00%</td>
    <td>0.00%</td>
    <td>新设</td>
  </tr>
  <tr>
    <td>东富龙意达有限公司</td>
    <td>500,000.00 欧元</td>
    <td>Via M. Buonarroti,43 - 28060 San Pietro Mosezzo, Fraz. Nibbia (NO)Italy</td>
    <td>San Pietro Mosezzo (No) Via Michelangelo Buonarroti 43 Cap 28060 Frazione:Nibbia</td>
    <td>生产销 售</td>
    <td>75.00%</td>
    <td>0.00%</td>
    <td>新设</td>
  </tr>
  <tr>
    <td>Pharmatec h Srl</td>
    <td>10,000.00 欧元</td>
    <td>Via Emilia 15, 24052 Azzano San Paolo( BG)</td>
    <td>Via Vincenzo Bellini 49, 24129 Bergamo (BG)</td>
    <td>销售与 售后服 务</td>
    <td>0.00%</td>
    <td>100.00%</td>
    <td>非同一 控制下合并</td>
  </tr>
  <tr>
    <td>Renggli.A G</td>
    <td>500,000.00 瑞士法郎</td>
    <td>Birkenstrasse 31 6343 Rotkreuz</td>
    <td>Birkenstrasse 31 6343 Rotkreuz</td>
    <td>生产销 售</td>
    <td>0.00%</td>
    <td>100.00%</td>
    <td>非同一 控制下 合并</td>
  </tr>
  <tr>
    <td>赛普（杭州）过滤科技有限公司</td>
    <td>4,190,211.0 0元</td>
    <td>浙江省杭州市钱塘区下沙街道银海科创中心17 幢101室</td>
    <td>浙江省杭州市钱塘区下沙街道银海科创中心17幢 101室</td>
    <td>生产销 售</td>
    <td>0.00%</td>
    <td>52.00%</td>
    <td>非同一 控制下 合并</td>
  </tr>
  <tr>
    <td>东之恒（杭州）工程技术有限公司</td>
    <td>10,000,000.00元</td>
    <td>浙江省杭州市钱塘区下沙街道福城路400号2幢309室</td>
    <td>浙江省杭州市钱 塘区下沙街道福城路400号2幢309室</td>
    <td>设计、 施工</td>
    <td>0.00%</td>
    <td>51.00%</td>
    <td>非同一 控制下 合并</td>
  </tr>
  <tr>
    <td>东富龙（广州）生命科学研究有限公司</td>
    <td>20,000,000.00元</td>
    <td>广州市黄埔区科学大道60号 909单元</td>
    <td>广州市黄埔区科学大道60号909 单元</td>
    <td>研发</td>
    <td>0.00%</td>
    <td>100.00%</td>
    <td>新设</td>
  </tr>
  <tr>
    <td>上海东富龙设备服务有限公司</td>
    <td>50,000,000.00元</td>
    <td>上海市闵行区都会路139号1幢1层B区</td>
    <td>上海市闵行区都会路139号1幢1层B区</td>
    <td>售后服 务</td>
    <td>100.00%</td>
    <td>0.00%</td>
    <td>新设</td>
  </tr>
</table>

> Note: merged cells detected, rendered as HTML table.

---
## 企业集团的构成

单位：元

<table id='19c13115ccc96aeec3f5801d829d7647' titleId='19c13115ccc96aeec3f5801d829d7647' headId='19c13115ccc96aeec3f5801d829d7647'>
  <tr>
    <td rowspan=""2"">子公司名称</td>
    <td rowspan=""2"">注册资本</td>
    <td rowspan=""2"">主要经营地</td>
    <td rowspan=""2"">注册地</td>
    <td rowspan=""2"">业务性质</td>
    <td colspan=""2"">持股比例</td>
    <td rowspan=""2"">取得方式</td>
  </tr>
  <tr>
    <td>直接</td>
    <td>间接</td>
  </tr>
  <tr>
    <td>上海共和 真空技术</td>
    <td>350,000.00 美元</td>
    <td>上海市闵行区都会路1509号</td>
    <td>上海市闵行区都会路1509号2幢</td>
    <td>生产销 售</td>
    <td>51.00%</td>
    <td>0.00%</td>
    <td>非同一 控制下</td>
  </tr>
  <tr>
    <td>有限公司</td>
    <td></td>
    <td></td>
    <td>1楼</td>
    <td></td>
    <td></td>
    <td></td>
    <td>合并</td>
  </tr>
  <tr>
    <td>东富龙 （美国）有限责任 公司</td>
    <td>200,000.00 美元</td>
    <td>955 s. Springfield Avenue, First Floor, Building A， Springfield， New Jersey ,07081</td>
    <td>Jans Carlowood Street, New York, USA</td>
    <td>销售</td>
    <td>100.00%</td>
    <td>0.00%</td>
    <td>设立或 投资</td>
  </tr>
  <tr>
    <td>上海东富 龙制药设 备制造有 限公司</td>
    <td>120,000,00 0.00元</td>
    <td>上海市金山区金流路399号</td>
    <td>上海市金山区金 流路399号</td>
    <td>生产销 售</td>
    <td>100.00%</td>
    <td>0.00%</td>
    <td>设立或 投资</td>
  </tr>
  <tr>
    <td>上海东富 龙智能工 程有限公司</td>
    <td>100,000,00 0.00元</td>
    <td>上海市闵行区都会路139号</td>
    <td>上海市闵行区东 川路555号丙楼5106室</td>
    <td>软件开 发</td>
    <td>100.00%</td>
    <td>0.00%</td>
    <td>设立或 投资</td>
  </tr>
  <tr>
    <td>上海东富 龙德惠空 调设备有 限公司</td>
    <td>70,000,000.00元</td>
    <td>上海市奉贤区沪杭公路1377号</td>
    <td>上海市奉贤区沪杭公路1377号3 幢</td>
    <td>生产销 售</td>
    <td>100.00%</td>
    <td>0.00%</td>
    <td>设立或 投资</td>
  </tr>
  <tr>
    <td>上海东富 龙德惠净 化空调工 程安装有限公司</td>
    <td>100,000,00 0.00元</td>
    <td>上海市奉贤区沪杭公路1377号</td>
    <td>上海市奉贤区沪杭公路1377号1 幢二层</td>
    <td>设计、 施工</td>
    <td>0.00%</td>
    <td>100.00%</td>
    <td>设立或 投资</td>
  </tr>
  <tr>
    <td>东富龙 （印度）私人有限 公司</td>
    <td>4,500,000. 00印度卢 比</td>
    <td>Plot no.22,Sy No.276 to 280,Pashamylara m,Industrial area,Patancheru Mandal,Sangared dy,Hyderabad,Te langana,India</td>
    <td>169, Zodiac Royal Palm, Room 406, East Goregaon, Aarey Milk Colony, Maharashtra, India.</td>
    <td>生产销 售</td>
    <td>100.00%</td>
    <td>0.00%</td>
    <td>设立或 投资</td>
  </tr>
  <tr>
    <td>上海东富龙爱瑞思 科技有限 公司</td>
    <td>1,500,000. 00美元</td>
    <td>上海市闵行区都会路139号</td>
    <td>上海市闵行区放鹤路2199号第1 幢A区</td>
    <td>生产销 售</td>
    <td>70.00%</td>
    <td>0.00%</td>
    <td>设立或 投资</td>
  </tr>
  <tr>
    <td>东富龙包 装技术 （上海）有限公司</td>
    <td>5,776,976. 00元</td>
    <td>上海市闵行区都会路139号</td>
    <td>上海市闵行区都会路1509号3幢 1层B区</td>
    <td>生产销 售</td>
    <td>100.00%</td>
    <td>0.00%</td>
    <td>非同一 控制下合并</td>
  </tr>
  <tr>
    <td>上海东富 龙拓溥科 技有限公 司</td>
    <td>1,500,000. 00美元</td>
    <td>上海市金山区金争路69号</td>
    <td>上海市金山区金争路69号1幢1 层C区</td>
    <td>生产销 售</td>
    <td>70.00%</td>
    <td>0.00%</td>
    <td>设立或 投资</td>
  </tr>
  <tr>
    <td>上海东富 龙制药设 备工程有限公司</td>
    <td>148,000,00 0.00元</td>
    <td>上海市奉贤区沪杭公路1377号</td>
    <td>上海市奉贤区沪杭公路1377号1 幢一层</td>
    <td>生产销 售</td>
    <td>100.00%</td>
    <td>0.00%</td>
    <td>非同一 控制下合并</td>
  </tr>
  <tr>
    <td>上海东富龙医疗科</td>
    <td>500,000,00 0.00元</td>
    <td>上海市闵行区都会路139号</td>
    <td>上海市闵行区都会路139号1幢1</td>
    <td>生产销 售</td>
    <td>100.00%</td>
    <td>0.00%</td>
    <td>设立或 投资</td>
  </tr>
  <tr>
    <td>技产业发展有限公司</td>
    <td></td>
    <td></td>
    <td>楼A区</td>
    <td></td>
    <td></td>
    <td></td>
    <td></td>
  </tr>
  <tr>
    <td>上海东富龙信息技术有限公司</td>
    <td>30,000,000.00元</td>
    <td>上海市闵行区都会路139号</td>
    <td>上海市闵行区都会路139号1幢3楼A区</td>
    <td>软件开 发、销售</td>
    <td>0.00%</td>
    <td>100.00%</td>
    <td>非同一 控制下合并</td>
  </tr>
  <tr>
    <td>东富龙生命科技有限公司</td>
    <td>150,000,00 0.00元</td>
    <td>上海市闵行区都会路139号</td>
    <td>上海市闵行区都会路139号1幢5楼；4幢3楼丙区</td>
    <td>生产销 售</td>
    <td>0.00%</td>
    <td>100.00%</td>
    <td>设立或 投资</td>
  </tr>
  <tr>
    <td>上海涵欧制药设备有限公司</td>
    <td>8,333,333. 00元</td>
    <td>上海市闵行区放鹤路2199号</td>
    <td>上海市奉贤区西 闸公路339号 306、307、308室</td>
    <td>生产销 售</td>
    <td>100.00%</td>
    <td>0.00%</td>
    <td>非同一 控制下合并</td>
  </tr>
  <tr>
    <td>上海承欢轻工机械有限公司</td>
    <td>24,735,000.00元</td>
    <td>上海市奉贤区沪杭公路1377号</td>
    <td>上海市奉贤区奉城镇洪朱路2803 号</td>
    <td>生产销 售</td>
    <td>51.00%</td>
    <td>0.00%</td>
    <td>非同一 控制下合并</td>
  </tr>
  <tr>
    <td>上海东富龙海崴生物科技有限公司</td>
    <td>50,000,000.00元</td>
    <td>上海市金山工业区金流路399号</td>
    <td>上海市金山工业区金流路399号1幢</td>
    <td>生产销 售</td>
    <td>87.70%</td>
    <td>0.00%</td>
    <td>非同一 控制下合并</td>
  </tr>
  <tr>
    <td>上海涌前智能装备有限公司</td>
    <td>10,000,000.00元</td>
    <td>上海市奉贤区沪杭公路1377号1幢三层</td>
    <td>上海市奉贤区沪杭公路1377号1 幢三层</td>
    <td>生产销 售</td>
    <td>0.00%</td>
    <td>70.00%</td>
    <td>设立或 投资</td>
  </tr>
  <tr>
    <td>东富龙俄罗斯有限公司</td>
    <td>1,200,000. 00俄罗斯 卢布</td>
    <td>125196, Moscow, 4th Lesnoy lane 13, Third floor, Apartment I, Rooms 1-5</td>
    <td>4-2 Lgarsky proezd, Moscow, Russia.</td>
    <td>销售</td>
    <td>100.00%</td>
    <td>0.00%</td>
    <td>设立或 投资</td>
  </tr>
  <tr>
    <td>东富龙智能装备制造（江苏）有限公司</td>
    <td>300,000,00 0.00元</td>
    <td>东台经济开发区人民路366号</td>
    <td>东台经济开发区 人民路366号</td>
    <td>生产销 售</td>
    <td>100.00%</td>
    <td>0.00%</td>
    <td>设立或 投资</td>
  </tr>
  <tr>
    <td>上海东富龙医用包装材料有限公司</td>
    <td>30,000,000.00元</td>
    <td>上海市闵行区都会路139号4幢3层乙区</td>
    <td>上海市闵行区都会路139号4幢3层乙区</td>
    <td>生产销 售</td>
    <td>0.00%</td>
    <td>100.00%</td>
    <td>设立或 投资</td>
  </tr>
  <tr>
    <td>东富龙包装技术（江苏）有限公司</td>
    <td>20,000,000.00元</td>
    <td>东台经济开发区人民路366号</td>
    <td>东台经济开发区 人民路366号</td>
    <td>生产销 售</td>
    <td>0.00%</td>
    <td>100.00%</td>
    <td>设立或 投资</td>
  </tr>
  <tr>
    <td>河南东富龙医用包装材料有限公司</td>
    <td>20,000,000.00元</td>
    <td>郑州航空港经济综合实验区黄海路与生物科技二街交叉口东北角郑州临空生物医药园16号楼</td>
    <td>郑州航空港经济 综合实验区黄海路与生物科技二街交叉口东北角郑州临空生物医药园16号楼</td>
    <td>生产销 售</td>
    <td>100.00%</td>
    <td>0.00%</td>
    <td>设立或 投资</td>
  </tr>
  <tr>
    <td>四川东富龙药用包装材料有</td>
    <td>20,000,000.00元</td>
    <td>成都天府国际生物城（双流区凤凰路618号）</td>
    <td>成都天府国际生物城（双流区凤 凰路618号）</td>
    <td>生产销 售</td>
    <td>100.00%</td>
    <td>0.00%</td>
    <td>设立或 投资</td>
  </tr>
  <tr>
    <td>限公司</td>
    <td></td>
    <td></td>
    <td></td>
    <td></td>
    <td></td>
    <td></td>
    <td></td>
  </tr>
  <tr>
    <td>上海东富龙生物试剂有限公司</td>
    <td>20,000,000.00元</td>
    <td>上海市闵行区都会路139号4幢2楼甲区</td>
    <td>上海市闵行区都会路139号4幢2楼甲区</td>
    <td>生产销 售</td>
    <td>0.00%</td>
    <td>100.00%</td>
    <td>设立或 投资</td>
  </tr>
  <tr>
    <td>嘉兴千纯生物科技有限公司</td>
    <td>10,204,000.00元</td>
    <td>浙江省嘉兴市平湖经济技术开发区新兴二路988号6幢3楼西侧</td>
    <td>浙江省嘉兴市平 湖经济技术开发区新兴二路988号6幢3楼西侧</td>
    <td>生产销 售</td>
    <td>0.00%</td>
    <td>51.00%</td>
    <td>非同一 控制下合并</td>
  </tr>
  <tr>
    <td>東富龍香港有限公司</td>
    <td>10,000.00 港元</td>
    <td>香港观塘区观塘道348号宏利坊6楼</td>
    <td>香港观塘区观塘 道348号宏利坊6楼</td>
    <td>销售</td>
    <td>100.00%</td>
    <td>0.00%</td>
    <td>设立或 投资</td>
  </tr>
  <tr>
    <td>浙江东富龙生物技术有限公司</td>
    <td>200,000,00 0.00元</td>
    <td>浙江省杭州市钱塘新区下沙街道和享科技中心 21幢621室</td>
    <td>浙江省杭州市钱塘新区下沙街道和享科技中心21 幢621室</td>
    <td>生产销 售</td>
    <td>100.00%</td>
    <td>0.00%</td>
    <td>设立或 投资</td>
  </tr>
  <tr>
    <td>东富龙（印尼）有限责任公司</td>
    <td>10,000,000,000.00印 尼盾</td>
    <td>Talavera Office Park Lt.21 Suite #05, JI.TB. Simatupang Kav.22-26, Kel.</td>
    <td>Talavera Office Park Lt.21 Suite #05, JI.TB. Simatupang Kav.22-26, Kel.Cilandak Barat, Kec Cilandak,Kota Adm, Jakata Selatan, Provinsi DKI Jakarta</td>
    <td>售后服 务</td>
    <td>99.00%</td>
    <td>1.00%</td>
    <td>设立或 投资</td>
  </tr>
  <tr>
    <td>东富龙土耳其机械贸易有限公司</td>
    <td>10,000.00土耳其里 拉</td>
    <td>Esentepe Mah.Harman 1 Sk.Duran Is Merkezi Blok NO:4/8 SISL</td>
    <td>Esentepe Mah.Harman 1 Sk.Duran Is Merkezi Blok NO:4/8 SISL</td>
    <td>售后服 务</td>
    <td>100.00%</td>
    <td>0.00%</td>
    <td>设立或 投资</td>
  </tr>
  <tr>
    <td>东富龙（澳大利亚）私人有限公司</td>
    <td>10,000.00 澳大利亚 元</td>
    <td>Suite 509, Level 5,379-383 Pitt Street, Sydney NSW 2000</td>
    <td>Suite 509, Level 5,379-383 Pitt Street, Sydney NSW 2000</td>
    <td>售后服 务</td>
    <td>100.00%</td>
    <td>0.00%</td>
    <td>设立或 投资</td>
  </tr>
  <tr>
    <td>东富龙（迪拜）有限公司</td>
    <td>367,000.00 阿联酋迪 拉姆</td>
    <td>Unit No:778 DMCC Business Centre Level No.1 Jewellery & Gemplex 3 Dubai United Arab Emirates</td>
    <td>Unit No:778 DMCC Business Centre Level No.1 Jewellery & Gemplex 3 Dubai United Arab Emirates</td>
    <td>售后服 务</td>
    <td>100.00%</td>
    <td>0.00%</td>
    <td>设立或 投资</td>
  </tr>
  <tr>
    <td>东富龙（越南）有限公司</td>
    <td>100,000.00 美元</td>
    <td>7th Floor,PDD Office Building,No 162 Pasteur street,Ben Nghe Ward,District 1,Ho Chi Minh City,Vietnam</td>
    <td>2 / F, River View Building, 1119 Tran Kheng Road, 05 Shek Ka Road, Ho Chi Minh City, Vietnam</td>
    <td>售后服 务</td>
    <td>100.00%</td>
    <td>0.00%</td>
    <td>设立或 投资</td>
  </tr>
  <tr>
    <td>东富龙（南非）私人公司</td>
    <td>10,000.00 南非兰特</td>
    <td>27 Newmark Estate Silver LakesRoad,Pretoria,Ga uteng,0081</td>
    <td>27 Newmark Estate Silver Lakes Road,Pretoria,Gauteng,0081</td>
    <td>售后服 务</td>
    <td>100.00%</td>
    <td>0.00%</td>
    <td>设立或 投资</td>
  </tr>
  <tr>
    <td>江苏辉河包装机械有限公司</td>
    <td>12,367,925.00元</td>
    <td>东台经济开发区人民路366号</td>
    <td>东台经济开发区 人民路366号</td>
    <td>生产销 售</td>
    <td>51.00%</td>
    <td>0.00%</td>
    <td>非同一 控制下 合并</td>
  </tr>
  <tr>
    <td>东富龙千纯生物科技（上海）有限公司</td>
    <td>50,000,000.00元</td>
    <td>上海市化学工业区目华路201号1幢20层2012室</td>
    <td>上海市化学工业区目华路201号1幢20层2012室</td>
    <td>生产销 售</td>
    <td>0.00%</td>
    <td>51.00%</td>
    <td>设立或 投资</td>
  </tr>
  <tr>
    <td>东富龙日本株式会社</td>
    <td>8,000,000. 00日元</td>
    <td>2-10-3,Misono-Chou,Yao- City,Osaka 581- 0818,Japan</td>
    <td>2-10-3,Misono- Chou,Yao- City,Osaka581-0818,Japan</td>
    <td>销售</td>
    <td>100.00%</td>
    <td>0.00%</td>
    <td>设立或 投资</td>
  </tr>
  <tr>
    <td>东富龙包装设备制造（江苏）有限公司</td>
    <td>20,000,000.00元</td>
    <td>东台经济开发区人民路366号</td>
    <td>东台经济开发区 人民路366号</td>
    <td>生产销 售</td>
    <td>100.00%</td>
    <td>0.00%</td>
    <td>新设</td>
  </tr>
  <tr>
    <td>上海东富龙检测技术有限公司</td>
    <td>10,000,000.00元</td>
    <td>上海市闵行区都会路139号1幢1楼C区</td>
    <td>上海市闵行区都会路139号1幢1楼C区</td>
    <td>生产销 售</td>
    <td>100.00%</td>
    <td>0.00%</td>
    <td>新设</td>
  </tr>
  <tr>
    <td>江苏承欢轻工机械有限公司</td>
    <td>20,000,000.00元</td>
    <td>东台经济开发区人民路366号</td>
    <td>东台经济开发区 人民路366号</td>
    <td>生产销 售</td>
    <td>0.00%</td>
    <td>100.00%</td>
    <td>新设</td>
  </tr>
  <tr>
    <td>东富龙水技术工程（上海）有限公司</td>
    <td>30,000,000.00元</td>
    <td>上海市金山区金争路69号1幢2层</td>
    <td>上海市金山区金争路69号1幢2 层</td>
    <td>生产销 售</td>
    <td>0.00%</td>
    <td>55.00%</td>
    <td>合资新 设</td>
  </tr>
  <tr>
    <td>东富龙派轲瑞自动化科技（上海）有限公司</td>
    <td>39,998,680.00元</td>
    <td>上海市闵行区都会路139号1幢四层B区</td>
    <td>上海市闵行区都 会路139号1幢四层B区</td>
    <td>生产销 售</td>
    <td>0.00%</td>
    <td>60.00%</td>
    <td>合资新 设</td>
  </tr>
  <tr>
    <td>东富龙（德国）有限公司</td>
    <td>200,000.00 欧元</td>
    <td>Amselweg 15,73765 Neuhausen auf den Fildern</td>
    <td>Amselweg 15,73765 Neuhausen auf den Fildern</td>
    <td>销售</td>
    <td>100.00%</td>
    <td>0.00%</td>
    <td>新设</td>
  </tr>
  <tr>
    <td>东富龙AND CIMA（巴拿马）</td>
    <td>10,000.00 美元</td>
    <td>Panama City</td>
    <td>Panama City</td>
    <td>销售</td>
    <td>70.00%</td>
    <td>0.00%</td>
    <td>新设</td>
  </tr>
  <tr>
    <td>东富龙新加坡有限公司</td>
    <td>10,000.00新加坡元</td>
    <td>111 North Bridge Road #29-06A Peninsula Plaza Singapore (179098)</td>
    <td>111 North Bridge Road #29-06A Peninsula Plaza Singapore (179098)</td>
    <td>销售与 售后服务</td>
    <td>100.00%</td>
    <td>0.00%</td>
    <td>新设</td>
  </tr>
  <tr>
    <td>东富龙意达有限公司</td>
    <td>500,000.00 欧元</td>
    <td>Via M. Buonarroti,43 - 28060 San Pietro Mosezzo, Fraz. Nibbia (NO)Italy</td>
    <td>San Pietro Mosezzo (No) Via Michelangelo Buonarroti 43 Cap 28060 Frazione:Nibbia</td>
    <td>生产销 售</td>
    <td>75.00%</td>
    <td>0.00%</td>
    <td>新设</td>
  </tr>
  <tr>
    <td>Pharmatec h Srl</td>
    <td>10,000.00 欧元</td>
    <td>Via Emilia 15, 24052 Azzano San Paolo( BG)</td>
    <td>Via Vincenzo Bellini 49, 24129 Bergamo (BG)</td>
    <td>销售与 售后服 务</td>
    <td>0.00%</td>
    <td>100.00%</td>
    <td>非同一 控制下合并</td>
  </tr>
  <tr>
    <td>Renggli.A G</td>
    <td>500,000.00 瑞士法郎</td>
    <td>Birkenstrasse 31 6343 Rotkreuz</td>
    <td>Birkenstrasse 31 6343 Rotkreuz</td>
    <td>生产销 售</td>
    <td>0.00%</td>
    <td>100.00%</td>
    <td>非同一 控制下 合并</td>
  </tr>
  <tr>
    <td>赛普（杭州）过滤科技有限公司</td>
    <td>4,190,211.0 0元</td>
    <td>浙江省杭州市钱塘区下沙街道银海科创中心17 幢101室</td>
    <td>浙江省杭州市钱塘区下沙街道银海科创中心17幢 101室</td>
    <td>生产销 售</td>
    <td>0.00%</td>
    <td>52.00%</td>
    <td>非同一 控制下 合并</td>
  </tr>
  <tr>
    <td>东之恒（杭州）工程技术有限公司</td>
    <td>10,000,000.00元</td>
    <td>浙江省杭州市钱塘区下沙街道福城路400号2幢309室</td>
    <td>浙江省杭州市钱 塘区下沙街道福城路400号2幢309室</td>
    <td>设计、 施工</td>
    <td>0.00%</td>
    <td>51.00%</td>
    <td>非同一 控制下 合并</td>
  </tr>
  <tr>
    <td>东富龙（广州）生命科学研究有限公司</td>
    <td>20,000,000.00元</td>
    <td>广州市黄埔区科学大道60号 909单元</td>
    <td>广州市黄埔区科学大道60号909 单元</td>
    <td>研发</td>
    <td>0.00%</td>
    <td>100.00%</td>
    <td>新设</td>
  </tr>
  <tr>
    <td>上海东富龙设备服务有限公司</td>
    <td>50,000,000.00元</td>
    <td>上海市闵行区都会路139号1幢1层B区</td>
    <td>上海市闵行区都会路139号1幢1层B区</td>
    <td>售后服 务</td>
    <td>100.00%</td>
    <td>0.00%</td>
    <td>新设</td>
  </tr>
</table>

> Note: merged cells detected, rendered as HTML table.

---
## 企业集团的构成

单位：元

<table id='19c13115ccc96aeec3f5801d829d7647' titleId='19c13115ccc96aeec3f5801d829d7647' headId='19c13115ccc96aeec3f5801d829d7647'>
  <tr>
    <td rowspan=""2"">子公司名称</td>
    <td rowspan=""2"">注册资本</td>
    <td rowspan=""2"">主要经营地</td>
    <td rowspan=""2"">注册地</td>
    <td rowspan=""2"">业务性质</td>
    <td colspan=""2"">持股比例</td>
    <td rowspan=""2"">取得方式</td>
  </tr>
  <tr>
    <td>直接</td>
    <td>间接</td>
  </tr>
  <tr>
    <td>上海共和 真空技术</td>
    <td>350,000.00 美元</td>
    <td>上海市闵行区都会路1509号</td>
    <td>上海市闵行区都会路1509号2幢</td>
    <td>生产销 售</td>
    <td>51.00%</td>
    <td>0.00%</td>
    <td>非同一 控制下</td>
  </tr>
  <tr>
    <td>有限公司</td>
    <td></td>
    <td></td>
    <td>1楼</td>
    <td></td>
    <td></td>
    <td></td>
    <td>合并</td>
  </tr>
  <tr>
    <td>东富龙 （美国）有限责任 公司</td>
    <td>200,000.00 美元</td>
    <td>955 s. Springfield Avenue, First Floor, Building A， Springfield， New Jersey ,07081</td>
    <td>Jans Carlowood Street, New York, USA</td>
    <td>销售</td>
    <td>100.00%</td>
    <td>0.00%</td>
    <td>设立或 投资</td>
  </tr>
  <tr>
    <td>上海东富 龙制药设 备制造有 限公司</td>
    <td>120,000,00 0.00元</td>
    <td>上海市金山区金流路399号</td>
    <td>上海市金山区金 流路399号</td>
    <td>生产销 售</td>
    <td>100.00%</td>
    <td>0.00%</td>
    <td>设立或 投资</td>
  </tr>
  <tr>
    <td>上海东富 龙智能工 程有限公司</td>
    <td>100,000,00 0.00元</td>
    <td>上海市闵行区都会路139号</td>
    <td>上海市闵行区东 川路555号丙楼5106室</td>
    <td>软件开 发</td>
    <td>100.00%</td>
    <td>0.00%</td>
    <td>设立或 投资</td>
  </tr>
  <tr>
    <td>上海东富 龙德惠空 调设备有 限公司</td>
    <td>70,000,000.00元</td>
    <td>上海市奉贤区沪杭公路1377号</td>
    <td>上海市奉贤区沪杭公路1377号3 幢</td>
    <td>生产销 售</td>
    <td>100.00%</td>
    <td>0.00%</td>
    <td>设立或 投资</td>
  </tr>
  <tr>
    <td>上海东富 龙德惠净 化空调工 程安装有限公司</td>
    <td>100,000,00 0.00元</td>
    <td>上海市奉贤区沪杭公路1377号</td>
    <td>上海市奉贤区沪杭公路1377号1 幢二层</td>
    <td>设计、 施工</td>
    <td>0.00%</td>
    <td>100.00%</td>
    <td>设立或 投资</td>
  </tr>
  <tr>
    <td>东富龙 （印度）私人有限 公司</td>
    <td>4,500,000. 00印度卢 比</td>
    <td>Plot no.22,Sy No.276 to 280,Pashamylara m,Industrial area,Patancheru Mandal,Sangared dy,Hyderabad,Te langana,India</td>
    <td>169, Zodiac Royal Palm, Room 406, East Goregaon, Aarey Milk Colony, Maharashtra, India.</td>
    <td>生产销 售</td>
    <td>100.00%</td>
    <td>0.00%</td>
    <td>设立或 投资</td>
  </tr>
  <tr>
    <td>上海东富龙爱瑞思 科技有限 公司</td>
    <td>1,500,000. 00美元</td>
    <td>上海市闵行区都会路139号</td>
    <td>上海市闵行区放鹤路2199号第1 幢A区</td>
    <td>生产销 售</td>
    <td>70.00%</td>
    <td>0.00%</td>
    <td>设立或 投资</td>
  </tr>
  <tr>
    <td>东富龙包 装技术 （上海）有限公司</td>
    <td>5,776,976. 00元</td>
    <td>上海市闵行区都会路139号</td>
    <td>上海市闵行区都会路1509号3幢 1层B区</td>
    <td>生产销 售</td>
    <td>100.00%</td>
    <td>0.00%</td>
    <td>非同一 控制下合并</td>
  </tr>
  <tr>
    <td>上海东富 龙拓溥科 技有限公 司</td>
    <td>1,500,000. 00美元</td>
    <td>上海市金山区金争路69号</td>
    <td>上海市金山区金争路69号1幢1 层C区</td>
    <td>生产销 售</td>
    <td>70.00%</td>
    <td>0.00%</td>
    <td>设立或 投资</td>
  </tr>
  <tr>
    <td>上海东富 龙制药设 备工程有限公司</td>
    <td>148,000,00 0.00元</td>
    <td>上海市奉贤区沪杭公路1377号</td>
    <td>上海市奉贤区沪杭公路1377号1 幢一层</td>
    <td>生产销 售</td>
    <td>100.00%</td>
    <td>0.00%</td>
    <td>非同一 控制下合并</td>
  </tr>
  <tr>
    <td>上海东富龙医疗科</td>
    <td>500,000,00 0.00元</td>
    <td>上海市闵行区都会路139号</td>
    <td>上海市闵行区都会路139号1幢1</td>
    <td>生产销 售</td>
    <td>100.00%</td>
    <td>0.00%</td>
    <td>设立或 投资</td>
  </tr>
  <tr>
    <td>技产业发展有限公司</td>
    <td></td>
    <td></td>
    <td>楼A区</td>
    <td></td>
    <td></td>
    <td></td>
    <td></td>
  </tr>
  <tr>
    <td>上海东富龙信息技术有限公司</td>
    <td>30,000,000.00元</td>
    <td>上海市闵行区都会路139号</td>
    <td>上海市闵行区都会路139号1幢3楼A区</td>
    <td>软件开 发、销售</td>
    <td>0.00%</td>
    <td>100.00%</td>
    <td>非同一 控制下合并</td>
  </tr>
  <tr>
    <td>东富龙生命科技有限公司</td>
    <td>150,000,00 0.00元</td>
    <td>上海市闵行区都会路139号</td>
    <td>上海市闵行区都会路139号1幢5楼；4幢3楼丙区</td>
    <td>生产销 售</td>
    <td>0.00%</td>
    <td>100.00%</td>
    <td>设立或 投资</td>
  </tr>
  <tr>
    <td>上海涵欧制药设备有限公司</td>
    <td>8,333,333. 00元</td>
    <td>上海市闵行区放鹤路2199号</td>
    <td>上海市奉贤区西 闸公路339号 306、307、308室</td>
    <td>生产销 售</td>
    <td>100.00%</td>
    <td>0.00%</td>
    <td>非同一 控制下合并</td>
  </tr>
  <tr>
    <td>上海承欢轻工机械有限公司</td>
    <td>24,735,000.00元</td>
    <td>上海市奉贤区沪杭公路1377号</td>
    <td>上海市奉贤区奉城镇洪朱路2803 号</td>
    <td>生产销 售</td>
    <td>51.00%</td>
    <td>0.00%</td>
    <td>非同一 控制下合并</td>
  </tr>
  <tr>
    <td>上海东富龙海崴生物科技有限公司</td>
    <td>50,000,000.00元</td>
    <td>上海市金山工业区金流路399号</td>
    <td>上海市金山工业区金流路399号1幢</td>
    <td>生产销 售</td>
    <td>87.70%</td>
    <td>0.00%</td>
    <td>非同一 控制下合并</td>
  </tr>
  <tr>
    <td>上海涌前智能装备有限公司</td>
    <td>10,000,000.00元</td>
    <td>上海市奉贤区沪杭公路1377号1幢三层</td>
    <td>上海市奉贤区沪杭公路1377号1 幢三层</td>
    <td>生产销 售</td>
    <td>0.00%</td>
    <td>70.00%</td>
    <td>设立或 投资</td>
  </tr>
  <tr>
    <td>东富龙俄罗斯有限公司</td>
    <td>1,200,000. 00俄罗斯 卢布</td>
    <td>125196, Moscow, 4th Lesnoy lane 13, Third floor, Apartment I, Rooms 1-5</td>
    <td>4-2 Lgarsky proezd, Moscow, Russia.</td>
    <td>销售</td>
    <td>100.00%</td>
    <td>0.00%</td>
    <td>设立或 投资</td>
  </tr>
  <tr>
    <td>东富龙智能装备制造（江苏）有限公司</td>
    <td>300,000,00 0.00元</td>
    <td>东台经济开发区人民路366号</td>
    <td>东台经济开发区 人民路366号</td>
    <td>生产销 售</td>
    <td>100.00%</td>
    <td>0.00%</td>
    <td>设立或 投资</td>
  </tr>
  <tr>
    <td>上海东富龙医用包装材料有限公司</td>
    <td>30,000,000.00元</td>
    <td>上海市闵行区都会路139号4幢3层乙区</td>
    <td>上海市闵行区都会路139号4幢3层乙区</td>
    <td>生产销 售</td>
    <td>0.00%</td>
    <td>100.00%</td>
    <td>设立或 投资</td>
  </tr>
  <tr>
    <td>东富龙包装技术（江苏）有限公司</td>
    <td>20,000,000.00元</td>
    <td>东台经济开发区人民路366号</td>
    <td>东台经济开发区 人民路366号</td>
    <td>生产销 售</td>
    <td>0.00%</td>
    <td>100.00%</td>
    <td>设立或 投资</td>
  </tr>
  <tr>
    <td>河南东富龙医用包装材料有限公司</td>
    <td>20,000,000.00元</td>
    <td>郑州航空港经济综合实验区黄海路与生物科技二街交叉口东北角郑州临空生物医药园16号楼</td>
    <td>郑州航空港经济 综合实验区黄海路与生物科技二街交叉口东北角郑州临空生物医药园16号楼</td>
    <td>生产销 售</td>
    <td>100.00%</td>
    <td>0.00%</td>
    <td>设立或 投资</td>
  </tr>
  <tr>
    <td>四川东富龙药用包装材料有</td>
    <td>20,000,000.00元</td>
    <td>成都天府国际生物城（双流区凤凰路618号）</td>
    <td>成都天府国际生物城（双流区凤 凰路618号）</td>
    <td>生产销 售</td>
    <td>100.00%</td>
    <td>0.00%</td>
    <td>设立或 投资</td>
  </tr>
  <tr>
    <td>限公司</td>
    <td></td>
    <td></td>
    <td></td>
    <td></td>
    <td></td>
    <td></td>
    <td></td>
  </tr>
  <tr>
    <td>上海东富龙生物试剂有限公司</td>
    <td>20,000,000.00元</td>
    <td>上海市闵行区都会路139号4幢2楼甲区</td>
    <td>上海市闵行区都会路139号4幢2楼甲区</td>
    <td>生产销 售</td>
    <td>0.00%</td>
    <td>100.00%</td>
    <td>设立或 投资</td>
  </tr>
  <tr>
    <td>嘉兴千纯生物科技有限公司</td>
    <td>10,204,000.00元</td>
    <td>浙江省嘉兴市平湖经济技术开发区新兴二路988号6幢3楼西侧</td>
    <td>浙江省嘉兴市平 湖经济技术开发区新兴二路988号6幢3楼西侧</td>
    <td>生产销 售</td>
    <td>0.00%</td>
    <td>51.00%</td>
    <td>非同一 控制下合并</td>
  </tr>
  <tr>
    <td>東富龍香港有限公司</td>
    <td>10,000.00 港元</td>
    <td>香港观塘区观塘道348号宏利坊6楼</td>
    <td>香港观塘区观塘 道348号宏利坊6楼</td>
    <td>销售</td>
    <td>100.00%</td>
    <td>0.00%</td>
    <td>设立或 投资</td>
  </tr>
  <tr>
    <td>浙江东富龙生物技术有限公司</td>
    <td>200,000,00 0.00元</td>
    <td>浙江省杭州市钱塘新区下沙街道和享科技中心 21幢621室</td>
    <td>浙江省杭州市钱塘新区下沙街道和享科技中心21 幢621室</td>
    <td>生产销 售</td>
    <td>100.00%</td>
    <td>0.00%</td>
    <td>设立或 投资</td>
  </tr>
  <tr>
    <td>东富龙（印尼）有限责任公司</td>
    <td>10,000,000,000.00印 尼盾</td>
    <td>Talavera Office Park Lt.21 Suite #05, JI.TB. Simatupang Kav.22-26, Kel.</td>
    <td>Talavera Office Park Lt.21 Suite #05, JI.TB. Simatupang Kav.22-26, Kel.Cilandak Barat, Kec Cilandak,Kota Adm, Jakata Selatan, Provinsi DKI Jakarta</td>
    <td>售后服 务</td>
    <td>99.00%</td>
    <td>1.00%</td>
    <td>设立或 投资</td>
  </tr>
  <tr>
    <td>东富龙土耳其机械贸易有限公司</td>
    <td>10,000.00土耳其里 拉</td>
    <td>Esentepe Mah.Harman 1 Sk.Duran Is Merkezi Blok NO:4/8 SISL</td>
    <td>Esentepe Mah.Harman 1 Sk.Duran Is Merkezi Blok NO:4/8 SISL</td>
    <td>售后服 务</td>
    <td>100.00%</td>
    <td>0.00%</td>
    <td>设立或 投资</td>
  </tr>
  <tr>
    <td>东富龙（澳大利亚）私人有限公司</td>
    <td>10,000.00 澳大利亚 元</td>
    <td>Suite 509, Level 5,379-383 Pitt Street, Sydney NSW 2000</td>
    <td>Suite 509, Level 5,379-383 Pitt Street, Sydney NSW 2000</td>
    <td>售后服 务</td>
    <td>100.00%</td>
    <td>0.00%</td>
    <td>设立或 投资</td>
  </tr>
  <tr>
    <td>东富龙（迪拜）有限公司</td>
    <td>367,000.00 阿联酋迪 拉姆</td>
    <td>Unit No:778 DMCC Business Centre Level No.1 Jewellery & Gemplex 3 Dubai United Arab Emirates</td>
    <td>Unit No:778 DMCC Business Centre Level No.1 Jewellery & Gemplex 3 Dubai United Arab Emirates</td>
    <td>售后服 务</td>
    <td>100.00%</td>
    <td>0.00%</td>
    <td>设立或 投资</td>
  </tr>
  <tr>
    <td>东富龙（越南）有限公司</td>
    <td>100,000.00 美元</td>
    <td>7th Floor,PDD Office Building,No 162 Pasteur street,Ben Nghe Ward,District 1,Ho Chi Minh City,Vietnam</td>
    <td>2 / F, River View Building, 1119 Tran Kheng Road, 05 Shek Ka Road, Ho Chi Minh City, Vietnam</td>
    <td>售后服 务</td>
    <td>100.00%</td>
    <td>0.00%</td>
    <td>设立或 投资</td>
  </tr>
  <tr>
    <td>东富龙（南非）私人公司</td>
    <td>10,000.00 南非兰特</td>
    <td>27 Newmark Estate Silver LakesRoad,Pretoria,Ga uteng,0081</td>
    <td>27 Newmark Estate Silver Lakes Road,Pretoria,Gauteng,0081</td>
    <td>售后服 务</td>
    <td>100.00%</td>
    <td>0.00%</td>
    <td>设立或 投资</td>
  </tr>
  <tr>
    <td>江苏辉河包装机械有限公司</td>
    <td>12,367,925.00元</td>
    <td>东台经济开发区人民路366号</td>
    <td>东台经济开发区 人民路366号</td>
    <td>生产销 售</td>
    <td>51.00%</td>
    <td>0.00%</td>
    <td>非同一 控制下 合并</td>
  </tr>
  <tr>
    <td>东富龙千纯生物科技（上海）有限公司</td>
    <td>50,000,000.00元</td>
    <td>上海市化学工业区目华路201号1幢20层2012室</td>
    <td>上海市化学工业区目华路201号1幢20层2012室</td>
    <td>生产销 售</td>
    <td>0.00%</td>
    <td>51.00%</td>
    <td>设立或 投资</td>
  </tr>
  <tr>
    <td>东富龙日本株式会社</td>
    <td>8,000,000. 00日元</td>
    <td>2-10-3,Misono-Chou,Yao- City,Osaka 581- 0818,Japan</td>
    <td>2-10-3,Misono- Chou,Yao- City,Osaka581-0818,Japan</td>
    <td>销售</td>
    <td>100.00%</td>
    <td>0.00%</td>
    <td>设立或 投资</td>
  </tr>
  <tr>
    <td>东富龙包装设备制造（江苏）有限公司</td>
    <td>20,000,000.00元</td>
    <td>东台经济开发区人民路366号</td>
    <td>东台经济开发区 人民路366号</td>
    <td>生产销 售</td>
    <td>100.00%</td>
    <td>0.00%</td>
    <td>新设</td>
  </tr>
  <tr>
    <td>上海东富龙检测技术有限公司</td>
    <td>10,000,000.00元</td>
    <td>上海市闵行区都会路139号1幢1楼C区</td>
    <td>上海市闵行区都会路139号1幢1楼C区</td>
    <td>生产销 售</td>
    <td>100.00%</td>
    <td>0.00%</td>
    <td>新设</td>
  </tr>
  <tr>
    <td>江苏承欢轻工机械有限公司</td>
    <td>20,000,000.00元</td>
    <td>东台经济开发区人民路366号</td>
    <td>东台经济开发区 人民路366号</td>
    <td>生产销 售</td>
    <td>0.00%</td>
    <td>100.00%</td>
    <td>新设</td>
  </tr>
  <tr>
    <td>东富龙水技术工程（上海）有限公司</td>
    <td>30,000,000.00元</td>
    <td>上海市金山区金争路69号1幢2层</td>
    <td>上海市金山区金争路69号1幢2 层</td>
    <td>生产销 售</td>
    <td>0.00%</td>
    <td>55.00%</td>
    <td>合资新 设</td>
  </tr>
  <tr>
    <td>东富龙派轲瑞自动化科技（上海）有限公司</td>
    <td>39,998,680.00元</td>
    <td>上海市闵行区都会路139号1幢四层B区</td>
    <td>上海市闵行区都 会路139号1幢四层B区</td>
    <td>生产销 售</td>
    <td>0.00%</td>
    <td>60.00%</td>
    <td>合资新 设</td>
  </tr>
  <tr>
    <td>东富龙（德国）有限公司</td>
    <td>200,000.00 欧元</td>
    <td>Amselweg 15,73765 Neuhausen auf den Fildern</td>
    <td>Amselweg 15,73765 Neuhausen auf den Fildern</td>
    <td>销售</td>
    <td>100.00%</td>
    <td>0.00%</td>
    <td>新设</td>
  </tr>
  <tr>
    <td>东富龙AND CIMA（巴拿马）</td>
    <td>10,000.00 美元</td>
    <td>Panama City</td>
    <td>Panama City</td>
    <td>销售</td>
    <td>70.00%</td>
    <td>0.00%</td>
    <td>新设</td>
  </tr>
  <tr>
    <td>东富龙新加坡有限公司</td>
    <td>10,000.00新加坡元</td>
    <td>111 North Bridge Road #29-06A Peninsula Plaza Singapore (179098)</td>
    <td>111 North Bridge Road #29-06A Peninsula Plaza Singapore (179098)</td>
    <td>销售与 售后服务</td>
    <td>100.00%</td>
    <td>0.00%</td>
    <td>新设</td>
  </tr>
  <tr>
    <td>东富龙意达有限公司</td>
    <td>500,000.00 欧元</td>
    <td>Via M. Buonarroti,43 - 28060 San Pietro Mosezzo, Fraz. Nibbia (NO)Italy</td>
    <td>San Pietro Mosezzo (No) Via Michelangelo Buonarroti 43 Cap 28060 Frazione:Nibbia</td>
    <td>生产销 售</td>
    <td>75.00%</td>
    <td>0.00%</td>
    <td>新设</td>
  </tr>
  <tr>
    <td>Pharmatec h Srl</td>
    <td>10,000.00 欧元</td>
    <td>Via Emilia 15, 24052 Azzano San Paolo( BG)</td>
    <td>Via Vincenzo Bellini 49, 24129 Bergamo (BG)</td>
    <td>销售与 售后服 务</td>
    <td>0.00%</td>
    <td>100.00%</td>
    <td>非同一 控制下合并</td>
  </tr>
  <tr>
    <td>Renggli.A G</td>
    <td>500,000.00 瑞士法郎</td>
    <td>Birkenstrasse 31 6343 Rotkreuz</td>
    <td>Birkenstrasse 31 6343 Rotkreuz</td>
    <td>生产销 售</td>
    <td>0.00%</td>
    <td>100.00%</td>
    <td>非同一 控制下 合并</td>
  </tr>
  <tr>
    <td>赛普（杭州）过滤科技有限公司</td>
    <td>4,190,211.0 0元</td>
    <td>浙江省杭州市钱塘区下沙街道银海科创中心17 幢101室</td>
    <td>浙江省杭州市钱塘区下沙街道银海科创中心17幢 101室</td>
    <td>生产销 售</td>
    <td>0.00%</td>
    <td>52.00%</td>
    <td>非同一 控制下 合并</td>
  </tr>
  <tr>
    <td>东之恒（杭州）工程技术有限公司</td>
    <td>10,000,000.00元</td>
    <td>浙江省杭州市钱塘区下沙街道福城路400号2幢309室</td>
    <td>浙江省杭州市钱 塘区下沙街道福城路400号2幢309室</td>
    <td>设计、 施工</td>
    <td>0.00%</td>
    <td>51.00%</td>
    <td>非同一 控制下 合并</td>
  </tr>
  <tr>
    <td>东富龙（广州）生命科学研究有限公司</td>
    <td>20,000,000.00元</td>
    <td>广州市黄埔区科学大道60号 909单元</td>
    <td>广州市黄埔区科学大道60号909 单元</td>
    <td>研发</td>
    <td>0.00%</td>
    <td>100.00%</td>
    <td>新设</td>
  </tr>
  <tr>
    <td>上海东富龙设备服务有限公司</td>
    <td>50,000,000.00元</td>
    <td>上海市闵行区都会路139号1幢1层B区</td>
    <td>上海市闵行区都会路139号1幢1层B区</td>
    <td>售后服 务</td>
    <td>100.00%</td>
    <td>0.00%</td>
    <td>新设</td>
  </tr>
</table>

> Note: merged cells detected, rendered as HTML table.

---
## 企业集团的构成

单位：元

<table id='19c13115ccc96aeec3f5801d829d7647' titleId='19c13115ccc96aeec3f5801d829d7647' headId='19c13115ccc96aeec3f5801d829d7647'>
  <tr>
    <td rowspan=""2"">子公司名称</td>
    <td rowspan=""2"">注册资本</td>
    <td rowspan=""2"">主要经营地</td>
    <td rowspan=""2"">注册地</td>
    <td rowspan=""2"">业务性质</td>
    <td colspan=""2"">持股比例</td>
    <td rowspan=""2"">取得方式</td>
  </tr>
  <tr>
    <td>直接</td>
    <td>间接</td>
  </tr>
  <tr>
    <td>上海共和 真空技术</td>
    <td>350,000.00 美元</td>
    <td>上海市闵行区都会路1509号</td>
    <td>上海市闵行区都会路1509号2幢</td>
    <td>生产销 售</td>
    <td>51.00%</td>
    <td>0.00%</td>
    <td>非同一 控制下</td>
  </tr>
  <tr>
    <td>有限公司</td>
    <td></td>
    <td></td>
    <td>1楼</td>
    <td></td>
    <td></td>
    <td></td>
    <td>合并</td>
  </tr>
  <tr>
    <td>东富龙 （美国）有限责任 公司</td>
    <td>200,000.00 美元</td>
    <td>955 s. Springfield Avenue, First Floor, Building A， Springfield， New Jersey ,07081</td>
    <td>Jans Carlowood Street, New York, USA</td>
    <td>销售</td>
    <td>100.00%</td>
    <td>0.00%</td>
    <td>设立或 投资</td>
  </tr>
  <tr>
    <td>上海东富 龙制药设 备制造有 限公司</td>
    <td>120,000,00 0.00元</td>
    <td>上海市金山区金流路399号</td>
    <td>上海市金山区金 流路399号</td>
    <td>生产销 售</td>
    <td>100.00%</td>
    <td>0.00%</td>
    <td>设立或 投资</td>
  </tr>
  <tr>
    <td>上海东富 龙智能工 程有限公司</td>
    <td>100,000,00 0.00元</td>
    <td>上海市闵行区都会路139号</td>
    <td>上海市闵行区东 川路555号丙楼5106室</td>
    <td>软件开 发</td>
    <td>100.00%</td>
    <td>0.00%</td>
    <td>设立或 投资</td>
  </tr>
  <tr>
    <td>上海东富 龙德惠空 调设备有 限公司</td>
    <td>70,000,000.00元</td>
    <td>上海市奉贤区沪杭公路1377号</td>
    <td>上海市奉贤区沪杭公路1377号3 幢</td>
    <td>生产销 售</td>
    <td>100.00%</td>
    <td>0.00%</td>
    <td>设立或 投资</td>
  </tr>
  <tr>
    <td>上海东富 龙德惠净 化空调工 程安装有限公司</td>
    <td>100,000,00 0.00元</td>
    <td>上海市奉贤区沪杭公路1377号</td>
    <td>上海市奉贤区沪杭公路1377号1 幢二层</td>
    <td>设计、 施工</td>
    <td>0.00%</td>
    <td>100.00%</td>
    <td>设立或 投资</td>
  </tr>
  <tr>
    <td>东富龙 （印度）私人有限 公司</td>
    <td>4,500,000. 00印度卢 比</td>
    <td>Plot no.22,Sy No.276 to 280,Pashamylara m,Industrial area,Patancheru Mandal,Sangared dy,Hyderabad,Te langana,India</td>
    <td>169, Zodiac Royal Palm, Room 406, East Goregaon, Aarey Milk Colony, Maharashtra, India.</td>
    <td>生产销 售</td>
    <td>100.00%</td>
    <td>0.00%</td>
    <td>设立或 投资</td>
  </tr>
  <tr>
    <td>上海东富龙爱瑞思 科技有限 公司</td>
    <td>1,500,000. 00美元</td>
    <td>上海市闵行区都会路139号</td>
    <td>上海市闵行区放鹤路2199号第1 幢A区</td>
    <td>生产销 售</td>
    <td>70.00%</td>
    <td>0.00%</td>
    <td>设立或 投资</td>
  </tr>
  <tr>
    <td>东富龙包 装技术 （上海）有限公司</td>
    <td>5,776,976. 00元</td>
    <td>上海市闵行区都会路139号</td>
    <td>上海市闵行区都会路1509号3幢 1层B区</td>
    <td>生产销 售</td>
    <td>100.00%</td>
    <td>0.00%</td>
    <td>非同一 控制下合并</td>
  </tr>
  <tr>
    <td>上海东富 龙拓溥科 技有限公 司</td>
    <td>1,500,000. 00美元</td>
    <td>上海市金山区金争路69号</td>
    <td>上海市金山区金争路69号1幢1 层C区</td>
    <td>生产销 售</td>
    <td>70.00%</td>
    <td>0.00%</td>
    <td>设立或 投资</td>
  </tr>
  <tr>
    <td>上海东富 龙制药设 备工程有限公司</td>
    <td>148,000,00 0.00元</td>
    <td>上海市奉贤区沪杭公路1377号</td>
    <td>上海市奉贤区沪杭公路1377号1 幢一层</td>
    <td>生产销 售</td>
    <td>100.00%</td>
    <td>0.00%</td>
    <td>非同一 控制下合并</td>
  </tr>
  <tr>
    <td>上海东富龙医疗科</td>
    <td>500,000,00 0.00元</td>
    <td>上海市闵行区都会路139号</td>
    <td>上海市闵行区都会路139号1幢1</td>
    <td>生产销 售</td>
    <td>100.00%</td>
    <td>0.00%</td>
    <td>设立或 投资</td>
  </tr>
  <tr>
    <td>技产业发展有限公司</td>
    <td></td>
    <td></td>
    <td>楼A区</td>
    <td></td>
    <td></td>
    <td></td>
    <td></td>
  </tr>
  <tr>
    <td>上海东富龙信息技术有限公司</td>
    <td>30,000,000.00元</td>
    <td>上海市闵行区都会路139号</td>
    <td>上海市闵行区都会路139号1幢3楼A区</td>
    <td>软件开 发、销售</td>
    <td>0.00%</td>
    <td>100.00%</td>
    <td>非同一 控制下合并</td>
  </tr>
  <tr>
    <td>东富龙生命科技有限公司</td>
    <td>150,000,00 0.00元</td>
    <td>上海市闵行区都会路139号</td>
    <td>上海市闵行区都会路139号1幢5楼；4幢3楼丙区</td>
    <td>生产销 售</td>
    <td>0.00%</td>
    <td>100.00%</td>
    <td>设立或 投资</td>
  </tr>
  <tr>
    <td>上海涵欧制药设备有限公司</td>
    <td>8,333,333. 00元</td>
    <td>上海市闵行区放鹤路2199号</td>
    <td>上海市奉贤区西 闸公路339号 306、307、308室</td>
    <td>生产销 售</td>
    <td>100.00%</td>
    <td>0.00%</td>
    <td>非同一 控制下合并</td>
  </tr>
  <tr>
    <td>上海承欢轻工机械有限公司</td>
    <td>24,735,000.00元</td>
    <td>上海市奉贤区沪杭公路1377号</td>
    <td>上海市奉贤区奉城镇洪朱路2803 号</td>
    <td>生产销 售</td>
    <td>51.00%</td>
    <td>0.00%</td>
    <td>非同一 控制下合并</td>
  </tr>
  <tr>
    <td>上海东富龙海崴生物科技有限公司</td>
    <td>50,000,000.00元</td>
    <td>上海市金山工业区金流路399号</td>
    <td>上海市金山工业区金流路399号1幢</td>
    <td>生产销 售</td>
    <td>87.70%</td>
    <td>0.00%</td>
    <td>非同一 控制下合并</td>
  </tr>
  <tr>
    <td>上海涌前智能装备有限公司</td>
    <td>10,000,000.00元</td>
    <td>上海市奉贤区沪杭公路1377号1幢三层</td>
    <td>上海市奉贤区沪杭公路1377号1 幢三层</td>
    <td>生产销 售</td>
    <td>0.00%</td>
    <td>70.00%</td>
    <td>设立或 投资</td>
  </tr>
  <tr>
    <td>东富龙俄罗斯有限公司</td>
    <td>1,200,000. 00俄罗斯 卢布</td>
    <td>125196, Moscow, 4th Lesnoy lane 13, Third floor, Apartment I, Rooms 1-5</td>
    <td>4-2 Lgarsky proezd, Moscow, Russia.</td>
    <td>销售</td>
    <td>100.00%</td>
    <td>0.00%</td>
    <td>设立或 投资</td>
  </tr>
  <tr>
    <td>东富龙智能装备制造（江苏）有限公司</td>
    <td>300,000,00 0.00元</td>
    <td>东台经济开发区人民路366号</td>
    <td>东台经济开发区 人民路366号</td>
    <td>生产销 售</td>
    <td>100.00%</td>
    <td>0.00%</td>
    <td>设立或 投资</td>
  </tr>
  <tr>
    <td>上海东富龙医用包装材料有限公司</td>
    <td>30,000,000.00元</td>
    <td>上海市闵行区都会路139号4幢3层乙区</td>
    <td>上海市闵行区都会路139号4幢3层乙区</td>
    <td>生产销 售</td>
    <td>0.00%</td>
    <td>100.00%</td>
    <td>设立或 投资</td>
  </tr>
  <tr>
    <td>东富龙包装技术（江苏）有限公司</td>
    <td>20,000,000.00元</td>
    <td>东台经济开发区人民路366号</td>
    <td>东台经济开发区 人民路366号</td>
    <td>生产销 售</td>
    <td>0.00%</td>
    <td>100.00%</td>
    <td>设立或 投资</td>
  </tr>
  <tr>
    <td>河南东富龙医用包装材料有限公司</td>
    <td>20,000,000.00元</td>
    <td>郑州航空港经济综合实验区黄海路与生物科技二街交叉口东北角郑州临空生物医药园16号楼</td>
    <td>郑州航空港经济 综合实验区黄海路与生物科技二街交叉口东北角郑州临空生物医药园16号楼</td>
    <td>生产销 售</td>
    <td>100.00%</td>
    <td>0.00%</td>
    <td>设立或 投资</td>
  </tr>
  <tr>
    <td>四川东富龙药用包装材料有</td>
    <td>20,000,000.00元</td>
    <td>成都天府国际生物城（双流区凤凰路618号）</td>
    <td>成都天府国际生物城（双流区凤 凰路618号）</td>
    <td>生产销 售</td>
    <td>100.00%</td>
    <td>0.00%</td>
    <td>设立或 投资</td>
  </tr>
  <tr>
    <td>限公司</td>
    <td></td>
    <td></td>
    <td></td>
    <td></td>
    <td></td>
    <td></td>
    <td></td>
  </tr>
  <tr>
    <td>上海东富龙生物试剂有限公司</td>
    <td>20,000,000.00元</td>
    <td>上海市闵行区都会路139号4幢2楼甲区</td>
    <td>上海市闵行区都会路139号4幢2楼甲区</td>
    <td>生产销 售</td>
    <td>0.00%</td>
    <td>100.00%</td>
    <td>设立或 投资</td>
  </tr>
  <tr>
    <td>嘉兴千纯生物科技有限公司</td>
    <td>10,204,000.00元</td>
    <td>浙江省嘉兴市平湖经济技术开发区新兴二路988号6幢3楼西侧</td>
    <td>浙江省嘉兴市平 湖经济技术开发区新兴二路988号6幢3楼西侧</td>
    <td>生产销 售</td>
    <td>0.00%</td>
    <td>51.00%</td>
    <td>非同一 控制下合并</td>
  </tr>
  <tr>
    <td>東富龍香港有限公司</td>
    <td>10,000.00 港元</td>
    <td>香港观塘区观塘道348号宏利坊6楼</td>
    <td>香港观塘区观塘 道348号宏利坊6楼</td>
    <td>销售</td>
    <td>100.00%</td>
    <td>0.00%</td>
    <td>设立或 投资</td>
  </tr>
  <tr>
    <td>浙江东富龙生物技术有限公司</td>
    <td>200,000,00 0.00元</td>
    <td>浙江省杭州市钱塘新区下沙街道和享科技中心 21幢621室</td>
    <td>浙江省杭州市钱塘新区下沙街道和享科技中心21 幢621室</td>
    <td>生产销 售</td>
    <td>100.00%</td>
    <td>0.00%</td>
    <td>设立或 投资</td>
  </tr>
  <tr>
    <td>东富龙（印尼）有限责任公司</td>
    <td>10,000,000,000.00印 尼盾</td>
    <td>Talavera Office Park Lt.21 Suite #05, JI.TB. Simatupang Kav.22-26, Kel.</td>
    <td>Talavera Office Park Lt.21 Suite #05, JI.TB. Simatupang Kav.22-26, Kel.Cilandak Barat, Kec Cilandak,Kota Adm, Jakata Selatan, Provinsi DKI Jakarta</td>
    <td>售后服 务</td>
    <td>99.00%</td>
    <td>1.00%</td>
    <td>设立或 投资</td>
  </tr>
  <tr>
    <td>东富龙土耳其机械贸易有限公司</td>
    <td>10,000.00土耳其里 拉</td>
    <td>Esentepe Mah.Harman 1 Sk.Duran Is Merkezi Blok NO:4/8 SISL</td>
    <td>Esentepe Mah.Harman 1 Sk.Duran Is Merkezi Blok NO:4/8 SISL</td>
    <td>售后服 务</td>
    <td>100.00%</td>
    <td>0.00%</td>
    <td>设立或 投资</td>
  </tr>
  <tr>
    <td>东富龙（澳大利亚）私人有限公司</td>
    <td>10,000.00 澳大利亚 元</td>
    <td>Suite 509, Level 5,379-383 Pitt Street, Sydney NSW 2000</td>
    <td>Suite 509, Level 5,379-383 Pitt Street, Sydney NSW 2000</td>
    <td>售后服 务</td>
    <td>100.00%</td>
    <td>0.00%</td>
    <td>设立或 投资</td>
  </tr>
  <tr>
    <td>东富龙（迪拜）有限公司</td>
    <td>367,000.00 阿联酋迪 拉姆</td>
    <td>Unit No:778 DMCC Business Centre Level No.1 Jewellery & Gemplex 3 Dubai United Arab Emirates</td>
    <td>Unit No:778 DMCC Business Centre Level No.1 Jewellery & Gemplex 3 Dubai United Arab Emirates</td>
    <td>售后服 务</td>
    <td>100.00%</td>
    <td>0.00%</td>
    <td>设立或 投资</td>
  </tr>
  <tr>
    <td>东富龙（越南）有限公司</td>
    <td>100,000.00 美元</td>
    <td>7th Floor,PDD Office Building,No 162 Pasteur street,Ben Nghe Ward,District 1,Ho Chi Minh City,Vietnam</td>
    <td>2 / F, River View Building, 1119 Tran Kheng Road, 05 Shek Ka Road, Ho Chi Minh City, Vietnam</td>
    <td>售后服 务</td>
    <td>100.00%</td>
    <td>0.00%</td>
    <td>设立或 投资</td>
  </tr>
  <tr>
    <td>东富龙（南非）私人公司</td>
    <td>10,000.00 南非兰特</td>
    <td>27 Newmark Estate Silver LakesRoad,Pretoria,Ga uteng,0081</td>
    <td>27 Newmark Estate Silver Lakes Road,Pretoria,Gauteng,0081</td>
    <td>售后服 务</td>
    <td>100.00%</td>
    <td>0.00%</td>
    <td>设立或 投资</td>
  </tr>
  <tr>
    <td>江苏辉河包装机械有限公司</td>
    <td>12,367,925.00元</td>
    <td>东台经济开发区人民路366号</td>
    <td>东台经济开发区 人民路366号</td>
    <td>生产销 售</td>
    <td>51.00%</td>
    <td>0.00%</td>
    <td>非同一 控制下 合并</td>
  </tr>
  <tr>
    <td>东富龙千纯生物科技（上海）有限公司</td>
    <td>50,000,000.00元</td>
    <td>上海市化学工业区目华路201号1幢20层2012室</td>
    <td>上海市化学工业区目华路201号1幢20层2012室</td>
    <td>生产销 售</td>
    <td>0.00%</td>
    <td>51.00%</td>
    <td>设立或 投资</td>
  </tr>
  <tr>
    <td>东富龙日本株式会社</td>
    <td>8,000,000. 00日元</td>
    <td>2-10-3,Misono-Chou,Yao- City,Osaka 581- 0818,Japan</td>
    <td>2-10-3,Misono- Chou,Yao- City,Osaka581-0818,Japan</td>
    <td>销售</td>
    <td>100.00%</td>
    <td>0.00%</td>
    <td>设立或 投资</td>
  </tr>
  <tr>
    <td>东富龙包装设备制造（江苏）有限公司</td>
    <td>20,000,000.00元</td>
    <td>东台经济开发区人民路366号</td>
    <td>东台经济开发区 人民路366号</td>
    <td>生产销 售</td>
    <td>100.00%</td>
    <td>0.00%</td>
    <td>新设</td>
  </tr>
  <tr>
    <td>上海东富龙检测技术有限公司</td>
    <td>10,000,000.00元</td>
    <td>上海市闵行区都会路139号1幢1楼C区</td>
    <td>上海市闵行区都会路139号1幢1楼C区</td>
    <td>生产销 售</td>
    <td>100.00%</td>
    <td>0.00%</td>
    <td>新设</td>
  </tr>
  <tr>
    <td>江苏承欢轻工机械有限公司</td>
    <td>20,000,000.00元</td>
    <td>东台经济开发区人民路366号</td>
    <td>东台经济开发区 人民路366号</td>
    <td>生产销 售</td>
    <td>0.00%</td>
    <td>100.00%</td>
    <td>新设</td>
  </tr>
  <tr>
    <td>东富龙水技术工程（上海）有限公司</td>
    <td>30,000,000.00元</td>
    <td>上海市金山区金争路69号1幢2层</td>
    <td>上海市金山区金争路69号1幢2 层</td>
    <td>生产销 售</td>
    <td>0.00%</td>
    <td>55.00%</td>
    <td>合资新 设</td>
  </tr>
  <tr>
    <td>东富龙派轲瑞自动化科技（上海）有限公司</td>
    <td>39,998,680.00元</td>
    <td>上海市闵行区都会路139号1幢四层B区</td>
    <td>上海市闵行区都 会路139号1幢四层B区</td>
    <td>生产销 售</td>
    <td>0.00%</td>
    <td>60.00%</td>
    <td>合资新 设</td>
  </tr>
  <tr>
    <td>东富龙（德国）有限公司</td>
    <td>200,000.00 欧元</td>
    <td>Amselweg 15,73765 Neuhausen auf den Fildern</td>
    <td>Amselweg 15,73765 Neuhausen auf den Fildern</td>
    <td>销售</td>
    <td>100.00%</td>
    <td>0.00%</td>
    <td>新设</td>
  </tr>
  <tr>
    <td>东富龙AND CIMA（巴拿马）</td>
    <td>10,000.00 美元</td>
    <td>Panama City</td>
    <td>Panama City</td>
    <td>销售</td>
    <td>70.00%</td>
    <td>0.00%</td>
    <td>新设</td>
  </tr>
  <tr>
    <td>东富龙新加坡有限公司</td>
    <td>10,000.00新加坡元</td>
    <td>111 North Bridge Road #29-06A Peninsula Plaza Singapore (179098)</td>
    <td>111 North Bridge Road #29-06A Peninsula Plaza Singapore (179098)</td>
    <td>销售与 售后服务</td>
    <td>100.00%</td>
    <td>0.00%</td>
    <td>新设</td>
  </tr>
  <tr>
    <td>东富龙意达有限公司</td>
    <td>500,000.00 欧元</td>
    <td>Via M. Buonarroti,43 - 28060 San Pietro Mosezzo, Fraz. Nibbia (NO)Italy</td>
    <td>San Pietro Mosezzo (No) Via Michelangelo Buonarroti 43 Cap 28060 Frazione:Nibbia</td>
    <td>生产销 售</td>
    <td>75.00%</td>
    <td>0.00%</td>
    <td>新设</td>
  </tr>
  <tr>
    <td>Pharmatec h Srl</td>
    <td>10,000.00 欧元</td>
    <td>Via Emilia 15, 24052 Azzano San Paolo( BG)</td>
    <td>Via Vincenzo Bellini 49, 24129 Bergamo (BG)</td>
    <td>销售与 售后服 务</td>
    <td>0.00%</td>
    <td>100.00%</td>
    <td>非同一 控制下合并</td>
  </tr>
  <tr>
    <td>Renggli.A G</td>
    <td>500,000.00 瑞士法郎</td>
    <td>Birkenstrasse 31 6343 Rotkreuz</td>
    <td>Birkenstrasse 31 6343 Rotkreuz</td>
    <td>生产销 售</td>
    <td>0.00%</td>
    <td>100.00%</td>
    <td>非同一 控制下 合并</td>
  </tr>
  <tr>
    <td>赛普（杭州）过滤科技有限公司</td>
    <td>4,190,211.0 0元</td>
    <td>浙江省杭州市钱塘区下沙街道银海科创中心17 幢101室</td>
    <td>浙江省杭州市钱塘区下沙街道银海科创中心17幢 101室</td>
    <td>生产销 售</td>
    <td>0.00%</td>
    <td>52.00%</td>
    <td>非同一 控制下 合并</td>
  </tr>
  <tr>
    <td>东之恒（杭州）工程技术有限公司</td>
    <td>10,000,000.00元</td>
    <td>浙江省杭州市钱塘区下沙街道福城路400号2幢309室</td>
    <td>浙江省杭州市钱 塘区下沙街道福城路400号2幢309室</td>
    <td>设计、 施工</td>
    <td>0.00%</td>
    <td>51.00%</td>
    <td>非同一 控制下 合并</td>
  </tr>
  <tr>
    <td>东富龙（广州）生命科学研究有限公司</td>
    <td>20,000,000.00元</td>
    <td>广州市黄埔区科学大道60号 909单元</td>
    <td>广州市黄埔区科学大道60号909 单元</td>
    <td>研发</td>
    <td>0.00%</td>
    <td>100.00%</td>
    <td>新设</td>
  </tr>
  <tr>
    <td>上海东富龙设备服务有限公司</td>
    <td>50,000,000.00元</td>
    <td>上海市闵行区都会路139号1幢1层B区</td>
    <td>上海市闵行区都会路139号1幢1层B区</td>
    <td>售后服 务</td>
    <td>100.00%</td>
    <td>0.00%</td>
    <td>新设</td>
  </tr>
</table>

> Note: merged cells detected, rendered as HTML table.

---
## 企业集团的构成

单位：元

<table id='19c13115ccc96aeec3f5801d829d7647' titleId='19c13115ccc96aeec3f5801d829d7647' headId='19c13115ccc96aeec3f5801d829d7647'>
  <tr>
    <td rowspan=""2"">子公司名称</td>
    <td rowspan=""2"">注册资本</td>
    <td rowspan=""2"">主要经营地</td>
    <td rowspan=""2"">注册地</td>
    <td rowspan=""2"">业务性质</td>
    <td colspan=""2"">持股比例</td>
    <td rowspan=""2"">取得方式</td>
  </tr>
  <tr>
    <td>直接</td>
    <td>间接</td>
  </tr>
  <tr>
    <td>上海共和 真空技术</td>
    <td>350,000.00 美元</td>
    <td>上海市闵行区都会路1509号</td>
    <td>上海市闵行区都会路1509号2幢</td>
    <td>生产销 售</td>
    <td>51.00%</td>
    <td>0.00%</td>
    <td>非同一 控制下</td>
  </tr>
  <tr>
    <td>有限公司</td>
    <td></td>
    <td></td>
    <td>1楼</td>
    <td></td>
    <td></td>
    <td></td>
    <td>合并</td>
  </tr>
  <tr>
    <td>东富龙 （美国）有限责任 公司</td>
    <td>200,000.00 美元</td>
    <td>955 s. Springfield Avenue, First Floor, Building A， Springfield， New Jersey ,07081</td>
    <td>Jans Carlowood Street, New York, USA</td>
    <td>销售</td>
    <td>100.00%</td>
    <td>0.00%</td>
    <td>设立或 投资</td>
  </tr>
  <tr>
    <td>上海东富 龙制药设 备制造有 限公司</td>
    <td>120,000,00 0.00元</td>
    <td>上海市金山区金流路399号</td>
    <td>上海市金山区金 流路399号</td>
    <td>生产销 售</td>
    <td>100.00%</td>
    <td>0.00%</td>
    <td>设立或 投资</td>
  </tr>
  <tr>
    <td>上海东富 龙智能工 程有限公司</td>
    <td>100,000,00 0.00元</td>
    <td>上海市闵行区都会路139号</td>
    <td>上海市闵行区东 川路555号丙楼5106室</td>
    <td>软件开 发</td>
    <td>100.00%</td>
    <td>0.00%</td>
    <td>设立或 投资</td>
  </tr>
  <tr>
    <td>上海东富 龙德惠空 调设备有 限公司</td>
    <td>70,000,000.00元</td>
    <td>上海市奉贤区沪杭公路1377号</td>
    <td>上海市奉贤区沪杭公路1377号3 幢</td>
    <td>生产销 售</td>
    <td>100.00%</td>
    <td>0.00%</td>
    <td>设立或 投资</td>
  </tr>
  <tr>
    <td>上海东富 龙德惠净 化空调工 程安装有限公司</td>
    <td>100,000,00 0.00元</td>
    <td>上海市奉贤区沪杭公路1377号</td>
    <td>上海市奉贤区沪杭公路1377号1 幢二层</td>
    <td>设计、 施工</td>
    <td>0.00%</td>
    <td>100.00%</td>
    <td>设立或 投资</td>
  </tr>
  <tr>
    <td>东富龙 （印度）私人有限 公司</td>
    <td>4,500,000. 00印度卢 比</td>
    <td>Plot no.22,Sy No.276 to 280,Pashamylara m,Industrial area,Patancheru Mandal,Sangared dy,Hyderabad,Te langana,India</td>
    <td>169, Zodiac Royal Palm, Room 406, East Goregaon, Aarey Milk Colony, Maharashtra, India.</td>
    <td>生产销 售</td>
    <td>100.00%</td>
    <td>0.00%</td>
    <td>设立或 投资</td>
  </tr>
  <tr>
    <td>上海东富龙爱瑞思 科技有限 公司</td>
    <td>1,500,000. 00美元</td>
    <td>上海市闵行区都会路139号</td>
    <td>上海市闵行区放鹤路2199号第1 幢A区</td>
    <td>生产销 售</td>
    <td>70.00%</td>
    <td>0.00%</td>
    <td>设立或 投资</td>
  </tr>
  <tr>
    <td>东富龙包 装技术 （上海）有限公司</td>
    <td>5,776,976. 00元</td>
    <td>上海市闵行区都会路139号</td>
    <td>上海市闵行区都会路1509号3幢 1层B区</td>
    <td>生产销 售</td>
    <td>100.00%</td>
    <td>0.00%</td>
    <td>非同一 控制下合并</td>
  </tr>
  <tr>
    <td>上海东富 龙拓溥科 技有限公 司</td>
    <td>1,500,000. 00美元</td>
    <td>上海市金山区金争路69号</td>
    <td>上海市金山区金争路69号1幢1 层C区</td>
    <td>生产销 售</td>
    <td>70.00%</td>
    <td>0.00%</td>
    <td>设立或 投资</td>
  </tr>
  <tr>
    <td>上海东富 龙制药设 备工程有限公司</td>
    <td>148,000,00 0.00元</td>
    <td>上海市奉贤区沪杭公路1377号</td>
    <td>上海市奉贤区沪杭公路1377号1 幢一层</td>
    <td>生产销 售</td>
    <td>100.00%</td>
    <td>0.00%</td>
    <td>非同一 控制下合并</td>
  </tr>
  <tr>
    <td>上海东富龙医疗科</td>
    <td>500,000,00 0.00元</td>
    <td>上海市闵行区都会路139号</td>
    <td>上海市闵行区都会路139号1幢1</td>
    <td>生产销 售</td>
    <td>100.00%</td>
    <td>0.00%</td>
    <td>设立或 投资</td>
  </tr>
  <tr>
    <td>技产业发展有限公司</td>
    <td></td>
    <td></td>
    <td>楼A区</td>
    <td></td>
    <td></td>
    <td></td>
    <td></td>
  </tr>
  <tr>
    <td>上海东富龙信息技术有限公司</td>
    <td>30,000,000.00元</td>
    <td>上海市闵行区都会路139号</td>
    <td>上海市闵行区都会路139号1幢3楼A区</td>
    <td>软件开 发、销售</td>
    <td>0.00%</td>
    <td>100.00%</td>
    <td>非同一 控制下合并</td>
  </tr>
  <tr>
    <td>东富龙生命科技有限公司</td>
    <td>150,000,00 0.00元</td>
    <td>上海市闵行区都会路139号</td>
    <td>上海市闵行区都会路139号1幢5楼；4幢3楼丙区</td>
    <td>生产销 售</td>
    <td>0.00%</td>
    <td>100.00%</td>
    <td>设立或 投资</td>
  </tr>
  <tr>
    <td>上海涵欧制药设备有限公司</td>
    <td>8,333,333. 00元</td>
    <td>上海市闵行区放鹤路2199号</td>
    <td>上海市奉贤区西 闸公路339号 306、307、308室</td>
    <td>生产销 售</td>
    <td>100.00%</td>
    <td>0.00%</td>
    <td>非同一 控制下合并</td>
  </tr>
  <tr>
    <td>上海承欢轻工机械有限公司</td>
    <td>24,735,000.00元</td>
    <td>上海市奉贤区沪杭公路1377号</td>
    <td>上海市奉贤区奉城镇洪朱路2803 号</td>
    <td>生产销 售</td>
    <td>51.00%</td>
    <td>0.00%</td>
    <td>非同一 控制下合并</td>
  </tr>
  <tr>
    <td>上海东富龙海崴生物科技有限公司</td>
    <td>50,000,000.00元</td>
    <td>上海市金山工业区金流路399号</td>
    <td>上海市金山工业区金流路399号1幢</td>
    <td>生产销 售</td>
    <td>87.70%</td>
    <td>0.00%</td>
    <td>非同一 控制下合并</td>
  </tr>
  <tr>
    <td>上海涌前智能装备有限公司</td>
    <td>10,000,000.00元</td>
    <td>上海市奉贤区沪杭公路1377号1幢三层</td>
    <td>上海市奉贤区沪杭公路1377号1 幢三层</td>
    <td>生产销 售</td>
    <td>0.00%</td>
    <td>70.00%</td>
    <td>设立或 投资</td>
  </tr>
  <tr>
    <td>东富龙俄罗斯有限公司</td>
    <td>1,200,000. 00俄罗斯 卢布</td>
    <td>125196, Moscow, 4th Lesnoy lane 13, Third floor, Apartment I, Rooms 1-5</td>
    <td>4-2 Lgarsky proezd, Moscow, Russia.</td>
    <td>销售</td>
    <td>100.00%</td>
    <td>0.00%</td>
    <td>设立或 投资</td>
  </tr>
  <tr>
    <td>东富龙智能装备制造（江苏）有限公司</td>
    <td>300,000,00 0.00元</td>
    <td>东台经济开发区人民路366号</td>
    <td>东台经济开发区 人民路366号</td>
    <td>生产销 售</td>
    <td>100.00%</td>
    <td>0.00%</td>
    <td>设立或 投资</td>
  </tr>
  <tr>
    <td>上海东富龙医用包装材料有限公司</td>
    <td>30,000,000.00元</td>
    <td>上海市闵行区都会路139号4幢3层乙区</td>
    <td>上海市闵行区都会路139号4幢3层乙区</td>
    <td>生产销 售</td>
    <td>0.00%</td>
    <td>100.00%</td>
    <td>设立或 投资</td>
  </tr>
  <tr>
    <td>东富龙包装技术（江苏）有限公司</td>
    <td>20,000,000.00元</td>
    <td>东台经济开发区人民路366号</td>
    <td>东台经济开发区 人民路366号</td>
    <td>生产销 售</td>
    <td>0.00%</td>
    <td>100.00%</td>
    <td>设立或 投资</td>
  </tr>
  <tr>
    <td>河南东富龙医用包装材料有限公司</td>
    <td>20,000,000.00元</td>
    <td>郑州航空港经济综合实验区黄海路与生物科技二街交叉口东北角郑州临空生物医药园16号楼</td>
    <td>郑州航空港经济 综合实验区黄海路与生物科技二街交叉口东北角郑州临空生物医药园16号楼</td>
    <td>生产销 售</td>
    <td>100.00%</td>
    <td>0.00%</td>
    <td>设立或 投资</td>
  </tr>
  <tr>
    <td>四川东富龙药用包装材料有</td>
    <td>20,000,000.00元</td>
    <td>成都天府国际生物城（双流区凤凰路618号）</td>
    <td>成都天府国际生物城（双流区凤 凰路618号）</td>
    <td>生产销 售</td>
    <td>100.00%</td>
    <td>0.00%</td>
    <td>设立或 投资</td>
  </tr>
  <tr>
    <td>限公司</td>
    <td></td>
    <td></td>
    <td></td>
    <td></td>
    <td></td>
    <td></td>
    <td></td>
  </tr>
  <tr>
    <td>上海东富龙生物试剂有限公司</td>
    <td>20,000,000.00元</td>
    <td>上海市闵行区都会路139号4幢2楼甲区</td>
    <td>上海市闵行区都会路139号4幢2楼甲区</td>
    <td>生产销 售</td>
    <td>0.00%</td>
    <td>100.00%</td>
    <td>设立或 投资</td>
  </tr>
  <tr>
    <td>嘉兴千纯生物科技有限公司</td>
    <td>10,204,000.00元</td>
    <td>浙江省嘉兴市平湖经济技术开发区新兴二路988号6幢3楼西侧</td>
    <td>浙江省嘉兴市平 湖经济技术开发区新兴二路988号6幢3楼西侧</td>
    <td>生产销 售</td>
    <td>0.00%</td>
    <td>51.00%</td>
    <td>非同一 控制下合并</td>
  </tr>
  <tr>
    <td>東富龍香港有限公司</td>
    <td>10,000.00 港元</td>
    <td>香港观塘区观塘道348号宏利坊6楼</td>
    <td>香港观塘区观塘 道348号宏利坊6楼</td>
    <td>销售</td>
    <td>100.00%</td>
    <td>0.00%</td>
    <td>设立或 投资</td>
  </tr>
  <tr>
    <td>浙江东富龙生物技术有限公司</td>
    <td>200,000,00 0.00元</td>
    <td>浙江省杭州市钱塘新区下沙街道和享科技中心 21幢621室</td>
    <td>浙江省杭州市钱塘新区下沙街道和享科技中心21 幢621室</td>
    <td>生产销 售</td>
    <td>100.00%</td>
    <td>0.00%</td>
    <td>设立或 投资</td>
  </tr>
  <tr>
    <td>东富龙（印尼）有限责任公司</td>
    <td>10,000,000,000.00印 尼盾</td>
    <td>Talavera Office Park Lt.21 Suite #05, JI.TB. Simatupang Kav.22-26, Kel.</td>
    <td>Talavera Office Park Lt.21 Suite #05, JI.TB. Simatupang Kav.22-26, Kel.Cilandak Barat, Kec Cilandak,Kota Adm, Jakata Selatan, Provinsi DKI Jakarta</td>
    <td>售后服 务</td>
    <td>99.00%</td>
    <td>1.00%</td>
    <td>设立或 投资</td>
  </tr>
  <tr>
    <td>东富龙土耳其机械贸易有限公司</td>
    <td>10,000.00土耳其里 拉</td>
    <td>Esentepe Mah.Harman 1 Sk.Duran Is Merkezi Blok NO:4/8 SISL</td>
    <td>Esentepe Mah.Harman 1 Sk.Duran Is Merkezi Blok NO:4/8 SISL</td>
    <td>售后服 务</td>
    <td>100.00%</td>
    <td>0.00%</td>
    <td>设立或 投资</td>
  </tr>
  <tr>
    <td>东富龙（澳大利亚）私人有限公司</td>
    <td>10,000.00 澳大利亚 元</td>
    <td>Suite 509, Level 5,379-383 Pitt Street, Sydney NSW 2000</td>
    <td>Suite 509, Level 5,379-383 Pitt Street, Sydney NSW 2000</td>
    <td>售后服 务</td>
    <td>100.00%</td>
    <td>0.00%</td>
    <td>设立或 投资</td>
  </tr>
  <tr>
    <td>东富龙（迪拜）有限公司</td>
    <td>367,000.00 阿联酋迪 拉姆</td>
    <td>Unit No:778 DMCC Business Centre Level No.1 Jewellery & Gemplex 3 Dubai United Arab Emirates</td>
    <td>Unit No:778 DMCC Business Centre Level No.1 Jewellery & Gemplex 3 Dubai United Arab Emirates</td>
    <td>售后服 务</td>
    <td>100.00%</td>
    <td>0.00%</td>
    <td>设立或 投资</td>
  </tr>
  <tr>
    <td>东富龙（越南）有限公司</td>
    <td>100,000.00 美元</td>
    <td>7th Floor,PDD Office Building,No 162 Pasteur street,Ben Nghe Ward,District 1,Ho Chi Minh City,Vietnam</td>
    <td>2 / F, River View Building, 1119 Tran Kheng Road, 05 Shek Ka Road, Ho Chi Minh City, Vietnam</td>
    <td>售后服 务</td>
    <td>100.00%</td>
    <td>0.00%</td>
    <td>设立或 投资</td>
  </tr>
  <tr>
    <td>东富龙（南非）私人公司</td>
    <td>10,000.00 南非兰特</td>
    <td>27 Newmark Estate Silver LakesRoad,Pretoria,Ga uteng,0081</td>
    <td>27 Newmark Estate Silver Lakes Road,Pretoria,Gauteng,0081</td>
    <td>售后服 务</td>
    <td>100.00%</td>
    <td>0.00%</td>
    <td>设立或 投资</td>
  </tr>
  <tr>
    <td>江苏辉河包装机械有限公司</td>
    <td>12,367,925.00元</td>
    <td>东台经济开发区人民路366号</td>
    <td>东台经济开发区 人民路366号</td>
    <td>生产销 售</td>
    <td>51.00%</td>
    <td>0.00%</td>
    <td>非同一 控制下 合并</td>
  </tr>
  <tr>
    <td>东富龙千纯生物科技（上海）有限公司</td>
    <td>50,000,000.00元</td>
    <td>上海市化学工业区目华路201号1幢20层2012室</td>
    <td>上海市化学工业区目华路201号1幢20层2012室</td>
    <td>生产销 售</td>
    <td>0.00%</td>
    <td>51.00%</td>
    <td>设立或 投资</td>
  </tr>
  <tr>
    <td>东富龙日本株式会社</td>
    <td>8,000,000. 00日元</td>
    <td>2-10-3,Misono-Chou,Yao- City,Osaka 581- 0818,Japan</td>
    <td>2-10-3,Misono- Chou,Yao- City,Osaka581-0818,Japan</td>
    <td>销售</td>
    <td>100.00%</td>
    <td>0.00%</td>
    <td>设立或 投资</td>
  </tr>
  <tr>
    <td>东富龙包装设备制造（江苏）有限公司</td>
    <td>20,000,000.00元</td>
    <td>东台经济开发区人民路366号</td>
    <td>东台经济开发区 人民路366号</td>
    <td>生产销 售</td>
    <td>100.00%</td>
    <td>0.00%</td>
    <td>新设</td>
  </tr>
  <tr>
    <td>上海东富龙检测技术有限公司</td>
    <td>10,000,000.00元</td>
    <td>上海市闵行区都会路139号1幢1楼C区</td>
    <td>上海市闵行区都会路139号1幢1楼C区</td>
    <td>生产销 售</td>
    <td>100.00%</td>
    <td>0.00%</td>
    <td>新设</td>
  </tr>
  <tr>
    <td>江苏承欢轻工机械有限公司</td>
    <td>20,000,000.00元</td>
    <td>东台经济开发区人民路366号</td>
    <td>东台经济开发区 人民路366号</td>
    <td>生产销 售</td>
    <td>0.00%</td>
    <td>100.00%</td>
    <td>新设</td>
  </tr>
  <tr>
    <td>东富龙水技术工程（上海）有限公司</td>
    <td>30,000,000.00元</td>
    <td>上海市金山区金争路69号1幢2层</td>
    <td>上海市金山区金争路69号1幢2 层</td>
    <td>生产销 售</td>
    <td>0.00%</td>
    <td>55.00%</td>
    <td>合资新 设</td>
  </tr>
  <tr>
    <td>东富龙派轲瑞自动化科技（上海）有限公司</td>
    <td>39,998,680.00元</td>
    <td>上海市闵行区都会路139号1幢四层B区</td>
    <td>上海市闵行区都 会路139号1幢四层B区</td>
    <td>生产销 售</td>
    <td>0.00%</td>
    <td>60.00%</td>
    <td>合资新 设</td>
  </tr>
  <tr>
    <td>东富龙（德国）有限公司</td>
    <td>200,000.00 欧元</td>
    <td>Amselweg 15,73765 Neuhausen auf den Fildern</td>
    <td>Amselweg 15,73765 Neuhausen auf den Fildern</td>
    <td>销售</td>
    <td>100.00%</td>
    <td>0.00%</td>
    <td>新设</td>
  </tr>
  <tr>
    <td>东富龙AND CIMA（巴拿马）</td>
    <td>10,000.00 美元</td>
    <td>Panama City</td>
    <td>Panama City</td>
    <td>销售</td>
    <td>70.00%</td>
    <td>0.00%</td>
    <td>新设</td>
  </tr>
  <tr>
    <td>东富龙新加坡有限公司</td>
    <td>10,000.00新加坡元</td>
    <td>111 North Bridge Road #29-06A Peninsula Plaza Singapore (179098)</td>
    <td>111 North Bridge Road #29-06A Peninsula Plaza Singapore (179098)</td>
    <td>销售与 售后服务</td>
    <td>100.00%</td>
    <td>0.00%</td>
    <td>新设</td>
  </tr>
  <tr>
    <td>东富龙意达有限公司</td>
    <td>500,000.00 欧元</td>
    <td>Via M. Buonarroti,43 - 28060 San Pietro Mosezzo, Fraz. Nibbia (NO)Italy</td>
    <td>San Pietro Mosezzo (No) Via Michelangelo Buonarroti 43 Cap 28060 Frazione:Nibbia</td>
    <td>生产销 售</td>
    <td>75.00%</td>
    <td>0.00%</td>
    <td>新设</td>
  </tr>
  <tr>
    <td>Pharmatec h Srl</td>
    <td>10,000.00 欧元</td>
    <td>Via Emilia 15, 24052 Azzano San Paolo( BG)</td>
    <td>Via Vincenzo Bellini 49, 24129 Bergamo (BG)</td>
    <td>销售与 售后服 务</td>
    <td>0.00%</td>
    <td>100.00%</td>
    <td>非同一 控制下合并</td>
  </tr>
  <tr>
    <td>Renggli.A G</td>
    <td>500,000.00 瑞士法郎</td>
    <td>Birkenstrasse 31 6343 Rotkreuz</td>
    <td>Birkenstrasse 31 6343 Rotkreuz</td>
    <td>生产销 售</td>
    <td>0.00%</td>
    <td>100.00%</td>
    <td>非同一 控制下 合并</td>
  </tr>
  <tr>
    <td>赛普（杭州）过滤科技有限公司</td>
    <td>4,190,211.0 0元</td>
    <td>浙江省杭州市钱塘区下沙街道银海科创中心17 幢101室</td>
    <td>浙江省杭州市钱塘区下沙街道银海科创中心17幢 101室</td>
    <td>生产销 售</td>
    <td>0.00%</td>
    <td>52.00%</td>
    <td>非同一 控制下 合并</td>
  </tr>
  <tr>
    <td>东之恒（杭州）工程技术有限公司</td>
    <td>10,000,000.00元</td>
    <td>浙江省杭州市钱塘区下沙街道福城路400号2幢309室</td>
    <td>浙江省杭州市钱 塘区下沙街道福城路400号2幢309室</td>
    <td>设计、 施工</td>
    <td>0.00%</td>
    <td>51.00%</td>
    <td>非同一 控制下 合并</td>
  </tr>
  <tr>
    <td>东富龙（广州）生命科学研究有限公司</td>
    <td>20,000,000.00元</td>
    <td>广州市黄埔区科学大道60号 909单元</td>
    <td>广州市黄埔区科学大道60号909 单元</td>
    <td>研发</td>
    <td>0.00%</td>
    <td>100.00%</td>
    <td>新设</td>
  </tr>
  <tr>
    <td>上海东富龙设备服务有限公司</td>
    <td>50,000,000.00元</td>
    <td>上海市闵行区都会路139号1幢1层B区</td>
    <td>上海市闵行区都会路139号1幢1层B区</td>
    <td>售后服 务</td>
    <td>100.00%</td>
    <td>0.00%</td>
    <td>新设</td>
  </tr>
</table>

> Note: merged cells detected, rendered as HTML table.

---
## 企业集团的构成

单位：元

<table id='19c13115ccc96aeec3f5801d829d7647' titleId='19c13115ccc96aeec3f5801d829d7647' headId='19c13115ccc96aeec3f5801d829d7647'>
  <tr>
    <td rowspan=""2"">子公司名称</td>
    <td rowspan=""2"">注册资本</td>
    <td rowspan=""2"">主要经营地</td>
    <td rowspan=""2"">注册地</td>
    <td rowspan=""2"">业务性质</td>
    <td colspan=""2"">持股比例</td>
    <td rowspan=""2"">取得方式</td>
  </tr>
  <tr>
    <td>直接</td>
    <td>间接</td>
  </tr>
  <tr>
    <td>上海共和 真空技术</td>
    <td>350,000.00 美元</td>
    <td>上海市闵行区都会路1509号</td>
    <td>上海市闵行区都会路1509号2幢</td>
    <td>生产销 售</td>
    <td>51.00%</td>
    <td>0.00%</td>
    <td>非同一 控制下</td>
  </tr>
  <tr>
    <td>有限公司</td>
    <td></td>
    <td></td>
    <td>1楼</td>
    <td></td>
    <td></td>
    <td></td>
    <td>合并</td>
  </tr>
  <tr>
    <td>东富龙 （美国）有限责任 公司</td>
    <td>200,000.00 美元</td>
    <td>955 s. Springfield Avenue, First Floor, Building A， Springfield， New Jersey ,07081</td>
    <td>Jans Carlowood Street, New York, USA</td>
    <td>销售</td>
    <td>100.00%</td>
    <td>0.00%</td>
    <td>设立或 投资</td>
  </tr>
  <tr>
    <td>上海东富 龙制药设 备制造有 限公司</td>
    <td>120,000,00 0.00元</td>
    <td>上海市金山区金流路399号</td>
    <td>上海市金山区金 流路399号</td>
    <td>生产销 售</td>
    <td>100.00%</td>
    <td>0.00%</td>
    <td>设立或 投资</td>
  </tr>
  <tr>
    <td>上海东富 龙智能工 程有限公司</td>
    <td>100,000,00 0.00元</td>
    <td>上海市闵行区都会路139号</td>
    <td>上海市闵行区东 川路555号丙楼5106室</td>
    <td>软件开 发</td>
    <td>100.00%</td>
    <td>0.00%</td>
    <td>设立或 投资</td>
  </tr>
  <tr>
    <td>上海东富 龙德惠空 调设备有 限公司</td>
    <td>70,000,000.00元</td>
    <td>上海市奉贤区沪杭公路1377号</td>
    <td>上海市奉贤区沪杭公路1377号3 幢</td>
    <td>生产销 售</td>
    <td>100.00%</td>
    <td>0.00%</td>
    <td>设立或 投资</td>
  </tr>
  <tr>
    <td>上海东富 龙德惠净 化空调工 程安装有限公司</td>
    <td>100,000,00 0.00元</td>
    <td>上海市奉贤区沪杭公路1377号</td>
    <td>上海市奉贤区沪杭公路1377号1 幢二层</td>
    <td>设计、 施工</td>
    <td>0.00%</td>
    <td>100.00%</td>
    <td>设立或 投资</td>
  </tr>
  <tr>
    <td>东富龙 （印度）私人有限 公司</td>
    <td>4,500,000. 00印度卢 比</td>
    <td>Plot no.22,Sy No.276 to 280,Pashamylara m,Industrial area,Patancheru Mandal,Sangared dy,Hyderabad,Te langana,India</td>
    <td>169, Zodiac Royal Palm, Room 406, East Goregaon, Aarey Milk Colony, Maharashtra, India.</td>
    <td>生产销 售</td>
    <td>100.00%</td>
    <td>0.00%</td>
    <td>设立或 投资</td>
  </tr>
  <tr>
    <td>上海东富龙爱瑞思 科技有限 公司</td>
    <td>1,500,000. 00美元</td>
    <td>上海市闵行区都会路139号</td>
    <td>上海市闵行区放鹤路2199号第1 幢A区</td>
    <td>生产销 售</td>
    <td>70.00%</td>
    <td>0.00%</td>
    <td>设立或 投资</td>
  </tr>
  <tr>
    <td>东富龙包 装技术 （上海）有限公司</td>
    <td>5,776,976. 00元</td>
    <td>上海市闵行区都会路139号</td>
    <td>上海市闵行区都会路1509号3幢 1层B区</td>
    <td>生产销 售</td>
    <td>100.00%</td>
    <td>0.00%</td>
    <td>非同一 控制下合并</td>
  </tr>
  <tr>
    <td>上海东富 龙拓溥科 技有限公 司</td>
    <td>1,500,000. 00美元</td>
    <td>上海市金山区金争路69号</td>
    <td>上海市金山区金争路69号1幢1 层C区</td>
    <td>生产销 售</td>
    <td>70.00%</td>
    <td>0.00%</td>
    <td>设立或 投资</td>
  </tr>
  <tr>
    <td>上海东富 龙制药设 备工程有限公司</td>
    <td>148,000,00 0.00元</td>
    <td>上海市奉贤区沪杭公路1377号</td>
    <td>上海市奉贤区沪杭公路1377号1 幢一层</td>
    <td>生产销 售</td>
    <td>100.00%</td>
    <td>0.00%</td>
    <td>非同一 控制下合并</td>
  </tr>
  <tr>
    <td>上海东富龙医疗科</td>
    <td>500,000,00 0.00元</td>
    <td>上海市闵行区都会路139号</td>
    <td>上海市闵行区都会路139号1幢1</td>
    <td>生产销 售</td>
    <td>100.00%</td>
    <td>0.00%</td>
    <td>设立或 投资</td>
  </tr>
  <tr>
    <td>技产业发展有限公司</td>
    <td></td>
    <td></td>
    <td>楼A区</td>
    <td></td>
    <td></td>
    <td></td>
    <td></td>
  </tr>
  <tr>
    <td>上海东富龙信息技术有限公司</td>
    <td>30,000,000.00元</td>
    <td>上海市闵行区都会路139号</td>
    <td>上海市闵行区都会路139号1幢3楼A区</td>
    <td>软件开 发、销售</td>
    <td>0.00%</td>
    <td>100.00%</td>
    <td>非同一 控制下合并</td>
  </tr>
  <tr>
    <td>东富龙生命科技有限公司</td>
    <td>150,000,00 0.00元</td>
    <td>上海市闵行区都会路139号</td>
    <td>上海市闵行区都会路139号1幢5楼；4幢3楼丙区</td>
    <td>生产销 售</td>
    <td>0.00%</td>
    <td>100.00%</td>
    <td>设立或 投资</td>
  </tr>
  <tr>
    <td>上海涵欧制药设备有限公司</td>
    <td>8,333,333. 00元</td>
    <td>上海市闵行区放鹤路2199号</td>
    <td>上海市奉贤区西 闸公路339号 306、307、308室</td>
    <td>生产销 售</td>
    <td>100.00%</td>
    <td>0.00%</td>
    <td>非同一 控制下合并</td>
  </tr>
  <tr>
    <td>上海承欢轻工机械有限公司</td>
    <td>24,735,000.00元</td>
    <td>上海市奉贤区沪杭公路1377号</td>
    <td>上海市奉贤区奉城镇洪朱路2803 号</td>
    <td>生产销 售</td>
    <td>51.00%</td>
    <td>0.00%</td>
    <td>非同一 控制下合并</td>
  </tr>
  <tr>
    <td>上海东富龙海崴生物科技有限公司</td>
    <td>50,000,000.00元</td>
    <td>上海市金山工业区金流路399号</td>
    <td>上海市金山工业区金流路399号1幢</td>
    <td>生产销 售</td>
    <td>87.70%</td>
    <td>0.00%</td>
    <td>非同一 控制下合并</td>
  </tr>
  <tr>
    <td>上海涌前智能装备有限公司</td>
    <td>10,000,000.00元</td>
    <td>上海市奉贤区沪杭公路1377号1幢三层</td>
    <td>上海市奉贤区沪杭公路1377号1 幢三层</td>
    <td>生产销 售</td>
    <td>0.00%</td>
    <td>70.00%</td>
    <td>设立或 投资</td>
  </tr>
  <tr>
    <td>东富龙俄罗斯有限公司</td>
    <td>1,200,000. 00俄罗斯 卢布</td>
    <td>125196, Moscow, 4th Lesnoy lane 13, Third floor, Apartment I, Rooms 1-5</td>
    <td>4-2 Lgarsky proezd, Moscow, Russia.</td>
    <td>销售</td>
    <td>100.00%</td>
    <td>0.00%</td>
    <td>设立或 投资</td>
  </tr>
  <tr>
    <td>东富龙智能装备制造（江苏）有限公司</td>
    <td>300,000,00 0.00元</td>
    <td>东台经济开发区人民路366号</td>
    <td>东台经济开发区 人民路366号</td>
    <td>生产销 售</td>
    <td>100.00%</td>
    <td>0.00%</td>
    <td>设立或 投资</td>
  </tr>
  <tr>
    <td>上海东富龙医用包装材料有限公司</td>
    <td>30,000,000.00元</td>
    <td>上海市闵行区都会路139号4幢3层乙区</td>
    <td>上海市闵行区都会路139号4幢3层乙区</td>
    <td>生产销 售</td>
    <td>0.00%</td>
    <td>100.00%</td>
    <td>设立或 投资</td>
  </tr>
  <tr>
    <td>东富龙包装技术（江苏）有限公司</td>
    <td>20,000,000.00元</td>
    <td>东台经济开发区人民路366号</td>
    <td>东台经济开发区 人民路366号</td>
    <td>生产销 售</td>
    <td>0.00%</td>
    <td>100.00%</td>
    <td>设立或 投资</td>
  </tr>
  <tr>
    <td>河南东富龙医用包装材料有限公司</td>
    <td>20,000,000.00元</td>
    <td>郑州航空港经济综合实验区黄海路与生物科技二街交叉口东北角郑州临空生物医药园16号楼</td>
    <td>郑州航空港经济 综合实验区黄海路与生物科技二街交叉口东北角郑州临空生物医药园16号楼</td>
    <td>生产销 售</td>
    <td>100.00%</td>
    <td>0.00%</td>
    <td>设立或 投资</td>
  </tr>
  <tr>
    <td>四川东富龙药用包装材料有</td>
    <td>20,000,000.00元</td>
    <td>成都天府国际生物城（双流区凤凰路618号）</td>
    <td>成都天府国际生物城（双流区凤 凰路618号）</td>
    <td>生产销 售</td>
    <td>100.00%</td>
    <td>0.00%</td>
    <td>设立或 投资</td>
  </tr>
  <tr>
    <td>限公司</td>
    <td></td>
    <td></td>
    <td></td>
    <td></td>
    <td></td>
    <td></td>
    <td></td>
  </tr>
  <tr>
    <td>上海东富龙生物试剂有限公司</td>
    <td>20,000,000.00元</td>
    <td>上海市闵行区都会路139号4幢2楼甲区</td>
    <td>上海市闵行区都会路139号4幢2楼甲区</td>
    <td>生产销 售</td>
    <td>0.00%</td>
    <td>100.00%</td>
    <td>设立或 投资</td>
  </tr>
  <tr>
    <td>嘉兴千纯生物科技有限公司</td>
    <td>10,204,000.00元</td>
    <td>浙江省嘉兴市平湖经济技术开发区新兴二路988号6幢3楼西侧</td>
    <td>浙江省嘉兴市平 湖经济技术开发区新兴二路988号6幢3楼西侧</td>
    <td>生产销 售</td>
    <td>0.00%</td>
    <td>51.00%</td>
    <td>非同一 控制下合并</td>
  </tr>
  <tr>
    <td>東富龍香港有限公司</td>
    <td>10,000.00 港元</td>
    <td>香港观塘区观塘道348号宏利坊6楼</td>
    <td>香港观塘区观塘 道348号宏利坊6楼</td>
    <td>销售</td>
    <td>100.00%</td>
    <td>0.00%</td>
    <td>设立或 投资</td>
  </tr>
  <tr>
    <td>浙江东富龙生物技术有限公司</td>
    <td>200,000,00 0.00元</td>
    <td>浙江省杭州市钱塘新区下沙街道和享科技中心 21幢621室</td>
    <td>浙江省杭州市钱塘新区下沙街道和享科技中心21 幢621室</td>
    <td>生产销 售</td>
    <td>100.00%</td>
    <td>0.00%</td>
    <td>设立或 投资</td>
  </tr>
  <tr>
    <td>东富龙（印尼）有限责任公司</td>
    <td>10,000,000,000.00印 尼盾</td>
    <td>Talavera Office Park Lt.21 Suite #05, JI.TB. Simatupang Kav.22-26, Kel.</td>
    <td>Talavera Office Park Lt.21 Suite #05, JI.TB. Simatupang Kav.22-26, Kel.Cilandak Barat, Kec Cilandak,Kota Adm, Jakata Selatan, Provinsi DKI Jakarta</td>
    <td>售后服 务</td>
    <td>99.00%</td>
    <td>1.00%</td>
    <td>设立或 投资</td>
  </tr>
  <tr>
    <td>东富龙土耳其机械贸易有限公司</td>
    <td>10,000.00土耳其里 拉</td>
    <td>Esentepe Mah.Harman 1 Sk.Duran Is Merkezi Blok NO:4/8 SISL</td>
    <td>Esentepe Mah.Harman 1 Sk.Duran Is Merkezi Blok NO:4/8 SISL</td>
    <td>售后服 务</td>
    <td>100.00%</td>
    <td>0.00%</td>
    <td>设立或 投资</td>
  </tr>
  <tr>
    <td>东富龙（澳大利亚）私人有限公司</td>
    <td>10,000.00 澳大利亚 元</td>
    <td>Suite 509, Level 5,379-383 Pitt Street, Sydney NSW 2000</td>
    <td>Suite 509, Level 5,379-383 Pitt Street, Sydney NSW 2000</td>
    <td>售后服 务</td>
    <td>100.00%</td>
    <td>0.00%</td>
    <td>设立或 投资</td>
  </tr>
  <tr>
    <td>东富龙（迪拜）有限公司</td>
    <td>367,000.00 阿联酋迪 拉姆</td>
    <td>Unit No:778 DMCC Business Centre Level No.1 Jewellery & Gemplex 3 Dubai United Arab Emirates</td>
    <td>Unit No:778 DMCC Business Centre Level No.1 Jewellery & Gemplex 3 Dubai United Arab Emirates</td>
    <td>售后服 务</td>
    <td>100.00%</td>
    <td>0.00%</td>
    <td>设立或 投资</td>
  </tr>
  <tr>
    <td>东富龙（越南）有限公司</td>
    <td>100,000.00 美元</td>
    <td>7th Floor,PDD Office Building,No 162 Pasteur street,Ben Nghe Ward,District 1,Ho Chi Minh City,Vietnam</td>
    <td>2 / F, River View Building, 1119 Tran Kheng Road, 05 Shek Ka Road, Ho Chi Minh City, Vietnam</td>
    <td>售后服 务</td>
    <td>100.00%</td>
    <td>0.00%</td>
    <td>设立或 投资</td>
  </tr>
  <tr>
    <td>东富龙（南非）私人公司</td>
    <td>10,000.00 南非兰特</td>
    <td>27 Newmark Estate Silver LakesRoad,Pretoria,Ga uteng,0081</td>
    <td>27 Newmark Estate Silver Lakes Road,Pretoria,Gauteng,0081</td>
    <td>售后服 务</td>
    <td>100.00%</td>
    <td>0.00%</td>
    <td>设立或 投资</td>
  </tr>
  <tr>
    <td>江苏辉河包装机械有限公司</td>
    <td>12,367,925.00元</td>
    <td>东台经济开发区人民路366号</td>
    <td>东台经济开发区 人民路366号</td>
    <td>生产销 售</td>
    <td>51.00%</td>
    <td>0.00%</td>
    <td>非同一 控制下 合并</td>
  </tr>
  <tr>
    <td>东富龙千纯生物科技（上海）有限公司</td>
    <td>50,000,000.00元</td>
    <td>上海市化学工业区目华路201号1幢20层2012室</td>
    <td>上海市化学工业区目华路201号1幢20层2012室</td>
    <td>生产销 售</td>
    <td>0.00%</td>
    <td>51.00%</td>
    <td>设立或 投资</td>
  </tr>
  <tr>
    <td>东富龙日本株式会社</td>
    <td>8,000,000. 00日元</td>
    <td>2-10-3,Misono-Chou,Yao- City,Osaka 581- 0818,Japan</td>
    <td>2-10-3,Misono- Chou,Yao- City,Osaka581-0818,Japan</td>
    <td>销售</td>
    <td>100.00%</td>
    <td>0.00%</td>
    <td>设立或 投资</td>
  </tr>
  <tr>
    <td>东富龙包装设备制造（江苏）有限公司</td>
    <td>20,000,000.00元</td>
    <td>东台经济开发区人民路366号</td>
    <td>东台经济开发区 人民路366号</td>
    <td>生产销 售</td>
    <td>100.00%</td>
    <td>0.00%</td>
    <td>新设</td>
  </tr>
  <tr>
    <td>上海东富龙检测技术有限公司</td>
    <td>10,000,000.00元</td>
    <td>上海市闵行区都会路139号1幢1楼C区</td>
    <td>上海市闵行区都会路139号1幢1楼C区</td>
    <td>生产销 售</td>
    <td>100.00%</td>
    <td>0.00%</td>
    <td>新设</td>
  </tr>
  <tr>
    <td>江苏承欢轻工机械有限公司</td>
    <td>20,000,000.00元</td>
    <td>东台经济开发区人民路366号</td>
    <td>东台经济开发区 人民路366号</td>
    <td>生产销 售</td>
    <td>0.00%</td>
    <td>100.00%</td>
    <td>新设</td>
  </tr>
  <tr>
    <td>东富龙水技术工程（上海）有限公司</td>
    <td>30,000,000.00元</td>
    <td>上海市金山区金争路69号1幢2层</td>
    <td>上海市金山区金争路69号1幢2 层</td>
    <td>生产销 售</td>
    <td>0.00%</td>
    <td>55.00%</td>
    <td>合资新 设</td>
  </tr>
  <tr>
    <td>东富龙派轲瑞自动化科技（上海）有限公司</td>
    <td>39,998,680.00元</td>
    <td>上海市闵行区都会路139号1幢四层B区</td>
    <td>上海市闵行区都 会路139号1幢四层B区</td>
    <td>生产销 售</td>
    <td>0.00%</td>
    <td>60.00%</td>
    <td>合资新 设</td>
  </tr>
  <tr>
    <td>东富龙（德国）有限公司</td>
    <td>200,000.00 欧元</td>
    <td>Amselweg 15,73765 Neuhausen auf den Fildern</td>
    <td>Amselweg 15,73765 Neuhausen auf den Fildern</td>
    <td>销售</td>
    <td>100.00%</td>
    <td>0.00%</td>
    <td>新设</td>
  </tr>
  <tr>
    <td>东富龙AND CIMA（巴拿马）</td>
    <td>10,000.00 美元</td>
    <td>Panama City</td>
    <td>Panama City</td>
    <td>销售</td>
    <td>70.00%</td>
    <td>0.00%</td>
    <td>新设</td>
  </tr>
  <tr>
    <td>东富龙新加坡有限公司</td>
    <td>10,000.00新加坡元</td>
    <td>111 North Bridge Road #29-06A Peninsula Plaza Singapore (179098)</td>
    <td>111 North Bridge Road #29-06A Peninsula Plaza Singapore (179098)</td>
    <td>销售与 售后服务</td>
    <td>100.00%</td>
    <td>0.00%</td>
    <td>新设</td>
  </tr>
  <tr>
    <td>东富龙意达有限公司</td>
    <td>500,000.00 欧元</td>
    <td>Via M. Buonarroti,43 - 28060 San Pietro Mosezzo, Fraz. Nibbia (NO)Italy</td>
    <td>San Pietro Mosezzo (No) Via Michelangelo Buonarroti 43 Cap 28060 Frazione:Nibbia</td>
    <td>生产销 售</td>
    <td>75.00%</td>
    <td>0.00%</td>
    <td>新设</td>
  </tr>
  <tr>
    <td>Pharmatec h Srl</td>
    <td>10,000.00 欧元</td>
    <td>Via Emilia 15, 24052 Azzano San Paolo( BG)</td>
    <td>Via Vincenzo Bellini 49, 24129 Bergamo (BG)</td>
    <td>销售与 售后服 务</td>
    <td>0.00%</td>
    <td>100.00%</td>
    <td>非同一 控制下合并</td>
  </tr>
  <tr>
    <td>Renggli.A G</td>
    <td>500,000.00 瑞士法郎</td>
    <td>Birkenstrasse 31 6343 Rotkreuz</td>
    <td>Birkenstrasse 31 6343 Rotkreuz</td>
    <td>生产销 售</td>
    <td>0.00%</td>
    <td>100.00%</td>
    <td>非同一 控制下 合并</td>
  </tr>
  <tr>
    <td>赛普（杭州）过滤科技有限公司</td>
    <td>4,190,211.0 0元</td>
    <td>浙江省杭州市钱塘区下沙街道银海科创中心17 幢101室</td>
    <td>浙江省杭州市钱塘区下沙街道银海科创中心17幢 101室</td>
    <td>生产销 售</td>
    <td>0.00%</td>
    <td>52.00%</td>
    <td>非同一 控制下 合并</td>
  </tr>
  <tr>
    <td>东之恒（杭州）工程技术有限公司</td>
    <td>10,000,000.00元</td>
    <td>浙江省杭州市钱塘区下沙街道福城路400号2幢309室</td>
    <td>浙江省杭州市钱 塘区下沙街道福城路400号2幢309室</td>
    <td>设计、 施工</td>
    <td>0.00%</td>
    <td>51.00%</td>
    <td>非同一 控制下 合并</td>
  </tr>
  <tr>
    <td>东富龙（广州）生命科学研究有限公司</td>
    <td>20,000,000.00元</td>
    <td>广州市黄埔区科学大道60号 909单元</td>
    <td>广州市黄埔区科学大道60号909 单元</td>
    <td>研发</td>
    <td>0.00%</td>
    <td>100.00%</td>
    <td>新设</td>
  </tr>
  <tr>
    <td>上海东富龙设备服务有限公司</td>
    <td>50,000,000.00元</td>
    <td>上海市闵行区都会路139号1幢1层B区</td>
    <td>上海市闵行区都会路139号1幢1层B区</td>
    <td>售后服 务</td>
    <td>100.00%</td>
    <td>0.00%</td>
    <td>新设</td>
  </tr>
</table>

> Note: merged cells detected, rendered as HTML table.

---
## 企业集团的构成

单位：元

<table id='19c13115ccc96aeec3f5801d829d7647' titleId='19c13115ccc96aeec3f5801d829d7647' headId='19c13115ccc96aeec3f5801d829d7647'>
  <tr>
    <td rowspan=""2"">子公司名称</td>
    <td rowspan=""2"">注册资本</td>
    <td rowspan=""2"">主要经营地</td>
    <td rowspan=""2"">注册地</td>
    <td rowspan=""2"">业务性质</td>
    <td colspan=""2"">持股比例</td>
    <td rowspan=""2"">取得方式</td>
  </tr>
  <tr>
    <td>直接</td>
    <td>间接</td>
  </tr>
  <tr>
    <td>上海共和 真空技术</td>
    <td>350,000.00 美元</td>
    <td>上海市闵行区都会路1509号</td>
    <td>上海市闵行区都会路1509号2幢</td>
    <td>生产销 售</td>
    <td>51.00%</td>
    <td>0.00%</td>
    <td>非同一 控制下</td>
  </tr>
  <tr>
    <td>有限公司</td>
    <td></td>
    <td></td>
    <td>1楼</td>
    <td></td>
    <td></td>
    <td></td>
    <td>合并</td>
  </tr>
  <tr>
    <td>东富龙 （美国）有限责任 公司</td>
    <td>200,000.00 美元</td>
    <td>955 s. Springfield Avenue, First Floor, Building A， Springfield， New Jersey ,07081</td>
    <td>Jans Carlowood Street, New York, USA</td>
    <td>销售</td>
    <td>100.00%</td>
    <td>0.00%</td>
    <td>设立或 投资</td>
  </tr>
  <tr>
    <td>上海东富 龙制药设 备制造有 限公司</td>
    <td>120,000,00 0.00元</td>
    <td>上海市金山区金流路399号</td>
    <td>上海市金山区金 流路399号</td>
    <td>生产销 售</td>
    <td>100.00%</td>
    <td>0.00%</td>
    <td>设立或 投资</td>
  </tr>
  <tr>
    <td>上海东富 龙智能工 程有限公司</td>
    <td>100,000,00 0.00元</td>
    <td>上海市闵行区都会路139号</td>
    <td>上海市闵行区东 川路555号丙楼5106室</td>
    <td>软件开 发</td>
    <td>100.00%</td>
    <td>0.00%</td>
    <td>设立或 投资</td>
  </tr>
  <tr>
    <td>上海东富 龙德惠空 调设备有 限公司</td>
    <td>70,000,000.00元</td>
    <td>上海市奉贤区沪杭公路1377号</td>
    <td>上海市奉贤区沪杭公路1377号3 幢</td>
    <td>生产销 售</td>
    <td>100.00%</td>
    <td>0.00%</td>
    <td>设立或 投资</td>
  </tr>
  <tr>
    <td>上海东富 龙德惠净 化空调工 程安装有限公司</td>
    <td>100,000,00 0.00元</td>
    <td>上海市奉贤区沪杭公路1377号</td>
    <td>上海市奉贤区沪杭公路1377号1 幢二层</td>
    <td>设计、 施工</td>
    <td>0.00%</td>
    <td>100.00%</td>
    <td>设立或 投资</td>
  </tr>
  <tr>
    <td>东富龙 （印度）私人有限 公司</td>
    <td>4,500,000. 00印度卢 比</td>
    <td>Plot no.22,Sy No.276 to 280,Pashamylara m,Industrial area,Patancheru Mandal,Sangared dy,Hyderabad,Te langana,India</td>
    <td>169, Zodiac Royal Palm, Room 406, East Goregaon, Aarey Milk Colony, Maharashtra, India.</td>
    <td>生产销 售</td>
    <td>100.00%</td>
    <td>0.00%</td>
    <td>设立或 投资</td>
  </tr>
  <tr>
    <td>上海东富龙爱瑞思 科技有限 公司</td>
    <td>1,500,000. 00美元</td>
    <td>上海市闵行区都会路139号</td>
    <td>上海市闵行区放鹤路2199号第1 幢A区</td>
    <td>生产销 售</td>
    <td>70.00%</td>
    <td>0.00%</td>
    <td>设立或 投资</td>
  </tr>
  <tr>
    <td>东富龙包 装技术 （上海）有限公司</td>
    <td>5,776,976. 00元</td>
    <td>上海市闵行区都会路139号</td>
    <td>上海市闵行区都会路1509号3幢 1层B区</td>
    <td>生产销 售</td>
    <td>100.00%</td>
    <td>0.00%</td>
    <td>非同一 控制下合并</td>
  </tr>
  <tr>
    <td>上海东富 龙拓溥科 技有限公 司</td>
    <td>1,500,000. 00美元</td>
    <td>上海市金山区金争路69号</td>
    <td>上海市金山区金争路69号1幢1 层C区</td>
    <td>生产销 售</td>
    <td>70.00%</td>
    <td>0.00%</td>
    <td>设立或 投资</td>
  </tr>
  <tr>
    <td>上海东富 龙制药设 备工程有限公司</td>
    <td>148,000,00 0.00元</td>
    <td>上海市奉贤区沪杭公路1377号</td>
    <td>上海市奉贤区沪杭公路1377号1 幢一层</td>
    <td>生产销 售</td>
    <td>100.00%</td>
    <td>0.00%</td>
    <td>非同一 控制下合并</td>
  </tr>
  <tr>
    <td>上海东富龙医疗科</td>
    <td>500,000,00 0.00元</td>
    <td>上海市闵行区都会路139号</td>
    <td>上海市闵行区都会路139号1幢1</td>
    <td>生产销 售</td>
    <td>100.00%</td>
    <td>0.00%</td>
    <td>设立或 投资</td>
  </tr>
  <tr>
    <td>技产业发展有限公司</td>
    <td></td>
    <td></td>
    <td>楼A区</td>
    <td></td>
    <td></td>
    <td></td>
    <td></td>
  </tr>
  <tr>
    <td>上海东富龙信息技术有限公司</td>
    <td>30,000,000.00元</td>
    <td>上海市闵行区都会路139号</td>
    <td>上海市闵行区都会路139号1幢3楼A区</td>
    <td>软件开 发、销售</td>
    <td>0.00%</td>
    <td>100.00%</td>
    <td>非同一 控制下合并</td>
  </tr>
  <tr>
    <td>东富龙生命科技有限公司</td>
    <td>150,000,00 0.00元</td>
    <td>上海市闵行区都会路139号</td>
    <td>上海市闵行区都会路139号1幢5楼；4幢3楼丙区</td>
    <td>生产销 售</td>
    <td>0.00%</td>
    <td>100.00%</td>
    <td>设立或 投资</td>
  </tr>
  <tr>
    <td>上海涵欧制药设备有限公司</td>
    <td>8,333,333. 00元</td>
    <td>上海市闵行区放鹤路2199号</td>
    <td>上海市奉贤区西 闸公路339号 306、307、308室</td>
    <td>生产销 售</td>
    <td>100.00%</td>
    <td>0.00%</td>
    <td>非同一 控制下合并</td>
  </tr>
  <tr>
    <td>上海承欢轻工机械有限公司</td>
    <td>24,735,000.00元</td>
    <td>上海市奉贤区沪杭公路1377号</td>
    <td>上海市奉贤区奉城镇洪朱路2803 号</td>
    <td>生产销 售</td>
    <td>51.00%</td>
    <td>0.00%</td>
    <td>非同一 控制下合并</td>
  </tr>
  <tr>
    <td>上海东富龙海崴生物科技有限公司</td>
    <td>50,000,000.00元</td>
    <td>上海市金山工业区金流路399号</td>
    <td>上海市金山工业区金流路399号1幢</td>
    <td>生产销 售</td>
    <td>87.70%</td>
    <td>0.00%</td>
    <td>非同一 控制下合并</td>
  </tr>
  <tr>
    <td>上海涌前智能装备有限公司</td>
    <td>10,000,000.00元</td>
    <td>上海市奉贤区沪杭公路1377号1幢三层</td>
    <td>上海市奉贤区沪杭公路1377号1 幢三层</td>
    <td>生产销 售</td>
    <td>0.00%</td>
    <td>70.00%</td>
    <td>设立或 投资</td>
  </tr>
  <tr>
    <td>东富龙俄罗斯有限公司</td>
    <td>1,200,000. 00俄罗斯 卢布</td>
    <td>125196, Moscow, 4th Lesnoy lane 13, Third floor, Apartment I, Rooms 1-5</td>
    <td>4-2 Lgarsky proezd, Moscow, Russia.</td>
    <td>销售</td>
    <td>100.00%</td>
    <td>0.00%</td>
    <td>设立或 投资</td>
  </tr>
  <tr>
    <td>东富龙智能装备制造（江苏）有限公司</td>
    <td>300,000,00 0.00元</td>
    <td>东台经济开发区人民路366号</td>
    <td>东台经济开发区 人民路366号</td>
    <td>生产销 售</td>
    <td>100.00%</td>
    <td>0.00%</td>
    <td>设立或 投资</td>
  </tr>
  <tr>
    <td>上海东富龙医用包装材料有限公司</td>
    <td>30,000,000.00元</td>
    <td>上海市闵行区都会路139号4幢3层乙区</td>
    <td>上海市闵行区都会路139号4幢3层乙区</td>
    <td>生产销 售</td>
    <td>0.00%</td>
    <td>100.00%</td>
    <td>设立或 投资</td>
  </tr>
  <tr>
    <td>东富龙包装技术（江苏）有限公司</td>
    <td>20,000,000.00元</td>
    <td>东台经济开发区人民路366号</td>
    <td>东台经济开发区 人民路366号</td>
    <td>生产销 售</td>
    <td>0.00%</td>
    <td>100.00%</td>
    <td>设立或 投资</td>
  </tr>
  <tr>
    <td>河南东富龙医用包装材料有限公司</td>
    <td>20,000,000.00元</td>
    <td>郑州航空港经济综合实验区黄海路与生物科技二街交叉口东北角郑州临空生物医药园16号楼</td>
    <td>郑州航空港经济 综合实验区黄海路与生物科技二街交叉口东北角郑州临空生物医药园16号楼</td>
    <td>生产销 售</td>
    <td>100.00%</td>
    <td>0.00%</td>
    <td>设立或 投资</td>
  </tr>
  <tr>
    <td>四川东富龙药用包装材料有</td>
    <td>20,000,000.00元</td>
    <td>成都天府国际生物城（双流区凤凰路618号）</td>
    <td>成都天府国际生物城（双流区凤 凰路618号）</td>
    <td>生产销 售</td>
    <td>100.00%</td>
    <td>0.00%</td>
    <td>设立或 投资</td>
  </tr>
  <tr>
    <td>限公司</td>
    <td></td>
    <td></td>
    <td></td>
    <td></td>
    <td></td>
    <td></td>
    <td></td>
  </tr>
  <tr>
    <td>上海东富龙生物试剂有限公司</td>
    <td>20,000,000.00元</td>
    <td>上海市闵行区都会路139号4幢2楼甲区</td>
    <td>上海市闵行区都会路139号4幢2楼甲区</td>
    <td>生产销 售</td>
    <td>0.00%</td>
    <td>100.00%</td>
    <td>设立或 投资</td>
  </tr>
  <tr>
    <td>嘉兴千纯生物科技有限公司</td>
    <td>10,204,000.00元</td>
    <td>浙江省嘉兴市平湖经济技术开发区新兴二路988号6幢3楼西侧</td>
    <td>浙江省嘉兴市平 湖经济技术开发区新兴二路988号6幢3楼西侧</td>
    <td>生产销 售</td>
    <td>0.00%</td>
    <td>51.00%</td>
    <td>非同一 控制下合并</td>
  </tr>
  <tr>
    <td>東富龍香港有限公司</td>
    <td>10,000.00 港元</td>
    <td>香港观塘区观塘道348号宏利坊6楼</td>
    <td>香港观塘区观塘 道348号宏利坊6楼</td>
    <td>销售</td>
    <td>100.00%</td>
    <td>0.00%</td>
    <td>设立或 投资</td>
  </tr>
  <tr>
    <td>浙江东富龙生物技术有限公司</td>
    <td>200,000,00 0.00元</td>
    <td>浙江省杭州市钱塘新区下沙街道和享科技中心 21幢621室</td>
    <td>浙江省杭州市钱塘新区下沙街道和享科技中心21 幢621室</td>
    <td>生产销 售</td>
    <td>100.00%</td>
    <td>0.00%</td>
    <td>设立或 投资</td>
  </tr>
  <tr>
    <td>东富龙（印尼）有限责任公司</td>
    <td>10,000,000,000.00印 尼盾</td>
    <td>Talavera Office Park Lt.21 Suite #05, JI.TB. Simatupang Kav.22-26, Kel.</td>
    <td>Talavera Office Park Lt.21 Suite #05, JI.TB. Simatupang Kav.22-26, Kel.Cilandak Barat, Kec Cilandak,Kota Adm, Jakata Selatan, Provinsi DKI Jakarta</td>
    <td>售后服 务</td>
    <td>99.00%</td>
    <td>1.00%</td>
    <td>设立或 投资</td>
  </tr>
  <tr>
    <td>东富龙土耳其机械贸易有限公司</td>
    <td>10,000.00土耳其里 拉</td>
    <td>Esentepe Mah.Harman 1 Sk.Duran Is Merkezi Blok NO:4/8 SISL</td>
    <td>Esentepe Mah.Harman 1 Sk.Duran Is Merkezi Blok NO:4/8 SISL</td>
    <td>售后服 务</td>
    <td>100.00%</td>
    <td>0.00%</td>
    <td>设立或 投资</td>
  </tr>
  <tr>
    <td>东富龙（澳大利亚）私人有限公司</td>
    <td>10,000.00 澳大利亚 元</td>
    <td>Suite 509, Level 5,379-383 Pitt Street, Sydney NSW 2000</td>
    <td>Suite 509, Level 5,379-383 Pitt Street, Sydney NSW 2000</td>
    <td>售后服 务</td>
    <td>100.00%</td>
    <td>0.00%</td>
    <td>设立或 投资</td>
  </tr>
  <tr>
    <td>东富龙（迪拜）有限公司</td>
    <td>367,000.00 阿联酋迪 拉姆</td>
    <td>Unit No:778 DMCC Business Centre Level No.1 Jewellery & Gemplex 3 Dubai United Arab Emirates</td>
    <td>Unit No:778 DMCC Business Centre Level No.1 Jewellery & Gemplex 3 Dubai United Arab Emirates</td>
    <td>售后服 务</td>
    <td>100.00%</td>
    <td>0.00%</td>
    <td>设立或 投资</td>
  </tr>
  <tr>
    <td>东富龙（越南）有限公司</td>
    <td>100,000.00 美元</td>
    <td>7th Floor,PDD Office Building,No 162 Pasteur street,Ben Nghe Ward,District 1,Ho Chi Minh City,Vietnam</td>
    <td>2 / F, River View Building, 1119 Tran Kheng Road, 05 Shek Ka Road, Ho Chi Minh City, Vietnam</td>
    <td>售后服 务</td>
    <td>100.00%</td>
    <td>0.00%</td>
    <td>设立或 投资</td>
  </tr>
  <tr>
    <td>东富龙（南非）私人公司</td>
    <td>10,000.00 南非兰特</td>
    <td>27 Newmark Estate Silver LakesRoad,Pretoria,Ga uteng,0081</td>
    <td>27 Newmark Estate Silver Lakes Road,Pretoria,Gauteng,0081</td>
    <td>售后服 务</td>
    <td>100.00%</td>
    <td>0.00%</td>
    <td>设立或 投资</td>
  </tr>
  <tr>
    <td>江苏辉河包装机械有限公司</td>
    <td>12,367,925.00元</td>
    <td>东台经济开发区人民路366号</td>
    <td>东台经济开发区 人民路366号</td>
    <td>生产销 售</td>
    <td>51.00%</td>
    <td>0.00%</td>
    <td>非同一 控制下 合并</td>
  </tr>
  <tr>
    <td>东富龙千纯生物科技（上海）有限公司</td>
    <td>50,000,000.00元</td>
    <td>上海市化学工业区目华路201号1幢20层2012室</td>
    <td>上海市化学工业区目华路201号1幢20层2012室</td>
    <td>生产销 售</td>
    <td>0.00%</td>
    <td>51.00%</td>
    <td>设立或 投资</td>
  </tr>
  <tr>
    <td>东富龙日本株式会社</td>
    <td>8,000,000. 00日元</td>
    <td>2-10-3,Misono-Chou,Yao- City,Osaka 581- 0818,Japan</td>
    <td>2-10-3,Misono- Chou,Yao- City,Osaka581-0818,Japan</td>
    <td>销售</td>
    <td>100.00%</td>
    <td>0.00%</td>
    <td>设立或 投资</td>
  </tr>
  <tr>
    <td>东富龙包装设备制造（江苏）有限公司</td>
    <td>20,000,000.00元</td>
    <td>东台经济开发区人民路366号</td>
    <td>东台经济开发区 人民路366号</td>
    <td>生产销 售</td>
    <td>100.00%</td>
    <td>0.00%</td>
    <td>新设</td>
  </tr>
  <tr>
    <td>上海东富龙检测技术有限公司</td>
    <td>10,000,000.00元</td>
    <td>上海市闵行区都会路139号1幢1楼C区</td>
    <td>上海市闵行区都会路139号1幢1楼C区</td>
    <td>生产销 售</td>
    <td>100.00%</td>
    <td>0.00%</td>
    <td>新设</td>
  </tr>
  <tr>
    <td>江苏承欢轻工机械有限公司</td>
    <td>20,000,000.00元</td>
    <td>东台经济开发区人民路366号</td>
    <td>东台经济开发区 人民路366号</td>
    <td>生产销 售</td>
    <td>0.00%</td>
    <td>100.00%</td>
    <td>新设</td>
  </tr>
  <tr>
    <td>东富龙水技术工程（上海）有限公司</td>
    <td>30,000,000.00元</td>
    <td>上海市金山区金争路69号1幢2层</td>
    <td>上海市金山区金争路69号1幢2 层</td>
    <td>生产销 售</td>
    <td>0.00%</td>
    <td>55.00%</td>
    <td>合资新 设</td>
  </tr>
  <tr>
    <td>东富龙派轲瑞自动化科技（上海）有限公司</td>
    <td>39,998,680.00元</td>
    <td>上海市闵行区都会路139号1幢四层B区</td>
    <td>上海市闵行区都 会路139号1幢四层B区</td>
    <td>生产销 售</td>
    <td>0.00%</td>
    <td>60.00%</td>
    <td>合资新 设</td>
  </tr>
  <tr>
    <td>东富龙（德国）有限公司</td>
    <td>200,000.00 欧元</td>
    <td>Amselweg 15,73765 Neuhausen auf den Fildern</td>
    <td>Amselweg 15,73765 Neuhausen auf den Fildern</td>
    <td>销售</td>
    <td>100.00%</td>
    <td>0.00%</td>
    <td>新设</td>
  </tr>
  <tr>
    <td>东富龙AND CIMA（巴拿马）</td>
    <td>10,000.00 美元</td>
    <td>Panama City</td>
    <td>Panama City</td>
    <td>销售</td>
    <td>70.00%</td>
    <td>0.00%</td>
    <td>新设</td>
  </tr>
  <tr>
    <td>东富龙新加坡有限公司</td>
    <td>10,000.00新加坡元</td>
    <td>111 North Bridge Road #29-06A Peninsula Plaza Singapore (179098)</td>
    <td>111 North Bridge Road #29-06A Peninsula Plaza Singapore (179098)</td>
    <td>销售与 售后服务</td>
    <td>100.00%</td>
    <td>0.00%</td>
    <td>新设</td>
  </tr>
  <tr>
    <td>东富龙意达有限公司</td>
    <td>500,000.00 欧元</td>
    <td>Via M. Buonarroti,43 - 28060 San Pietro Mosezzo, Fraz. Nibbia (NO)Italy</td>
    <td>San Pietro Mosezzo (No) Via Michelangelo Buonarroti 43 Cap 28060 Frazione:Nibbia</td>
    <td>生产销 售</td>
    <td>75.00%</td>
    <td>0.00%</td>
    <td>新设</td>
  </tr>
  <tr>
    <td>Pharmatec h Srl</td>
    <td>10,000.00 欧元</td>
    <td>Via Emilia 15, 24052 Azzano San Paolo( BG)</td>
    <td>Via Vincenzo Bellini 49, 24129 Bergamo (BG)</td>
    <td>销售与 售后服 务</td>
    <td>0.00%</td>
    <td>100.00%</td>
    <td>非同一 控制下合并</td>
  </tr>
  <tr>
    <td>Renggli.A G</td>
    <td>500,000.00 瑞士法郎</td>
    <td>Birkenstrasse 31 6343 Rotkreuz</td>
    <td>Birkenstrasse 31 6343 Rotkreuz</td>
    <td>生产销 售</td>
    <td>0.00%</td>
    <td>100.00%</td>
    <td>非同一 控制下 合并</td>
  </tr>
  <tr>
    <td>赛普（杭州）过滤科技有限公司</td>
    <td>4,190,211.0 0元</td>
    <td>浙江省杭州市钱塘区下沙街道银海科创中心17 幢101室</td>
    <td>浙江省杭州市钱塘区下沙街道银海科创中心17幢 101室</td>
    <td>生产销 售</td>
    <td>0.00%</td>
    <td>52.00%</td>
    <td>非同一 控制下 合并</td>
  </tr>
  <tr>
    <td>东之恒（杭州）工程技术有限公司</td>
    <td>10,000,000.00元</td>
    <td>浙江省杭州市钱塘区下沙街道福城路400号2幢309室</td>
    <td>浙江省杭州市钱 塘区下沙街道福城路400号2幢309室</td>
    <td>设计、 施工</td>
    <td>0.00%</td>
    <td>51.00%</td>
    <td>非同一 控制下 合并</td>
  </tr>
  <tr>
    <td>东富龙（广州）生命科学研究有限公司</td>
    <td>20,000,000.00元</td>
    <td>广州市黄埔区科学大道60号 909单元</td>
    <td>广州市黄埔区科学大道60号909 单元</td>
    <td>研发</td>
    <td>0.00%</td>
    <td>100.00%</td>
    <td>新设</td>
  </tr>
  <tr>
    <td>上海东富龙设备服务有限公司</td>
    <td>50,000,000.00元</td>
    <td>上海市闵行区都会路139号1幢1层B区</td>
    <td>上海市闵行区都会路139号1幢1层B区</td>
    <td>售后服 务</td>
    <td>100.00%</td>
    <td>0.00%</td>
    <td>新设</td>
  </tr>
</table>

> Note: merged cells detected, rendered as HTML table.

---
## 重要的非全资子公司

单位：元

| 子公司名称 | 少数股东持股比例 | 本期归属于少数股东的损益 | 本期向少数股东宣告分派的股利 | 期末少数股东权益余额 |
| :--: | --: | --: | --: | --: |
| 上海承欢轻工机械有限公司 | 49.00% | 9,574,748.92 | 0.00 | 74,018,060.76 |
| 东富龙水技术工程（上海）有限公司 | 45.00% | 9,562,324.16 | 0.00 | 10,261,762.34 |
| 东富龙 AND CIMA（巴拿马） | 30.00% | 5,659,307.15 | 0.00 | -1,758,106.24 |
| 东富龙意达有限公司 | 25.00% | -4,121,773.36 | 0.00 | 3,522,171.95 |

---
## 重要非全资子公司的主要财务信息

单位：元

<table id='9eb79b13246fc8a54974626d0844a95f' titleId='9eb79b13246fc8a54974626d0844a95f' headId='9eb79b13246fc8a54974626d0844a95f'>
  <tr>
    <td rowspan=""2"">子公司名称</td>
    <td colspan=""6"">期末余额</td>
    <td colspan=""6"">期初余额</td>
  </tr>
  <tr>
    <td>流动资产</td>
    <td>非流动资产</td>
    <td>资产合计</td>
    <td>流动负债</td>
    <td>非流动负债</td>
    <td>负债合计</td>
    <td>流动资产</td>
    <td>非流动资产</td>
    <td>资产合计</td>
    <td>流动负债</td>
    <td>非流动负债</td>
    <td>负债合计</td>
  </tr>
  <tr>
    <td>上海承欢</td>
    <td>575,199,378.76</td>
    <td>13,025,235. 24</td>
    <td>588,224,614.00</td>
    <td>435,699,983.27</td>
    <td>1,467, 363.87</td>
    <td>437,167,347.14</td>
    <td>513,665,358.74</td>
    <td>11,573,305. 50</td>
    <td>525,238,664.24</td>
    <td>392,272,686.63</td>
    <td>1,402, 568.19</td>
    <td>393,675,254.82</td>
  </tr>
  <tr>
    <td>轻工机械有限公司</td>
    <td></td>
    <td></td>
    <td></td>
    <td></td>
    <td></td>
    <td></td>
    <td></td>
    <td></td>
    <td></td>
    <td></td>
    <td></td>
    <td></td>
  </tr>
  <tr>
    <td>东富龙水技术工程（上海）有限公司</td>
    <td>192,727,133.86</td>
    <td>2,579, 731.88</td>
    <td>195,306,865.74</td>
    <td>172,502,949.43</td>
    <td>0.00</td>
    <td>172,502,949.43</td>
    <td>186,457,217.15</td>
    <td>2,199, 010.35</td>
    <td>188,656,227.50</td>
    <td>187,638,690.80</td>
    <td>0.00</td>
    <td>187,638,690.80</td>
  </tr>
  <tr>
    <td>东富龙AND CIM A（巴拿马）</td>
    <td>35,669,076. 21</td>
    <td>0.00</td>
    <td>35,669,076. 21</td>
    <td>41,529,430. 33</td>
    <td>0.00</td>
    <td>41,529,430. 33</td>
    <td>20,306,426. 78</td>
    <td>0.00</td>
    <td>20,306,426. 78</td>
    <td>45,515,499. 98</td>
    <td>0.00</td>
    <td>45,515,499. 98</td>
  </tr>
  <tr>
    <td>东富龙意达有限公司</td>
    <td>58,994,287. 18</td>
    <td>10,179,535. 56</td>
    <td>69,173,822. 74</td>
    <td>55,085,134. 96</td>
    <td>0.00</td>
    <td>55,085,134. 96</td>
    <td>66,318,382. 26</td>
    <td>12,643,261. 81</td>
    <td>78,961,644. 07</td>
    <td>47,053,654. 19</td>
    <td>0.00</td>
    <td>47,053,654. 19</td>
  </tr>
</table>

> Note: merged cells detected, rendered as HTML table.

---
## 重要非全资子公司的主要财务信息

单位：元

<table id='6f64c6f888ee5a60d78f227cecb26150' titleId='697aec51-8d54-4295-adeb-7149c967ab05' headId='6f64c6f888ee5a60d78f227cecb26150'>
  <tr>
    <td rowspan=""2"">子公司名称</td>
    <td colspan=""4"">本期发生额</td>
    <td colspan=""4"">上期发生额</td>
  </tr>
  <tr>
    <td>营业收入</td>
    <td>净利润</td>
    <td>综合收益总额</td>
    <td>经营活动现金流量</td>
    <td>营业收入</td>
    <td>净利润</td>
    <td>综合收益总额</td>
    <td>经营活动现金流量</td>
  </tr>
  <tr>
    <td>上海承欢轻工机械有限公司</td>
    <td>143,001, 932.98</td>
    <td>19,540, 303.92</td>
    <td>19,540,303.92</td>
    <td>-3,132,327.24</td>
    <td>129,987,550.71</td>
    <td>20,611,494.64</td>
    <td>20,611,494.64</td>
    <td>36,578,346.51</td>
  </tr>
  <tr>
    <td>东富龙水技术工程（上海）有限公司</td>
    <td>120,782, 904.31</td>
    <td>21,249, 609.24</td>
    <td>21,249,609.24</td>
    <td>9,367,848.09</td>
    <td>39,988,056.19</td>
    <td>-955,045.25</td>
    <td>-955,045.25</td>
    <td>10,977,448.01</td>
  </tr>
  <tr>
    <td>东富龙AND CIMA（巴拿马）</td>
    <td>69,022,467.12</td>
    <td>18,864, 357.17</td>
    <td>19,348,719.08</td>
    <td>-16,364,119.54</td>
    <td>378,149.98</td>
    <td>-8,179,063.23</td>
    <td>-8,179,063.23</td>
    <td>-10,258,361.53</td>
  </tr>
  <tr>
    <td>东富龙意达有限公司</td>
    <td>3,285,276.65</td>
    <td>-16,487, 093.45</td>
    <td>-17,819,302.10</td>
    <td>-19,184,214.69</td>
    <td>0.00</td>
    <td>-6,092,376.90</td>
    <td>-1,599,660.59</td>
    <td>-5,616,245.25</td>
  </tr>
</table>

> Note: merged cells detected, rendered as HTML table.

---
## 上年年末余额

<table id='22b06ed67fcde2d8f7465e06df92c3f2' titleId='22b06ed67fcde2d8f7465e06df92c3f2'>
  <tr>
    <td>项目</td>
    <td>即时偿还</td>
    <td>1年以内</td>
    <td>1-2年</td>
    <td>2-5年</td>
    <td>5年以上</td>
    <td>未折现合同金额合计</td>
    <td>账面价值</td>
  </tr>
  <tr>
    <td>短期借款</td>
    <td></td>
    <td>15,313,983.69</td>
    <td></td>
    <td></td>
    <td></td>
    <td>15,313,983.69</td>
    <td>15,147,657.66</td>
  </tr>
  <tr>
    <td>应付票据</td>
    <td></td>
    <td></td>
    <td></td>
    <td></td>
    <td></td>
    <td></td>
    <td></td>
  </tr>
  <tr>
    <td>应付账款</td>
    <td></td>
    <td>1,075,892, 500.18</td>
    <td></td>
    <td></td>
    <td></td>
    <td>1,075,892,500.18</td>
    <td>1,075,892,500.18</td>
  </tr>
  <tr>
    <td>其他应付款</td>
    <td></td>
    <td>18,972,039.01</td>
    <td></td>
    <td></td>
    <td></td>
    <td>18,972,039.01</td>
    <td>18,972,039.01</td>
  </tr>
  <tr>
    <td rowspan=""2"">项目</td>
    <td colspan=""7"">期末余额</td>
  </tr>
  <tr>
    <td>即时偿还</td>
    <td>1年以内</td>
    <td>1-2年</td>
    <td>2-5年</td>
    <td>5年以上</td>
    <td>未折现合同金额合计</td>
    <td>账面价值</td>
  </tr>
  <tr>
    <td>其他流动负债（票据背书未终止确认的负债）</td>
    <td></td>
    <td>73,230,875.66</td>
    <td></td>
    <td></td>
    <td></td>
    <td>73,230,875.66</td>
    <td>73,230,875.66</td>
  </tr>
  <tr>
    <td>长期借款</td>
    <td></td>
    <td>2,046,865. 25</td>
    <td>2,046,865. 25</td>
    <td>6,146,203. 60</td>
    <td>81,679,229.00</td>
    <td>91,919,163. 10</td>
    <td>70,834,71 9.69</td>
  </tr>
  <tr>
    <td>租赁负债（包括一年内到期租赁负债）</td>
    <td></td>
    <td>2,278,825. 02</td>
    <td></td>
    <td></td>
    <td></td>
    <td>2,278,825.02</td>
    <td>2,190,281 .20</td>
  </tr>
  <tr>
    <td>合计</td>
    <td></td>
    <td>1,187,735, 088.81</td>
    <td>2,046,865. 25</td>
    <td>6,146,203. 60</td>
    <td>81,679,229.00</td>
    <td>1,277,607,386.66</td>
    <td>1,256,268 ,073.40</td>
  </tr>
</table>

> Note: merged cells detected, rendered as HTML table.

---
（1）利率风险
利率风险是指金融工具的公允价值或未来现金流量因市场利率变动而发生波动的风险。
固定利率和浮动利率的带息金融工具分别使本公司面临公允价值利率风险及现金流量利率风险。本公司根据市场环境来决定固定利率与浮动利率工具的比例，并通过定期审阅与监察维持适当的固定和浮动利率工具组合。必要时，本公司会采用利率互换工具来对冲利率风险。
于2026年06月30日，在其他变量保持不变的情况下，如果以浮动利率计算的借款利率上升或下降100个基点，则本公司的净利润将减少或增加462,846.58元（2025年12月31日：448,197.26元）。
（2）汇率风险
汇率风险是指金融工具的公允价值或未来现金流量因外汇汇率变动而发生波动的风险。本公司持续监控外币交易和外币资产及负债的规模，以最大程度降低面临的外汇风险。此外，公司还可能签署远期外汇合约或货币互换合约以达到规避汇率风险的目的。本公司面临的汇率风险主要来源于以美元计价的金融资产和金融负债，外币金融资产和外币金融负债折算成人民币的金额列示如下：
于2026年06月30日，在所有其他变量保持不变的情况下，如果人民币对美元升值或贬值10%，则公司将增加或减少净利润 92,914,067.08元（2025年12月31日：103,388,253.42 元）。管理层认为10%合理反映了下一年度人民币对外币可能发生变动的合理范围。
（3）其他价格风险
其他价格风险是指金融工具的公允价值或未来现金流量因汇率风险和利率风险以外的市场价格变动而发生波动的风险。
本公司其他价格风险主要产生于各类权益工具投资，存在权益工具价格变动的风险。

---
## 公司开展套期业务进行风险管理

| 项目 | 相应风险管理策略和目标 | 被套期风险的定性和定量信息 | 被套期项目及相关套期工具之间的经济关系 | 预期风险管理目标有效实现情况 | 相应套期活动对风险敞口的影响 |
| --: | :--: | :--: | --: | :--: | :--: |
| 远期结 售汇 | 规避外汇市场的风 险，防范汇率大幅波动对公司经营造成不利影响 | 外币资金收付业务对应的外汇市场风险 | 以外汇远期、掉期为套期工具， 对应预期外币收支，以降低外汇 市场风险 | 锁定部分外币资金汇率，避 免了汇率大幅波动的不利影响 | 通过开展套期 保值业务，可以充分利用衍 生品市场的套 期保值功能， 降低汇率大幅波动对公司正常经营的影响 |

---
十四、关联方及关联交易
1、本企业的母公司情况
本企业的母公司情况的说明
2019年12月5日，公司股东郑效东与郑可青签订《表决权委托协议》，郑可青将其所持有的公司125,667,408股股份，所对应的表决权委托给郑效东行使，协议有效期为八年；
2019年12月5日，公司股东郑效东与郑可青签订《一致行动协议》，双方是一致行动人，采取一致行动。
本企业最终控制方是郑效东。
2、本企业的子公司情况
本企业子公司的情况详见附注十、在其他主体中的权益。
3、本企业合营和联营企业情况
本企业重要的合营或联营企业详见附注十、在其他主体中的权益。
本期与本公司发生关联方交易，或前期与本公司发生关联方交易形成余额的其他合营或联营企业情况如下：
5、关联交易情况
（1） 购销商品、提供和接受劳务的关联交易
采购商品/接受劳务情况表
单位：元
出售商品/提供劳务情况表
单位：元
（7） 关键管理人员报酬
单位：元
6、关联方应收应付款项
（1） 应收项目
单位：元
（2） 应付项目
单位：元
十五、股份支付
1、股份支付总体情况
□适用 不适用
2、以权益结算的股份支付情况
□适用 不适用
3、以现金结算的股份支付情况
□适用 不适用
4、本期股份支付费用
□适用 不适用

---
## 本企业的母公司情况的说明

| 实际控制人名称 | 关联关系 | 投资人对本公司的持股比例(%) | 投资人对本公司的表决权比例(%) |
| :--: | :--: | :--: | :--: |
| 郑效东 | 实际控制人 | 34.08 | 50.49 |

---
## 采购商品/接受劳务情况表

单位：元

| 关联方 | 关联交易内容 | 本期发生额 | 获批的交易额度 | 是否超过交易额度 | 上期发生额 |
| :--: | :--: | :--: | :--: | :--: | :--: |
| 杭州蓝灯科技有限公司 | 采购货物 |  |  | 否 | 122,123.89 |
| 康力电梯股份有限公司 | 采购货物 | 1,592.92 |  | 否 | 269,203.54 |
| 北京洛施德企业管理咨询有限公司 | 采购货物 |  |  | 否 | 2,245,283.02 |
| 沧州四星联合医药包装有限公司 | 采购货物 | 21,630.09 |  | 否 | 0.00 |

---
## 出售商品/提供劳务情况表

单位：元

| 关联方 | 关联交易内容 | 本期发生额 | 上期发生额 |
| :--: | :--: | :--: | :--: |
| 杭州澳亚生物技术股份有限公司 | 出售商品 | -60,062.03 | 114,054.87 |
| 上海济平新能源科技有限公司 | 出售商品 | 0.00 | 2,641.59 |
| 成都康华生物制品股份有限公司 | 出售商品 | 238,221.25 | 0.00 |
| 杭州蓝灯科技有限公司 | 出售商品 | 16,037.74 | 0.00 |
| 上海微矩阵生物科技有限公司 | 出售商品 | 2,123.89 | 0.00 |

---
## 应收项目

单位：元

<table id='e2cbc94566b477dc72e950cc5bb3964d' titleId='e2cbc94566b477dc72e950cc5bb3964d' headId='e2cbc94566b477dc72e950cc5bb3964d'>
  <tr>
    <td rowspan=""2"">项目名称</td>
    <td rowspan=""2"">关联方</td>
    <td colspan=""2"">期末余额</td>
    <td colspan=""2"">期初余额</td>
  </tr>
  <tr>
    <td>账面余额</td>
    <td>坏账准备</td>
    <td>账面余额</td>
    <td>坏账准备</td>
  </tr>
  <tr>
    <td>应收账款</td>
    <td>杭州澳亚生物技术股份有限公司</td>
    <td>90,000.00</td>
    <td>71,317.51</td>
    <td>2,172,010.00</td>
    <td>230,182.14</td>
  </tr>
  <tr>
    <td>应收账款</td>
    <td>浙江创新生物有限公司</td>
    <td>2,297.77</td>
    <td>459.55</td>
    <td>2,297.77</td>
    <td>114.89</td>
  </tr>
  <tr>
    <td>应收账款</td>
    <td>上海济平新能源科技有限公司</td>
    <td>325,520.00</td>
    <td>130,425.92</td>
    <td>327,200.00</td>
    <td>131,214.22</td>
  </tr>
  <tr>
    <td>应收账款</td>
    <td>沧州四星联合医药包装有限公司</td>
    <td>1,000,000.00</td>
    <td>45,820.03</td>
    <td>1,000,000.00</td>
    <td>45,800.00</td>
  </tr>
  <tr>
    <td>应收账款</td>
    <td>成都康华生物制品股份有限公司</td>
    <td>5,500.01</td>
    <td>1,264.45</td>
    <td>1,413,522.14</td>
    <td>82,097.60</td>
  </tr>
  <tr>
    <td>其他应收款</td>
    <td>北京洛施德企业管理咨询有限公司</td>
    <td>60,000.00</td>
    <td>30,000.00</td>
    <td>60,000.00</td>
    <td>30,000.00</td>
  </tr>
  <tr>
    <td>预付账款</td>
    <td>北京洛施德企业管理咨询有限公司</td>
    <td>1,194,500.00</td>
    <td>1,194,500.00</td>
    <td>1,194,500.00</td>
    <td>597,250.00</td>
  </tr>
  <tr>
    <td>预付账款</td>
    <td>瑞赛实验室设备（扬州）有限公司</td>
    <td>710,849.00</td>
    <td>0.00</td>
    <td>9,550.97</td>
    <td>0.00</td>
  </tr>
  <tr>
    <td>其他非流动资产</td>
    <td>瑞赛实验室设备（扬州）有限公司</td>
    <td>1,363,810.40</td>
    <td>0.00</td>
    <td>681,905.20</td>
    <td>0.00</td>
  </tr>
  <tr>
    <td>其他非流动资产</td>
    <td>康力电梯股份有限公司</td>
    <td>55,200.00</td>
    <td>0.00</td>
    <td>0.00</td>
    <td>0.00</td>
  </tr>
</table>

> Note: merged cells detected, rendered as HTML table.

---
## 应付项目

单位：元

| 项目名称 | 关联方 | 期末账面余额 | 期初账面余额 |
| :--: | :--: | :--: | :--: |
| 合同负债 | 杭州澳亚生物技术股份有限公司 | 34,416.00 | 34,558.07 |
| 合同负债 | 杭州蓝灯科技有限公司 | 0.00 | 8,018.87 |
| 合同负债 | 成都康华生物制品股份有限公司 | 525,312.48 | 300.00 |
| 应付账款 | 杭州蓝灯科技有限公司 | 0.00 | 0.06 |
| 应付账款 | 沧州四星联合医药包装有限公司 | 21,630.09 | 6,017.70 |
| 应付账款 | 北京洛施德企业管理咨询有限公司 | 330,188.69 | 330,188.69 |
| 应付账款 | 上海雷昶科技有限公司 | 346,415.10 | 346,415.10 |
| 应付账款 | 康力电梯股份有限公司 | 0.00 | 40,165.07 |

---
资产负债表日存在的重要承诺
2、长期借款
注1：中国建设银行股份有限公司上海闵行支行于2024年5月28日与东富龙千纯生物科技（上海）有限公司签署编号为506121724004的固定资产贷款合同，以东富龙千纯生物科技（上海）有限公司所有的沪（2023）奉字不动产权第003817号土地使用权及东富龙千纯生物科技（上海）有限公司生物分离介质新技术和新产品开发产业项目在建工程作为抵押物。
抵押物清单如下：

---
## 短期借款

| 贷款银行名称 | 贷款金额（万元） | 借款期间 | 借款条件 | 担保人 | 备注 |
| :--: | :--: | :--: | :--: | :--: | :--: |
| 宁波银行股份有限公司杭州分行 | 100.00 | 2026/6/8- 2027/6/5 | 信用 |  |  |
| 招商银行股份有限公司上海自贸试验区分行 | 500.00 | 2026/5/18-2026/11/18 | 信用 |  |  |
| 中国农业银行股份有限公司杭州钱塘支行 | 300.00 | 2025/11/28- 2026/11/26 | 信用 |  |  |
| 中国农业银行股份有限公司杭州钱塘支行 | 400.00 | 2026/5/19- 2027/5/18 | 信用 |  |  |
| 合计 | 1,300.00 |  |  |  |  |

---
## 长期借款

| 贷款银行名称 | 贷款金额(万元) | 借款期间 | 借款条件 | 抵押人、质押人 | 抵押物、质押物名称 | 抵押物、质押物类别 | 备注 |
| :--: | :--: | :--: | :--: | :--: | :--: | :--: | :--: |
| 中国建设银行股份有限公司上海闵行支行 | 9,030.00 | 2024/04/20-2036/04/12 | 抵押 | 东富龙千 纯生物科技（上海）有限 公司 | 东富龙千纯生物科技（上海）有限公司土地使用权、 在建工程 | 土地使用权、 在建工程 | 注 1 |
| 合计 | 9,030.00 |  |  |  |  |  |  |

---
## 抵押物清单如下

| 权利归属 | 抵押物地址 | 地产、房产权属证编号或抵押物 | 土地面积（㎡） |
| :--: | :--: | :-- | :--: |
| 东富龙千纯生物科技（上海）有限公司 | 上海市化学工业区7街坊3/8丘 | 沪（ 2023 ）奉字不动产权第003817号 | 31,088.29 |
| 东富龙千纯生物科技（上海）有限公司 | 上海市化学工业区E6-3地块 | 房屋建筑物的在建工程 |  |

---
截至2026年06月30日，公司对541台设备与137个项目出具保函，在有效期限内保证履约情况良好。

---
## 保函情况

<table id='b68bd51e6488a55fce248ff2fa520a16' titleId='aa029c84-789c-420a-b577-4bbee1b2a313'>
  <tr>
    <td rowspan=""2"">所属公司</td>
    <td colspan=""3"">保证金</td>
    <td colspan=""2"">保函</td>
    <td rowspan=""2"">备注</td>
  </tr>
  <tr>
    <td>币种</td>
    <td>原币</td>
    <td>人民币</td>
    <td>类型</td>
    <td>金额</td>
  </tr>
  <tr>
    <td rowspan=""7"">本公司</td>
    <td>人民币</td>
    <td>/</td>
    <td>10,073,683.91</td>
    <td>履约保函</td>
    <td>4,993,427.68</td>
    <td></td>
  </tr>
  <tr>
    <td>/</td>
    <td>/</td>
    <td>-</td>
    <td>付款保函</td>
    <td>2,368,988.40</td>
    <td>信用开具</td>
  </tr>
  <tr>
    <td>/</td>
    <td>/</td>
    <td>-</td>
    <td>履约保函</td>
    <td>127,878,178.29</td>
    <td>信用开具</td>
  </tr>
  <tr>
    <td>/</td>
    <td>/</td>
    <td>-</td>
    <td>其它非融资性保函</td>
    <td>3,000,000.00</td>
    <td>信用开具</td>
  </tr>
  <tr>
    <td>/</td>
    <td>/</td>
    <td>-</td>
    <td>投标保函</td>
    <td>5,410,000.00</td>
    <td>信用开具</td>
  </tr>
  <tr>
    <td>/</td>
    <td>/</td>
    <td>-</td>
    <td>预付款保函</td>
    <td>178,922,707.17</td>
    <td>信用开具</td>
  </tr>
  <tr>
    <td>/</td>
    <td>/</td>
    <td>-</td>
    <td>质量保函</td>
    <td>18,150,570.67</td>
    <td>信用开具</td>
  </tr>
  <tr>
    <td>东富龙（印度）私人有限公司</td>
    <td>印度卢比</td>
    <td>59,000,000. 00</td>
    <td>4,250,283.99</td>
    <td>履约保函</td>
    <td>2,662,300.45</td>
    <td></td>
  </tr>
  <tr>
    <td>RENGGLI AG</td>
    <td>瑞士法郎</td>
    <td>/</td>
    <td>-</td>
    <td>预付款保函 履约保函</td>
    <td>1,968,188.104,633,786.15</td>
    <td>信用开具 信用开具</td>
  </tr>
  <tr>
    <td>合计</td>
    <td></td>
    <td></td>
    <td>14,323,967.90</td>
    <td></td>
    <td>349,988,146.92</td>
    <td></td>
  </tr>
</table>

> Note: merged cells detected, rendered as HTML table.

---
（1）MAISHA BOTTLERS ＆ BEVERAGES LIMITED与公司控股子公司江苏辉河包装机械有限公司买卖合同纠纷涉诉案件进展如下：处于交换证据阶段。
（2）东富龙科技集团股份有限公司与上海拜高乐生物技术有限公司买卖合同纠纷（2025）沪0112民初21074号案件进展如下：二审已判决，已支付款项，已结案。
（3）公司全资孙公司上海东富龙德惠净化空调工程安装有限公司与上海上药康希诺生物制药有限公司建设工程分包合同纠纷（2025）沪0112民初7756号及（2024）沪02民终18858号案件进展如下：一审二审上海上药康希诺生物制药有限公司均败诉，已提交债权申报材料。
（4）上海阅扬机械设备安装有限公司与东富龙科技集团股份有限公司建设工程合同纠纷（2025）鲁0214民初7844号案件进展如下：原告已撤诉。
（5）公司全资子公司上海东富龙制药设备制造有限公司与上海若赫模具五金有限公司买卖合同纠纷（2025）沪0120民初23806号案件进展如下：二审已判决，款项已支付，已结案。
（6）公司全资子公司上海东富龙制药设备制造有限公司与上海学佳电子科技有限公司买卖合同纠纷（2025）沪0118民初24014号案件进展如下：一审已判决，已支付款项，已结案。
（7）公司与广州阿格纳生物医药制造有限公司买卖合同纠纷（2025）沪0112民初47050号案件进展如下：被告提起反诉，案件审理中。
（8）公司全资子公司上海东富龙医疗科技产业发展有限公司、东富龙生命科技有限公司与江苏神罗复合材料有限公司买卖合同纠纷（2025）沪0112民初64042号案件进展如下：法院出具调解书，已支付款项，已结案。

---
（9）公司全资子公司上海东富龙制药设备工程有限公司与上海仅鑫制药设备工程有限公司建设工程施工合同纠纷（2025）辽0792民初537号案件进展如下：一审已判决，对方提起上诉，二审审理中。
（10）公司控股孙公司东之恒（杭州）工程技术有限公司与南京市盛阳设备安装有限公司建设工程施工合同纠纷（2025）浙0111民初4303号进展如下：案件审理中。
（11）公司与江苏明圣康源药业有限公司买卖合同纠纷（2026）沪01民终13136号案件进展如下：一审判决对方败诉，对方提起上诉，二审审理中。
（12）公司全资孙公司上海东富龙德惠净化空调工程安装有限公司与苏州昇德精密设备搬运安装有限公司合同纠纷（2025）沪0120民初33479号案件进展如下：案件审理中。
（13）公司全资孙公司上海东富龙德惠净化空调工程安装有限公司与上海劲豪建设工程有限公司建设工程分包合同纠纷（2026）沪0113民初41号案件进展如下：案件审理中。

---
## 利润分配情况

| 拟分配每10股派息数（元） | 0.66 |
| :-- | --: |
| 拟分配每10股分红股（股） | 0 |
| 拟分配每10股转增数（股） | 0 |
| 经审议批准宣告发放的每10股派息数（元） | 0.66 |
| 经审议批准宣告发放的每10股分红股（股） | 0 |
| 经审议批准宣告发放的每10股转增数（股） | 0 |
| 利润分配方案 | 经公司2026年8月27日召开第七届董事会第四次会议审议通过，2026年半年度利润分配方案为：截至本公告披露日公司总股本765,828,040股，回购专用证券账户股份数量4,980,001股，以公司总股本扣除回购专用证券账户中4,980,001股后的股本760,848,039股为基数，向全体股东每10股派发现金股利0.66元（含税），共计派发现金股利50,215,970.57元（含税），不以资本公积金转增股本，不送红股。利润分配方案发布后至实施前，公司股本和回购专用证券账户股份数量如发生变动，将按照现金分配总额不变的原则对分配比例进行调整。 |

---
## 按预期信用损失一般模型计提坏账准备

单位：元

<table id='bf92ec3d53e77f80ae7e314fa9b03b50' titleId='d3bfbce2-1de8-4e19-b82f-af82a53422ec' headId='bf92ec3d53e77f80ae7e314fa9b03b50'>
  <tr>
    <td rowspan=""2"">坏账准备</td>
    <td>第一阶段</td>
    <td>第二阶段</td>
    <td>第三阶段</td>
    <td rowspan=""2"">合计</td>
  </tr>
  <tr>
    <td>未来12个月预期信用损失</td>
    <td>整个存续期预期信用损失(未发生信用减值)</td>
    <td>整个存续期预期信用损失(已发生信用减值)</td>
  </tr>
  <tr>
    <td>2026年1月1日余额</td>
    <td>13,762,961.09</td>
    <td>79,702.88</td>
    <td></td>
    <td>13,842,663.97</td>
  </tr>
  <tr>
    <td>2026年1月1日余额在本期</td>
    <td></td>
    <td></td>
    <td></td>
    <td></td>
  </tr>
  <tr>
    <td>本期计提</td>
    <td>3,498,574.33</td>
    <td>130,119.14</td>
    <td></td>
    <td>3,628,693.47</td>
  </tr>
  <tr>
    <td>本期核销</td>
    <td>34,800.00</td>
    <td></td>
    <td></td>
    <td>34,800.00</td>
  </tr>
  <tr>
    <td>2026年6月30日余额</td>
    <td>17,226,735.42</td>
    <td>209,822.02</td>
    <td></td>
    <td>17,436,557.44</td>
  </tr>
</table>

> Note: merged cells detected, rendered as HTML table.

---
## 按欠款方归集的期末余额前五名的其他应收款情况

单位：元

| 单位名称 | 款项的性质 | 期末余额 | 账龄 | 占其他应收款期末余额合计数的比例 | 坏账准备期末余额 |
| :--: | :--: | :--: | :--: | --: | :--: |
| 四川东富龙药用包装材料 有限公司 | 往来款 | 16,012,517.16 | 1-2年、2- 3年 | 20.62% | 5,602,503.43 |
| 东富龙包装设备制造（江 苏）有限公司 | 往来款 | 15,000,000.00 | 1-2年 | 19.32% | 3,000,000.00 |
| 東富龍香港有限公司 | 往来款 | 8,920,000.00 | 1年以内 | 11.49% | 446,000.00 |
| 中华人民共和国上海海关 | 押金及保 证金 | 5,000,000.00 | 1年以内 | 6.44% | 250,000.00 |
| 东富龙智能装备制造（江苏）有限公司 | 往来款 | 5,000,000.00 | 1年以内 | 6.44% | 250,000.00 |
| 合计 |  | 49,932,517.16 |  | 64.31% | 9,548,503.43 |

---
## 对子公司投资

单位：元

<table id='338a195e0947fad23cfeffee30460d92' titleId='338a195e0947fad23cfeffee30460d92' headId='338a195e0947fad23cfeffee30460d92'>
  <tr>
    <td rowspan=""2"">被投资单位</td>
    <td rowspan=""2"">期初余额（账面价值）</td>
    <td rowspan=""2"">减值准备期初余额</td>
    <td colspan=""4"">本期增减变动</td>
    <td rowspan=""2"">期末余额（账面价值）</td>
    <td rowspan=""2"">减值准备期末余额</td>
  </tr>
  <tr>
    <td>追加投资</td>
    <td>减少投资</td>
    <td>计提减值准备</td>
    <td>其他</td>
  </tr>
  <tr>
    <td>上海共和真空技术有限公司</td>
    <td>1,650,575.00</td>
    <td></td>
    <td></td>
    <td></td>
    <td></td>
    <td></td>
    <td>1,650,575.00</td>
    <td></td>
  </tr>
  <tr>
    <td>东富龙（美国）有限责任公司</td>
    <td>1,066,674.50</td>
    <td></td>
    <td></td>
    <td></td>
    <td></td>
    <td></td>
    <td>1,066,674.50</td>
    <td></td>
  </tr>
  <tr>
    <td>上海东富龙智能工程有限公司</td>
    <td>100,000,000.00</td>
    <td></td>
    <td></td>
    <td></td>
    <td></td>
    <td></td>
    <td>100,000,000.00</td>
    <td></td>
  </tr>
  <tr>
    <td>上海东富龙制药设备制造有限公司</td>
    <td>535,667,000.00</td>
    <td></td>
    <td></td>
    <td></td>
    <td></td>
    <td></td>
    <td>535,667,000.00</td>
    <td></td>
  </tr>
  <tr>
    <td>上海东富龙德惠空调设备有限公司</td>
    <td>88,500,000.00</td>
    <td></td>
    <td></td>
    <td></td>
    <td></td>
    <td></td>
    <td>88,500,000.00</td>
    <td></td>
  </tr>
  <tr>
    <td>上海东富龙爱瑞思科技有限公司</td>
    <td>6,615,105.00</td>
    <td></td>
    <td></td>
    <td></td>
    <td></td>
    <td></td>
    <td>6,615,105.00</td>
    <td></td>
  </tr>
  <tr>
    <td>东富龙包装技术（上海）有限公司</td>
    <td>54,589,600.00</td>
    <td></td>
    <td></td>
    <td></td>
    <td></td>
    <td></td>
    <td>54,589,600.00</td>
    <td></td>
  </tr>
  <tr>
    <td>上海东富龙拓溥科技有限公司</td>
    <td>6,599,880.00</td>
    <td></td>
    <td></td>
    <td></td>
    <td></td>
    <td></td>
    <td>6,599,880.00</td>
    <td></td>
  </tr>
  <tr>
    <td>东富龙（印度）私人有限公司</td>
    <td>618,060.00</td>
    <td></td>
    <td></td>
    <td></td>
    <td></td>
    <td></td>
    <td>618,060.00</td>
    <td></td>
  </tr>
  <tr>
    <td>上海东富龙制药设备工程有限公司</td>
    <td>151,950,000.00</td>
    <td></td>
    <td></td>
    <td></td>
    <td></td>
    <td></td>
    <td>151,950,000.00</td>
    <td></td>
  </tr>
  <tr>
    <td>上海东富龙医疗科技产业发展有限公司</td>
    <td>500,000,000.00</td>
    <td></td>
    <td></td>
    <td></td>
    <td></td>
    <td></td>
    <td>500,000,000.00</td>
    <td></td>
  </tr>
  <tr>
    <td>上海承欢轻工机械</td>
    <td>36,100,000.00</td>
    <td></td>
    <td></td>
    <td></td>
    <td></td>
    <td></td>
    <td>36,100,000.00</td>
    <td></td>
  </tr>
  <tr>
    <td>有限公司</td>
    <td></td>
    <td></td>
    <td></td>
    <td></td>
    <td></td>
    <td></td>
    <td></td>
    <td></td>
  </tr>
  <tr>
    <td>上海东富龙海崴生物科技有限公司</td>
    <td>171,200,000.00</td>
    <td></td>
    <td></td>
    <td></td>
    <td></td>
    <td></td>
    <td>171,200,000.00</td>
    <td></td>
  </tr>
  <tr>
    <td>东富龙俄罗斯有限公司</td>
    <td>132,709.73</td>
    <td></td>
    <td></td>
    <td></td>
    <td></td>
    <td></td>
    <td>132,709.73</td>
    <td></td>
  </tr>
  <tr>
    <td>东富龙智能装备制造（江苏）有限公司</td>
    <td>970,000,000.00</td>
    <td></td>
    <td></td>
    <td></td>
    <td></td>
    <td></td>
    <td>970,000,000.00</td>
    <td></td>
  </tr>
  <tr>
    <td>上海涵欧制药设备有限公司</td>
    <td>175,000,000.00</td>
    <td></td>
    <td></td>
    <td></td>
    <td></td>
    <td></td>
    <td>175,000,000.00</td>
    <td></td>
  </tr>
  <tr>
    <td>浙江东富龙生物技术有限公司</td>
    <td>1,005,000,000. 00</td>
    <td></td>
    <td></td>
    <td></td>
    <td></td>
    <td></td>
    <td>1,005,000,000.00</td>
    <td></td>
  </tr>
  <tr>
    <td>东富龙包装设备制造（江苏）有限公司</td>
    <td>14,000,000.00</td>
    <td></td>
    <td></td>
    <td></td>
    <td></td>
    <td></td>
    <td>14,000,000.00</td>
    <td></td>
  </tr>
  <tr>
    <td>江苏辉河包装机械有限公司</td>
    <td>66,860,000.00</td>
    <td></td>
    <td></td>
    <td></td>
    <td></td>
    <td></td>
    <td>66,860,000.00</td>
    <td></td>
  </tr>
  <tr>
    <td>四川东富龙药用包装材料有限公司</td>
    <td>93,208,771.40</td>
    <td></td>
    <td></td>
    <td></td>
    <td></td>
    <td></td>
    <td>93,208,771.40</td>
    <td></td>
  </tr>
  <tr>
    <td>东富龙（越南）有限公司</td>
    <td>6,967,366.57</td>
    <td></td>
    <td></td>
    <td></td>
    <td></td>
    <td></td>
    <td>6,967,366.57</td>
    <td></td>
  </tr>
  <tr>
    <td>东富龙（印尼）有限责任公司</td>
    <td>7,013,980.89</td>
    <td></td>
    <td></td>
    <td></td>
    <td></td>
    <td></td>
    <td>7,013,980.89</td>
    <td></td>
  </tr>
  <tr>
    <td>东富龙日本株式会社</td>
    <td>2,019,175.88</td>
    <td></td>
    <td></td>
    <td></td>
    <td></td>
    <td></td>
    <td>2,019,175.88</td>
    <td></td>
  </tr>
  <tr>
    <td>上海东富龙检测技术有限公司</td>
    <td>5,000,000.00</td>
    <td></td>
    <td></td>
    <td></td>
    <td></td>
    <td></td>
    <td>5,000,000.00</td>
    <td></td>
  </tr>
  <tr>
    <td>東富龍香港有限公司</td>
    <td>75,491,000.00</td>
    <td></td>
    <td></td>
    <td></td>
    <td></td>
    <td></td>
    <td>75,491,000.00</td>
    <td></td>
  </tr>
  <tr>
    <td>东富龙意达有限公司</td>
    <td>47,289,000.00</td>
    <td></td>
    <td></td>
    <td></td>
    <td></td>
    <td></td>
    <td>47,289,000.00</td>
    <td></td>
  </tr>
  <tr>
    <td>东富龙（德国）有限公司</td>
    <td>764,580.00</td>
    <td></td>
    <td></td>
    <td></td>
    <td></td>
    <td></td>
    <td>764,580.00</td>
    <td></td>
  </tr>
  <tr>
    <td>东富龙（迪拜）有限公司</td>
    <td>5,724,135.00</td>
    <td></td>
    <td></td>
    <td></td>
    <td></td>
    <td></td>
    <td>5,724,135.00</td>
    <td></td>
  </tr>
  <tr>
    <td>河南东富龙医用包装材料有限公司</td>
    <td>8,641,352.64</td>
    <td></td>
    <td></td>
    <td></td>
    <td></td>
    <td></td>
    <td>8,641,352.64</td>
    <td></td>
  </tr>
  <tr>
    <td>对子公司股份支付</td>
    <td>64,611,382.27</td>
    <td></td>
    <td></td>
    <td></td>
    <td></td>
    <td></td>
    <td>64,611,382.27</td>
    <td></td>
  </tr>
  <tr>
    <td>上海东富龙设备服务有限公司</td>
    <td></td>
    <td></td>
    <td>5,000,000.00</td>
    <td></td>
    <td></td>
    <td></td>
    <td>5,000,000.00</td>
    <td></td>
  </tr>
  <tr>
    <td>合计</td>
    <td>4,202,280,348. 88</td>
    <td></td>
    <td>5,000,000.00</td>
    <td></td>
    <td></td>
    <td></td>
    <td>4,207,280,348.88</td>
    <td></td>
  </tr>
</table>

> Note: merged cells detected, rendered as HTML table.
",2026-08-28,announcement,0.6554,东富龙:2026年半年度报告,https://m.wind.com.cn/mobwftweb/M/?code=5DFEC76CEA59&lan=zh&device=pc&terminaltype=COM.WINDRAG&version=26.5.0.39845&gateway=na#/NA/2D87DFE45A1FD01F16669E8ECC33BBC8
"本半年度报告摘要来自半年度报告全文，为全面了解本公司的经营成果、财务状况及未来发展规划，投资者应当到证监会指定媒体仔细阅读半年度报告全文。
所有董事均已出席了审议本报告的董事会会议。
非标准审计意见提示

---
董事会审议的报告期利润分配预案或公积金转增股本预案

---
公司经本次董事会审议通过的利润分配预案为：以公司总股本扣除回购专用证券账户中4,980,001股后的股本760,848,039股为基数，向全体股东每10股派发现金红利0.66元（含税），送红股0股（含税），不以公积金转增股本。
董事会决议通过的本报告期优先股利润分配预案

---
## 公司简介

<table id='2f2ca35e1a46fa38d92521d80b09ce0b' titleId='ec7afa0b-c72e-4eaa-ad55-e7187f2a0c5d'>
  <tr>
    <td>股票简称</td>
    <td>东富龙</td>
    <td>股票代码</td>
    <td>300171</td>
  </tr>
  <tr>
    <td>股票上市交易所</td>
    <td colspan=""3"">深圳证券交易所</td>
  </tr>
  <tr>
    <td>联系人和联系方式</td>
    <td>董事会秘书</td>
    <td colspan=""2"">证券事务代表</td>
  </tr>
  <tr>
    <td>姓名</td>
    <td>王艳</td>
    <td colspan=""2"">周厚仪</td>
  </tr>
  <tr>
    <td>电话</td>
    <td>021-64909699</td>
    <td colspan=""2"">021-64909699</td>
  </tr>
  <tr>
    <td>办公地址</td>
    <td>上海市闵行区都会路1509号</td>
    <td colspan=""2"">上海市闵行区都会路1509号</td>
  </tr>
  <tr>
    <td>电子信箱</td>
    <td>dfl@tofflon.com</td>
    <td colspan=""2"">dfl@tofflon.com</td>
  </tr>
</table>

> Note: merged cells detected, rendered as HTML table.

---
## 主要会计数据和财务指标

|  | 本报告期 | 上年同期 | 本报告期比上年同期增减 |
| :-- | :--: | :--: | --: |
| 营业收入（元） | 2,534,573,184.09 | 2,428,518,866.54 | 4.37% |
| 归属于上市公司股东的净利润（元） | 107,678,132.77 | 45,919,546.96 | 134.49% |
| 归属于上市公司股东的扣除非经常性损益的净利润（元） | 94,443,548.36 | 25,475,215.29 | 270.73% |
| 经营活动产生的现金流量净额（元） | 91,104,156.17 | 276,361,353.22 | -67.03% |
| 基本每股收益（元/股） | 0.1415 | 0.0604 | 134.27% |
| 稀释每股收益（元/股） | 0.1415 | 0.0604 | 134.27% |
| 加权平均净资产收益率 | 1.35% | 0.59% | 0.76% |
|  | 本报告期末 | 上年度末 | 本报告期末比上年度末增减 |
| 总资产（元） | 13,613,390,684.54 | 13,512,064,775.49 | 0.75% |
| 归属于上市公司股东的净资产（元） | 7,971,770,484.30 | 7,933,588,531.90 | 0.48% |

---
## 公司股东数量及持股情况

单位：股

<table id='644712a5fb5df3a406a4174ea57df8d5' titleId='df8c9bb0-cdfc-4079-b2f1-371f1b32317f' headId='2247d8d5-7674-49fe-ba2e-6ce934bb7aa5'>
  <tr>
    <td>报告期末普通股股东总数</td>
    <td colspan=""2"">29,299</td>
    <td colspan=""3"">报告期末表决权恢复的优先股股东总数</td>
    <td colspan=""2"">0</td>
    <td colspan=""2"">持有特别表决权股份的股东总数</td>
    <td>0</td>
  </tr>
  <tr>
    <td colspan=""11"">前10名股东持股情况（不含通过转融通出借股份）</td>
  </tr>
  <tr>
    <td colspan=""2"" rowspan=""2"">股东名称</td>
    <td colspan=""2"" rowspan=""2"">股东性质</td>
    <td rowspan=""2"">持股比例</td>
    <td colspan=""2"" rowspan=""2"">持股数量</td>
    <td colspan=""2"" rowspan=""2"">持有有限售条件的股份数量</td>
    <td colspan=""2"">质押、标记或冻结情况</td>
  </tr>
  <tr>
    <td>股份状态</td>
    <td>数量</td>
  </tr>
  <tr>
    <td colspan=""2"">郑效东</td>
    <td colspan=""2"">境内自 然人</td>
    <td>34.08%</td>
    <td colspan=""2"">260,959,008</td>
    <td colspan=""2"">195,719,256</td>
    <td>不适用</td>
    <td>0</td>
  </tr>
  <tr>
    <td colspan=""2"">郑可青</td>
    <td colspan=""2"">境内自 然人</td>
    <td>16.41%</td>
    <td colspan=""2"">125,667,408</td>
    <td colspan=""2"">0</td>
    <td>不适用</td>
    <td>0</td>
  </tr>
  <tr>
    <td colspan=""2"">上海生物医药产业股权投资基金合伙企业（有限合伙）</td>
    <td colspan=""2"">境内非国有法 人</td>
    <td>3.17%</td>
    <td colspan=""2"">24,307,243</td>
    <td colspan=""2"">0</td>
    <td>不适用</td>
    <td>0</td>
  </tr>
  <tr>
    <td colspan=""2"">国投招商投资管理有限公司－先进制造产业投资基金二期（有</td>
    <td colspan=""2"">其他</td>
    <td>3.17%</td>
    <td colspan=""2"">24,307,243</td>
    <td colspan=""2"">0</td>
    <td>不适用</td>
    <td>0</td>
  </tr>
  <tr>
    <td colspan=""2"">限合伙）</td>
    <td colspan=""2""></td>
    <td></td>
    <td colspan=""2""></td>
    <td colspan=""2""></td>
    <td></td>
    <td></td>
  </tr>
  <tr>
    <td colspan=""2"">上海君和立成投资管理中心（有限合伙）－宁波君和同馨股权投资合伙企业（有限合伙）</td>
    <td colspan=""2"">其他</td>
    <td>1.90%</td>
    <td colspan=""2"">14,584,346</td>
    <td colspan=""2"">0</td>
    <td>不适用</td>
    <td>0</td>
  </tr>
  <tr>
    <td colspan=""2"">香港中央结算有限公司</td>
    <td colspan=""2"">境外法人</td>
    <td>1.34%</td>
    <td colspan=""2"">10,296,935</td>
    <td colspan=""2"">0</td>
    <td>不适用</td>
    <td>0</td>
  </tr>
  <tr>
    <td colspan=""2"">粤开资本投资有限公司－广州粤凯医健股权投资合伙企业（有限合伙）</td>
    <td colspan=""2"">其他</td>
    <td>1.27%</td>
    <td colspan=""2"">9,722,897</td>
    <td colspan=""2"">0</td>
    <td>不适用</td>
    <td>0</td>
  </tr>
  <tr>
    <td colspan=""2"">郑效友</td>
    <td colspan=""2"">境内自然人</td>
    <td>0.97%</td>
    <td colspan=""2"">7,462,392</td>
    <td colspan=""2"">7,462,392</td>
    <td>不适用</td>
    <td>0</td>
  </tr>
  <tr>
    <td colspan=""2"">诺德基金－上海国鑫投资发展有限公司－诺德基金浦江890号单一资产管理计划</td>
    <td colspan=""2"">其他</td>
    <td>0.63%</td>
    <td colspan=""2"">4,812,834</td>
    <td colspan=""2"">0</td>
    <td>不适用</td>
    <td>0</td>
  </tr>
  <tr>
    <td colspan=""2"">深圳市运丰私募证券基金管理有限公司－运丰启胜私募证券投资基金</td>
    <td colspan=""2"">其他</td>
    <td>0.59%</td>
    <td colspan=""2"">4,500,000</td>
    <td colspan=""2"">0</td>
    <td>不适用</td>
    <td>0</td>
  </tr>
  <tr>
    <td colspan=""11"">前10名股东中，郑效东先生与郑可青女士为父女关系，系一上述股东关联关系或一致致行动人；郑效东先生与郑效友先生为兄弟关系。其他股东之行动的说明间，未知是否存在关联关系，也未知是否属于一致行动人。</td>
  </tr>
  <tr>
    <td colspan=""11"">前10名普通股股东参与融不适用。资融券业务股东情况说明</td>
  </tr>
</table>

> Note: merged cells detected, rendered as HTML table.

---
控股股东报告期内变更

---
实际控制人报告期内变更

---
公司报告期实际控制人未发生变更。
",2026-08-28,announcement,0.4802,东富龙:2026年半年度报告摘要,https://m.wind.com.cn/mobwftweb/M/?code=FA95D64E25E5&lan=zh&device=pc&terminaltype=COM.WINDRAG&version=26.5.0.39845&gateway=na#/NA/06A051269406B4050514A32AE22400E1
